id,species,blockdate,formula,totalsubstrate,totalharvest,harvestcount,spawn,spawncode,harvest ,comment,flies,sale synallois,fruit,fungus flies,stored,spent,contaminated,compost,Age,BE,lastharvest,lastharvestdate,harvest1,harvest1date
G120,,,,,1189,4,,,,,,,,,,,,,,,196,15/3/24,439,1/1/24,282,31/1/24,272,24/2/24,196,15/3/24
G82,,,,,146,5,,,,,,,,,,,,,,,25,5/4/24,51,1/1/24,26,21/1/24,26,22/2/24,18,15/3/24,25,5/4/24
F16,,,,,621,2,,,,,,,,,,,,,,,268,3/2/24,353,1/1/24,268,3/2/24
G57,,,,,58,2,,,,,,,,,,,,,,,30,18/1/24,28,1/1/24,30,18/1/24
F86,,,,,1032,5,,,,,,,,,,,,,,,97,18/3/24,486,1/1/24,110,28/1/24,139,22/2/24,200,2/3/24,97,18/3/24
F29,,,,,709,5,,,,,,,,,,,,,,,80,14/4/24,262,1/1/24,120,25/1/24,51,25/2/24,196,15/3/24,80,14/4/24
F31,,,,,764,4,,,,,,,,,,,,,,,108,31/3/24,346,1/1/24,78,6/2/24,232,25/2/24,108,31/3/24
F38,,,,,1068,4,,,,,,,,,,,,,,,133,22/3/24,518,1/1/24,267,31/1/24,150,27/2/24,133,22/3/24
G81,,,,,289,5,,,,,,,,,,,,,,,63,8/4/24,81,1/1/24,45,18/1/24,84,27/2/24,16,21/3/24,63,8/4/24
G12,,,,,698,5,,,,,,,,,,,,,,,119,27/4/24,256,1/1/24,63,23/2/24,150,28/3/24,110,15/4/24,119,27/4/24
B86,,,,,22,1,,,,,,,,,,,,,,,22,1/1/24,22,1/1/24
C178,,,,,199,3,,,,,,,,,,,,,,,68,20/2/24,33,1/1/24,98,5/2/24,68,20/2/24
G71,,,,,758,4,,,,,,,,,,,,,,,151,23/3/24,256,2/1/24,164,21/1/24,187,15/2/24,151,23/3/24
G97,,,,,769,5,,,,,,,,,,,,,,,60,20/5/24,207,2/1/24,119,28/1/24,183,12/2/24,200,23/3/24,60,20/5/24
F88,,,,,799,5,,,,,,,,,,,,,,,114,3/4/24,25,2/1/24,383,26/1/24,178,23/2/24,99,10/3/24,114,3/4/24
F67,,,,,999,3,,,,,,,,,,,,,,,226,23/2/24,737,2/1/24,36,3/2/24,226,23/2/24
F110,,,,,1327,5,,,,,,,,,,,,,,,111,2/4/24,667,2/1/24,359,21/1/24,152,25/2/24,38,18/3/24,111,2/4/24
F128,,,,,606,9,,,,,,,,,,,,,,,28,21/5/24,174,2/1/24,57,18/1/24,67,11/2/24,79,29/2/24,41,15/3/24,53,30/3/24,67,13/4/24,40,27/4/24,28,21/5/24
G90,,,,,1229,3,,,,,,,,,,,,,,,340,17/3/24,578,2/1/24,311,29/1/24,340,17/3/24
F126,,,,,327,4,,,,,,,,,,,,,,,9,7/3/24,155,2/1/24,147,16/1/24,16,10/2/24,9,7/3/24
F91,,,,,782,4,,,,,,,,,,,,,,,280,17/3/24,112,2/1/24,84,5/2/24,306,27/2/24,280,17/3/24
F120,,,,,553,5,,,,,,,,,,,,,,,3,22/5/24,306,3/1/24,148,1/3/24,63,22/3/24,33,21/4/24,3,22/5/24
G99,,,,,485,3,,,,,,,,,,,,,,,223,28/2/24,140,3/1/24,122,25/1/24,223,28/2/24
G61,,,,,1795,5,,,,,,,,,,,,,,,106,25/3/24,1139,3/1/24,141,6/2/24,217,25/2/24,192,12/3/24,106,25/3/24
F8,,,,,1124,2,,,,,,,,,,,,,,,78,11/2/24,1046,3/1/24,78,11/2/24
F83,,,,,875,4,,,,,,,,,,,,,,,120,22/3/24,504,3/1/24,142,7/2/24,109,2/3/24,120,22/3/24
F32,,,,,945,5,,,,,,,,,,,,,,,128,13/4/24,377,3/1/24,147,28/1/24,169,15/2/24,124,4/3/24,128,13/4/24
G72,,,,,634,4,,,,,,,,,,,,,,,108,7/4/24,182,3/1/24,314,13/2/24,30,2/3/24,108,7/4/24
C183,,,,,392,2,,,,,,,,,,,,,,,184,11/2/24,208,3/1/24,184,11/2/24
F123,,,,,514,7,,,,,,,,,,,,,,,62,16/5/24,154,3/1/24,66,18/1/24,70,27/2/24,63,12/3/24,52,1/4/24,47,20/4/24,62,16/5/24
F127,,,,,606,10,,,,,,,,,,,,,,,57,13/7/24,121,3/1/24,44,18/1/24,40,11/2/24,44,27/2/24,64,14/3/24,61,30/3/24,57,15/4/24,42,5/5/24,76,27/5/24,57,13/7/24
F119,,,,,607,4,,,,,,,,,,,,,,,40,17/3/24,367,5/1/24,93,6/2/24,107,27/2/24,40,17/3/24
G109,,,,,883,4,,,,,,,,,,,,,,,154,28/3/24,397,5/1/24,212,30/1/24,120,1/3/24,154,28/3/24
G60,,,,,1717,4,,,,,,,,,,,,,,,95,1/4/24,1231,5/1/24,76,15/2/24,315,27/2/24,95,1/4/24
G94,,,,,898,3,,,,,,,,,,,,,,,272,19/3/24,441,5/1/24,185,21/1/24,272,19/3/24
F13,,,,,773,3,,,,,,,,,,,,,,,142,2/4/24,411,5/1/24,220,1/2/24,142,2/4/24
F10,,,,,709,2,,,,,,,,,,,,,,,223,12/2/24,486,5/1/24,223,12/2/24
F153,,,,,766,3,,,,,,,,,,,,,,,158,22/3/24,278,5/1/24,330,1/3/24,158,22/3/24
G89,,,,,1465,5,,,,,,,,,,,,,,,193,22/5/24,537,5/1/24,282,10/2/24,364,15/3/24,89,31/3/24,193,22/5/24
F241,FVn,5/1/24,Beechx6 2600h2o,,450,3,1/8,#V3-BAA,,,,,,,,,,,856,,30,16/4/24,240,14/3/24,180,22/3/24,30,16/4/24
F242,FVn,5/1/24,Beechx6 2600h2o,,490,4,1/8,#V3-BAA,,,,,,,,,,,856,,12,4/5/24,341,14/3/24,110,30/3/24,27,18/4/24,12,4/5/24
F243,FVn,5/1/24,Pcx6,1580,723,2,1/8,#V3-BAA,,,,,,,,,,,856,46%,240,15/3/24,483,25/2/24,240,15/3/24
F244,FVn,5/1/24,Pcx6,1580,727,3,1/8,#V3-BAA,,,,,,,,,,,856,46%,83,30/4/24,524,10/3/24,120,27/3/24,83,30/4/24
F245,FVn,5/1/24,Pcx6,1580,812,3,1/8,#V3-BAA,,,,,,,,,,,856,51%,45,12/5/24,509,25/2/24,258,11/3/24,45,12/5/24
F246,FVn,5/1/24,Pcx6,1580,843,4,1/8,#V3-BAA,,,,,,,,,,,856,53%,39,7/5/24,508,9/3/24,211,30/3/24,85,20/4/24,39,7/5/24
F247,FVn,5/1/24,Pcx6,1580,1231,4,1/8,#V3-BAA,,,,,,,,,,,856,78%,12,10/5/24,757,7/3/24,378,16/3/24,84,26/4/24,12,10/5/24
F248,FVn,5/1/24,Ppx5.5,1450,783,3,1/8,#V3-BAA,,,,,,,,,,,856,54%,52,26/4/24,622,16/3/24,109,9/4/24,52,26/4/24
F249,POm,5/1/24,Ppx5.5,1450,1172,4,1/8,#G2AA-CB,,,,,,,,,,,856,81%,51,7/7/24,703,26/4/24,295,13/5/24,123,5/6/24,51,7/7/24
F250,POm,5/1/24,Ppx5.5,1450,952,3,1/8,#G2AA-CB,,,,,,,,,,,856,66%,202,19/5/24,567,2/4/24,183,21/4/24,202,19/5/24
F251,POm,5/1/24,Ppx5.5,1450,806,2,1/8,#G2AA-CB,,,,,,,,,,,856,56%,125,26/5/24,681,21/3/24,125,26/5/24
F252,POm,5/1/24,Ppx5.5,1450,975,3,1/8,#G2AA-CB,,,,,,,,,,,856,67%,115,19/4/24,764,22/3/24,96,7/4/24,115,19/4/24
F253,POm,5/1/24,Ppx5.5,1450,1568,3,1/8,#G2AA-CB,,,,,,,,,,,856,108%,171,4/5/24,803,17/2/24,594,15/4/24,171,4/5/24
F254,POm,5/1/24,Pp+Pc100x5.5,,67,1,1/8,#G2AA-CB,,,,,,,,,,,856,,67,21/3/24,67,21/3/24
F255,POm,5/1/24,Beechx6 2600h2o,,847,3,1/8,#G2AA-CB,,,,,,,,,,,856,,215,14/5/24,406,31/3/24,226,20/4/24,215,14/5/24
F256,POm,5/1/24,Beechx6 2600h2o,,870,3,1/8,#G2AA-CB,,,,,,,,,,,856,,167,2/5/24,416,10/3/24,287,1/4/24,167,2/5/24
F257,HEg,5/1/24,Beechx6 2600h2o,,548,4,1/8,#KBDC-AA,,,,,,,,,,,856,,53,5/4/24,298,2/3/24,31,15/3/24,166,25/3/24,53,5/4/24
F258,HEg,5/1/24,Beechx6 2600h2o,,757,4,1/8,#KBDC-AA,,,,,,,,,,,856,,44,11/5/24,227,2/3/24,42,22/3/24,444,11/4/24,44,11/5/24
F259,HEg,5/1/24,Pcx6,1580,1229,6,1/8,#KBDC-AA,,,,,,,,,,,856,78%,130,25/5/24,394,1/3/24,303,19/3/24,151,3/4/24,100,16/4/24,151,4/5/24,130,25/5/24
F260,HEg,5/1/24,Ppx5.5,1450,432,4,1/8,#KBDC-AA,,,,,,,,,,,856,30%,26,19/4/24,195,8/3/24,129,19/3/24,82,3/4/24,26,19/4/24
F261,HEg,5/1/24,Ppx5.5,1450,46,1,1/8,#KBDC-AA,,,,,,,,,,,856,3%,46,21/3/24,46,21/3/24
F262,HEg,5/1/24,Ppx5.5,1450,429,5,1/8,#KBDC-AA,,,,,,,,,,,856,30%,19,26/4/24,273,24/2/24,77,8/3/24,26,26/3/24,34,8/4/24,19,26/4/24
F263,HEg,5/1/24,Ppx5.5,1450,333,3,1/8,#KBDC-AA,,,,,,,,,,,856,23%,102,29/3/24,195,4/3/24,36,16/3/24,102,29/3/24
F264,LE3790,26/1/24,Beechx6 2600h2o,,442,3,1/8,#A2B-AAB,,,,,,,,,,,835,,21,19/11/24,60,3/4/24,361,29/10/24,21,19/11/24
G80,,,,,639,7,,,,,,,,,,,,,,,19,18/4/24,180,5/1/24,93,18/1/24,218,8/2/24,57,25/2/24,48,12/3/24,24,31/3/24,19,18/4/24
G125,,,,,679,2,,,,,,,,,,,,,,,273,6/2/24,406,6/1/24,273,6/2/24
F19,,,,,980,5,,,,,,,,,,,,,,,68,3/4/24,409,6/1/24,290,5/2/24,100,25/2/24,113,14/3/24,68,3/4/24
G119,,,,,939,4,,,,,,,,,,,,,,,75,23/3/24,522,6/1/24,249,10/2/24,93,4/3/24,75,23/3/24
F5,,,,,375,2,,,,,,,,,,,,,,,156,15/2/24,219,6/1/24,156,15/2/24
G39,,,,,604,5,,,,,,,,,,,,,,,101,23/4/24,186,6/1/24,24,23/2/24,91,25/3/24,202,11/4/24,101,23/4/24
F73,,,,,1023,3,,,,,,,,,,,,,,,358,1/4/24,468,6/1/24,197,3/3/24,358,1/4/24
F50,,,,,787,6,,,,,,,,,,,,,,,26,22/4/24,470,6/1/24,53,18/2/24,84,8/3/24,46,29/3/24,108,7/4/24,26,22/4/24
G118,,,,,1566,5,,,,,,,,,,,,,,,138,31/3/24,622,6/1/24,373,1/2/24,235,25/2/24,198,11/3/24,138,31/3/24
G168,,,,,1147,8,,,,,,,,,,,,,,,95,12/5/24,599,6/1/24,119,18/1/24,27,25/2/24,99,8/3/24,61,22/3/24,69,6/4/24,78,22/4/24,95,12/5/24
F125,,,,,605,9,,,,,,,,,,,,,,,16,1/7/24,223,6/1/24,65,18/1/24,56,18/2/24,63,5/3/24,35,23/3/24,59,8/4/24,30,27/4/24,58,16/5/24,16,1/7/24
G59,,,,,222,6,,,,,,,,,,,,,,,23,4/5/24,42,6/1/24,32,21/1/24,58,15/2/24,29,8/3/24,38,27/3/24,23,4/5/24
G51,,,,,11,1,,,,,,,,,,,,,,,11,6/1/24,11,6/1/24
G54,,,,,72,3,,,,,,,,,,,,,,,20,21/3/24,23,6/1/24,29,25/2/24,20,21/3/24
G84,,,,,371,8,,,,,,,,,,,,,,,50,16/5/24,26,6/1/24,40,28/1/24,67,22/2/24,51,9/3/24,40,25/3/24,54,12/4/24,43,30/4/24,50,16/5/24
F61,,,,,531,7,,,,,,,,,,,,,,,63,1/7/24,82,6/1/24,58,25/1/24,118,22/2/24,72,10/3/24,39,29/3/24,99,19/4/24,63,1/7/24
F58,,,,,375,6,,,,,,,,,,,,,,,82,4/5/24,70,6/1/24,16,25/1/24,88,22/2/24,52,15/3/24,67,5/4/24,82,4/5/24
G100,,,,,881,3,,,,,,,,,,,,,,,173,2/3/24,353,6/1/24,355,28/1/24,173,2/3/24
F105,,,,,676,3,,,,,,,,,,,,,,,227,11/3/24,319,6/1/24,130,6/2/24,227,11/3/24
F111,,,,,877,4,,,,,,,,,,,,,,,179,7/4/24,326,6/1/24,194,29/1/24,178,28/2/24,179,7/4/24
G93,,,,,1500,4,,,,,,,,,,,,,,,316,18/5/24,660,6/1/24,325,25/1/24,199,27/2/24,316,18/5/24
G88,,,,,866,3,,,,,,,,,,,,,,,46,4/3/24,517,6/1/24,303,21/1/24,46,4/3/24
G91,,,,,832,4,,,,,,,,,,,,,,,195,23/4/24,183,6/1/24,240,3/2/24,214,28/2/24,195,23/4/24
G66,,,,,1853,4,,,,,,,,,,,,,,,310,7/3/24,1057,6/1/24,305,29/1/24,181,18/2/24,310,7/3/24
G63,,,,,1703,4,,,,,,,,,,,,,,,278,9/3/24,950,6/1/24,316,2/2/24,159,22/2/24,278,9/3/24
G67,,,,,1914,5,,,,,,,,,,,,,,,260,22/3/24,830,6/1/24,289,3/2/24,215,25/2/24,320,8/3/24,260,22/3/24
F98,,,,,1372,4,,,,,,,,,,,,,,,62,20/4/24,959,7/1/24,187,24/2/24,164,14/3/24,62,20/4/24
F106,,,,,744,4,,,,,,,,,,,,,,,133,10/5/24,214,7/1/24,231,10/3/24,166,12/4/24,133,10/5/24
G38,,,,,548,4,,,,,,,,,,,,,,,152,24/4/24,183,7/1/24,82,23/3/24,131,8/4/24,152,24/4/24
G95,,,,,918,5,,,,,,,,,,,,,,,67,7/5/24,270,7/1/24,149,7/2/24,159,10/3/24,273,27/3/24,67,7/5/24
F89,,,,,1087,3,,,,,,,,,,,,,,,297,29/3/24,206,7/1/24,584,7/3/24,297,29/3/24
G56,,,,,37,2,,,,,,,,,,,,,,,11,30/1/24,26,7/1/24,11,30/1/24
G69,,,,,916,3,,,,,,,,,,,,,,,197,18/3/24,396,7/1/24,323,8/2/24,197,18/3/24
F75,,,,,782,4,,,,,,,,,,,,,,,42,20/4/24,575,7/1/24,55,23/3/24,110,5/4/24,42,20/4/24
F1,,,,,479,2,,,,,,,,,,,,,,,419,21/1/24,60,7/1/24,419,21/1/24
G23,,,,,40,1,,,,,,,,,,,,,,,40,7/1/24,40,7/1/24
F45,,,,,631,7,,,,,,,,,,,,,,,134,13/4/24,24,7/1/24,26,29/1/24,139,15/2/24,120,4/3/24,70,25/3/24,118,5/4/24,134,13/4/24
F87,,,,,587,5,,,,,,,,,,,,,,,45,31/3/24,268,7/1/24,93,11/2/24,76,2/3/24,105,11/3/24,45,31/3/24
F160,,,,,1340,7,,,,,,,,,,,,,,,61,28/5/24,312,7/1/24,358,10/2/24,265,4/3/24,176,27/3/24,76,14/4/24,92,8/5/24,61,28/5/24
F6,,,,,615,2,,,,,,,,,,,,,,,171,13/2/24,444,8/1/24,171,13/2/24
G65,,,,,1743,5,,,,,,,,,,,,,,,185,3/4/24,1176,8/1/24,86,10/2/24,128,2/3/24,168,16/3/24,185,3/4/24
F85,,,,,828,4,,,,,,,,,,,,,,,82,27/3/24,438,8/1/24,149,10/2/24,159,2/3/24,82,27/3/24
F36,,,,,710,2,,,,,,,,,,,,,,,270,11/2/24,440,8/1/24,270,11/2/24
F144,,,,,1198,4,,,,,,,,,,,,,,,125,3/4/24,736,8/1/24,244,30/1/24,93,9/3/24,125,3/4/24
G227,PAb,19/12/23,Pn2x6,1580,1175,2,1/9,#LAA-EBC,,,,,,,,,,,1238,74%,191,28/5/24,984,7/5/24,191,28/5/24
G228,PAb,19/12/23,Pn2x6,1580,,,1/9,#LAA-EBC,,,,,,,,,,,1238
G229,PAb,19/12/23,Pn2x6,1580,1339,2,1/9,#LAA-EBC,,,,,,,,,,,1238,85%,829,2/4/24,510,15/3/24,829,2/4/24
G230,PAb,19/12/23,Pn2x6,1580,,,1/9,#LAA-EBC,,,,,,,,,,,1238
G231,PAb,19/12/23,Pn2x6,1580,1363,2,1/9,#LAA-EBC,,,,,,,,,,,1238,86%,839,18/3/24,524,25/2/24,839,18/3/24
G232,PAb,19/12/23,Pn2x6,1580,1768,3,1/9,#LAA-EBC,,,,,,,,,,,1238,112%,500,26/4/24,165,5/3/24,1103,25/3/24,500,26/4/24
G233,PAb,19/12/23,Pn2x6,1580,1581,2,1/9,#LAA-EBC,,,,,,,,,,,1238,100%,386,5/4/24,1195,10/3/24,386,5/4/24
G234,PAb,19/12/23,Pn2x6,1580,,,1/9,#LAA-EBC,,,,,,,,,,,1238
G235,PAb,19/12/23,Pn2x6,1580,73,1,1/9,#LAA-EBC,,,,,,,,,,,1238,5%,73,29/4/24,73,29/4/24
G236,POm,19/12/23,Pn2x5.5,,1949,6,1/8,#G2AA-CC,,,,,,,,,,,1238,,209,20/4/24,838,10/2/24,264,28/2/24,325,15/3/24,109,23/3/24,204,31/3/24,209,20/4/24
G237,POm,19/12/23,Pn2x5.5,,1725,3,1/8,#G2AA-CC,,,,,,,,,,,1238,,289,21/3/24,1079,29/1/24,357,24/2/24,289,21/3/24
G238,POm,19/12/23,Pn2x5.5,,1585,2,1/8,#G2AA-CC,,,,,,,,,,,1238,,404,25/3/24,1181,11/2/24,404,25/3/24
G239,POm,19/12/23,Pn2x5.5,,1748,4,1/8,#G2AA-CC,,,,,,,,,,,1238,,383,3/4/24,928,6/2/24,315,25/2/24,122,15/3/24,383,3/4/24
G240,POm,19/12/23,Pn2x5.5,,1854,5,1/8,#G2AA-CC,,,,,,,,,,,1238,,101,18/5/24,943,28/1/24,391,20/2/24,312,18/3/24,107,22/4/24,101,18/5/24
G241,POm,19/12/23,Pn2x5.5,,1512,3,1/8,#G2AA-CC,,,,,,,,,,,1238,,304,21/3/24,908,10/2/24,300,2/3/24,304,21/3/24
G242,POm,19/12/23,Pn2x5.5,,1674,5,1/8,#G2AA-CC,,,,,,,,,,,1238,,137,8/5/24,827,28/1/24,330,23/2/24,189,15/3/24,191,3/4/24,137,8/5/24
G243,POm,19/12/23,Pn2x5.5,,,,1/8,#G2AA-CC,,,,,,,,,,,1238
G244,PEtun,19/12/23,Pn2x5.5,,1581,3,1/8,#I2BBAAA,,,,,,,,,,,1238,,170,24/4/24,933,18/2/24,478,11/3/24,170,24/4/24
G245,PEtun,19/12/23,Pn2x5.5,,,,1/8,#I2BBAAA,,,,,,,,,,,1238
G246,PEtun,19/12/23,Pn2x5.5,,,,1/8,#I2BBAAA,,,,,,,,,,,1238
G247,PEtun,19/12/23,Pn2x5.5,,,,1/8,#I2BBAAA,,,,,,,,,,,1238
G248,PEtun,19/12/23,Pn2x5.5,,1142,3,1/8,#I2BBAAA,,,,,,,,,,,1238,,241,25/3/24,536,1/2/24,365,1/3/24,241,25/3/24
G249,PEtun,19/12/23,Pn2x5.5,,1105,2,1/8,#I2BBAAA,,,,,,,,,,,1238,,392,19/3/24,713,28/2/24,392,19/3/24
G250,PEtun,19/12/23,Pn2x5.5,,1479,4,1/8,#I2BBAAA,,,,,,,,,,,1238,,135,2/5/24,576,26/1/24,590,22/2/24,178,14/3/24,135,2/5/24
G251,PEtun,19/12/23,Pn2x5.5,,1104,2,1/8,#I2BBAAA,,,,,,,,,,,1238,,860,28/2/24,244,8/2/24,860,28/2/24
G252,PAb,22/12/23,Pn2x6,1580,,,1/9,#LAA-EBA,,,,,,,,,,,1235
G253,PAb,22/12/23,Pn2x6,1580,,,1/9,#LAA-EBA,,,,,,,,,,,1235
G254,PAb,22/12/23,Pn2x6,1580,1534,2,1/9,#LAA-EBA,,,,,,,,,,,1235,97%,31,16/6/24,1503,19/5/24,31,16/6/24
G255,PAb,22/12/23,Pn2x6,1580,925,2,1/9,#LAA-EBA,,,,,,,,,,,1235,59%,432,27/5/24,493,2/5/24,432,27/5/24
G256,PAb,22/12/23,Pn2x6,1580,1471,2,1/9,#LAA-EBA,,,,,,,,,,,1235,93%,794,29/5/24,677,4/5/24,794,29/5/24
G257,PAb,22/12/23,Pn2x6,1580,1210,3,1/9,#LAA-EBA,,,,,,,,,,,1235,77%,94,16/5/24,877,29/3/24,239,25/4/24,94,16/5/24
G258,PAb,22/12/23,Pn2x6,1580,876,1,1/9,#LAA-EBA,,,,,,,,,,,1235,55%,876,25/5/24,876,25/5/24
G259,PAb,22/12/23,Pn2x6,1580,,,1/9,#LAA-EBA,,,,,,,,,,,1235
G260,PAb,22/12/23,Pn2x7,,1781,3,1/9,#LAA-EBA,,,,,,,,,,,1235,,53,11/5/24,908,10/3/24,820,3/4/24,53,11/5/24
G261,PEtun,22/12/23,Pn2x6,1580,1257,2,1/8,#I2BBAAB,,,,,,,,,,,1235,80%,335,9/3/24,922,18/2/24,335,9/3/24
G262,PEtun,22/12/23,Pn2x6,1580,,,1/8,#I2BBAAB,,,,,,,,,,,1235
G263,PEtun,22/12/23,Pn2x6,1580,1534,2,1/8,#I2BBAAB,,,,,,,,,,,1235,97%,417,26/4/24,1117,3/3/24,417,26/4/24
G264,PEtun,22/12/23,Pn2x6,1580,529,2,1/8,#I2BBAAB,,,,,,,,,,,1235,33%,289,23/4/24,240,11/3/24,289,23/4/24
G265,PEtun,22/12/23,Pn2x6,1580,1785,3,1/8,#I2BBAAB,,,,,,,,,,,1235,113%,338,2/5/24,1112,23/2/24,335,15/3/24,338,2/5/24
G266,PEtun,22/12/23,Pn2x6,1580,,,1/8,#I2BBAAB,,,,,,,,,,,1235
G267,PEtun,22/12/23,Pn2x6,1580,70,1,1/8,#I2BBAAB,,,,,,,,,,,1235,4%,70,19/4/24,70,19/4/24
G268,PEtun,22/12/23,Pn2x6,1580,1489,2,1/8,#I2BBAAB,,,,,,,,,,,1235,94%,330,28/3/24,1159,4/3/24,330,28/3/24
G269,PAb,23/12/23,Pn2x6,1580,1761,2,1/8,#LAA-EBB,,,,,,,,,,,1234,111%,713,18/5/24,1048,15/4/24,713,18/5/24
G270,PAb,23/12/23,Pn2x6,1580,1681,1,1/8,#LAA-EBB,,,,,,,,,,,1234,106%,1681,29/5/24,1681,29/5/24
G271,PAb,23/12/23,Pn2x6,1580,,,1/8,#LAA-EBB,,,,,,,,,,,1234
G272,PAb,23/12/23,Pn2x6,1580,967,1,1/8,#LAA-EBB,,,,,,,,,,,1234,61%,967,10/6/24,967,10/6/24
G273,PAb,23/12/23,Pn2x6,1580,956,1,1/8,#LAA-EBB,,,,,,,,,,,1234,61%,956,26/5/24,956,26/5/24
G274,PAb,23/12/23,Pn2x6,1580,,,1/8,#LAA-EBB,,,,,,,,,,,1234
G275,PAb,23/12/23,Pn2x6,1580,1574,2,1/8,#LAA-EBB,,,,,,,,,,,1234,100%,306,11/5/24,1268,17/4/24,306,11/5/24
G277,PEtun,2/1/24,Pn2x6,1580,1116,1,1/8,#I2BBABA,,,,,,,,,,,859,71%,1116,5/3/24,1116,5/3/24
G278,PEtun,2/1/24,Pn2x6,1580,,,1/8,#I2BBABA,,,,,,,,,,,859
G279,PEtun,2/1/24,Pn2x6,1580,1552,2,1/8,#I2BBABA,,,,,,,,,,,859,98%,390,10/5/24,1162,30/3/24,390,10/5/24
G280,PEtun,2/1/24,Pn2x6,1580,1102,1,1/8,#I2BBABA,,,,,,,,,,,859,70%,1102,5/3/24,1102,5/3/24
G281,PEtun,2/1/24,Pn2x6,1580,1296,2,1/8,#I2BBABA,,,,,,,,,,,859,82%,1171,10/3/24,125,20/2/24,1171,10/3/24
G282,PEtun,2/1/24,Pn2x6,1580,1798,2,1/8,#I2BBABA,,,,,,,,,,,859,114%,714,26/4/24,1084,28/2/24,714,26/4/24
G283,PEtun,2/1/24,Pn2x6,1580,1263,2,1/8,#I2BBABA,,,,,,,,,,,859,80%,343,31/3/24,920,3/3/24,343,31/3/24
G284,PEtun,2/1/24,Pn2x6,1580,,,1/8,#I2BBABA,,,,,,,,,,,859
G285,HEg,2/1/24,Pn2x6,1580,1781,8,1/8,#KBDC-ACB,,,,,,,,,,,859,113%,158,15/7/24,518,9/3/24,93,21/3/24,206,5/4/24,85,16/4/24,208,29/4/24,296,16/5/24,217,31/5/24,158,15/7/24
G286,HEg,2/1/24,Pn2x6,1580,1237,7,1/8,#KBDC-ACB,,,,,,,,,,,859,78%,58,6/8/24,347,10/3/24,375,23/3/24,118,15/4/24,111,27/4/24,151,12/5/24,77,26/5/24,58,6/8/24
G287,HEg,2/1/24,Pn2x6,1580,,,1/8,#KBDC-ACB,,,,,,,,,,,859
G288,HEg,2/1/24,Pn2x6,1580,,,1/8,#KBDC-ACB,,,,,,,,,,,859
G289,HEg,2/1/24,Pn2x6,1580,1275,7,1/8,#KBDC-ACB,,,,,,,,,,,859,81%,227,13/6/24,165,3/3/24,395,15/3/24,78,29/3/24,175,8/4/24,139,23/4/24,96,11/5/24,227,13/6/24
G290,HEg,2/1/24,Pn2x6,1580,1431,6,1/8,#KBDC-ACB,,,,,,,,,,,859,91%,219,7/5/24,523,1/3/24,220,15/3/24,104,29/3/24,275,12/4/24,90,26/4/24,219,7/5/24
G291,HEg,2/1/24,Pn2x6,1580,1572,6,1/8,#KBDC-ACB,,,,,,,,,,,859,99%,210,10/6/24,808,3/3/24,141,3/4/24,201,15/4/24,151,29/4/24,61,18/5/24,210,10/6/24
G292,HEg,2/1/24,Pn2x6,1580,1765,7,1/8,#KBDC-ACB,,,,,,,,,,,859,112%,88,7/7/24,675,27/2/24,227,13/3/24,206,2/4/24,197,16/4/24,134,5/5/24,238,27/5/24,88,7/7/24
G293,PTc,8/1/24,Pn2x6,1580,1010,2,1/9,#FABA-BAA,,,,,,,,,,,853,64%,329,3/4/24,681,23/2/24,329,3/4/24
G294,PTc,8/1/24,Pn2x6,1580,305,2,1/9,#FABA-BAA,,,,,,,,,,,853,19%,77,22/3/24,228,15/2/24,77,22/3/24
G295,PTc,8/1/24,Pn2x6,1580,536,1,1/9,#FABA-BAA,,,,,,,,,,,853,34%,536,15/3/24,536,15/3/24
G296,PTc,8/1/24,Pn2x6,1580,1089,3,1/9,#FABA-BAA,,,,,,,,,,,853,69%,31,22/5/24,1015,15/3/24,43,23/3/24,31,22/5/24
G297,PTc,8/1/24,Pn2x6,1580,,,1/9,#FABA-BAA,,,,,,,,,,,853
G298,PTc,8/1/24,Pn2x6,1580,313,1,1/9,#FABA-BAA,,,,,,,,,,,853,20%,313,5/4/24,313,5/4/24
G299,PTc,8/1/24,Pn2x6,1580,156,1,1/9,#FABA-BAA,,,,,,,,,,,853,10%,156,18/5/24,156,18/5/24
G300,PTc,8/1/24,Pn2x6,1580,1060,1,1/9,#FABA-BAA,,,,,,,,,,,853,67%,1060,11/3/24,1060,11/3/24
G301,PTc,8/1/24,Pn2x6,1580,78,1,1/9,#FABA-BAA,,,,,,,,,,,853,5%,78,12/5/24,78,12/5/24
G10,,,,,49,1,,,,,,,,,,,,,,,49,9/1/24,49,9/1/24
G106,,,,,1247,4,,,,,,,,,,,,,,,200,26/3/24,516,9/1/24,413,3/2/24,118,22/2/24,200,26/3/24
G180,,,,,1307,4,,,,,,,,,,,,,,,83,25/2/24,215,9/1/24,881,17/1/24,128,10/2/24,83,25/2/24
G107,,,,,892,4,,,,,,,,,,,,,,,138,30/3/24,351,9/1/24,300,7/2/24,103,4/3/24,138,30/3/24
G78,,,,,562,8,,,,,,,,,,,,,,,27,30/5/24,151,10/1/24,50,3/2/24,99,22/2/24,52,9/3/24,48,25/3/24,64,12/4/24,71,4/5/24,27,30/5/24
F33,,,,,928,6,,,,,,,,,,,,,,,80,15/4/24,479,10/1/24,110,12/2/24,127,1/3/24,74,16/3/24,58,31/3/24,80,15/4/24
G171,,,,,723,7,,,,,,,,,,,,,,,103,4/5/24,190,10/1/24,90,21/1/24,80,30/1/24,118,2/3/24,99,21/3/24,43,5/4/24,103,4/5/24
F37,,,,,600,2,,,,,,,,,,,,,,,162,11/2/24,438,10/1/24,162,11/2/24
F27,,,,,721,4,,,,,,,,,,,,,,,149,31/3/24,245,10/1/24,119,12/2/24,208,28/2/24,149,31/3/24
C180,,,,,312,3,,,,,,,,,,,,,,,30,7/4/24,194,10/1/24,88,5/2/24,30,7/4/24
F122,,,,,459,5,,,,,,,,,,,,,,,40,3/4/24,249,10/1/24,110,28/1/24,13,25/2/24,47,15/3/24,40,3/4/24
F40,,,,,822,2,,,,,,,,,,,,,,,301,7/2/24,521,10/1/24,301,7/2/24
G175,,,,,843,8,,,,,,,,,,,,,,,35,30/5/24,339,10/1/24,120,25/2/24,70,9/3/24,60,25/3/24,70,8/4/24,92,24/4/24,57,12/5/24,35,30/5/24
F113,,,,,471,3,,,,,,,,,,,,,,,103,2/4/24,203,10/1/24,165,10/2/24,103,2/4/24
F54,,,,,591,2,,,,,,,,,,,,,,,218,7/4/24,373,11/1/24,218,7/4/24
G115,,,,,1302,5,,,,,,,,,,,,,,,217,5/4/24,348,11/1/24,326,10/2/24,173,1/3/24,238,18/3/24,217,5/4/24
F117,,,,,965,3,,,,,,,,,,,,,,,175,1/4/24,454,11/1/24,336,22/2/24,175,1/4/24
G79,,,,,416,6,,,,,,,,,,,,,,,57,8/4/24,90,11/1/24,67,30/1/24,114,21/2/24,37,7/3/24,51,22/3/24,57,8/4/24
F114,,,,,269,3,,,,,,,,,,,,,,,109,4/3/24,74,11/1/24,86,13/2/24,109,4/3/24
F49,,,,,381,1,,,,,,,,,,,,,,,381,11/1/24,381,11/1/24
B83,,,,,99,1,,,,,,,,,,,,,,,99,12/1/24,99,12/1/24
F107,,,,,691,3,,,,,,,,,,,,,,,52,26/3/24,393,12/1/24,246,21/2/24,52,26/3/24
F84,,,,,803,4,,,,,,,,,,,,,,,102,25/3/24,384,12/1/24,101,12/2/24,216,2/3/24,102,25/3/24
F59,,,,,62,3,,,,,,,,,,,,,,,21,8/3/24,20,12/1/24,21,23/2/24,21,8/3/24
F94,,,,,1019,4,,,,,,,,,,,,,,,196,15/4/24,141,12/1/24,293,27/2/24,389,19/3/24,196,15/4/24
F92,,,,,1160,4,,,,,,,,,,,,,,,126,20/4/24,303,12/1/24,240,1/3/24,491,27/3/24,126,20/4/24
F136,,,,,1005,4,,,,,,,,,,,,,,,124,10/5/24,12,12/1/24,536,7/3/24,333,29/3/24,124,10/5/24
G170,,,,,409,4,,,,,,,,,,,,,,,26,23/3/24,213,12/1/24,70,1/2/24,100,21/2/24,26,23/3/24
G73,,,,,750,4,,,,,,,,,,,,,,,107,22/5/24,222,12/1/24,258,27/2/24,163,7/4/24,107,22/5/24
G169,,,,,523,6,,,,,,,,,,,,,,,44,2/5/24,270,12/1/24,90,5/2/24,53,9/3/24,28,25/3/24,38,7/4/24,44,2/5/24
G53,,,,,29,1,,,,,,,,,,,,,,,29,12/1/24,29,12/1/24
G77,,,,,453,8,,,,,,,,,,,,,,,44,11/6/24,60,12/1/24,100,5/2/24,41,25/2/24,55,12/3/24,45,3/4/24,58,22/4/24,50,11/5/24,44,11/6/24
F39,,,,,695,2,,,,,,,,,,,,,,,264,10/2/24,431,12/1/24,264,10/2/24
G34,,,,,608,2,,,,,,,,,,,,,,,138,10/2/24,470,12/1/24,138,10/2/24
G27,,,,,302,2,,,,,,,,,,,,,,,266,3/2/24,36,12/1/24,266,3/2/24
F124,,,,,401,7,,,,,,,,,,,,,,,52,16/5/24,46,12/1/24,62,30/1/24,57,22/2/24,74,8/3/24,65,29/3/24,45,19/4/24,52,16/5/24
F7,,,,,316,1,,,,,,,,,,,,,,,316,12/1/24,316,12/1/24
G35,,,,,981,4,,,,,,,,,,,,,,,101,25/3/24,491,15/1/24,244,13/2/24,145,5/3/24,101,25/3/24
F26,,,,,771,3,,,,,,,,,,,,,,,205,6/4/24,311,15/1/24,255,25/2/24,205,6/4/24
F104,,,,,611,3,,,,,,,,,,,,,,,177,19/3/24,297,15/1/24,137,18/2/24,177,19/3/24
G184,,,,,869,1,,,,,,,,,,,,,,,869,15/1/24,869,15/1/24
F79,,,,,570,4,,,,,,,,,,,,,,,194,30/3/24,82,15/1/24,78,22/2/24,216,8/3/24,194,30/3/24
F108,,,,,825,4,,,,,,,,,,,,,,,214,12/5/24,291,16/1/24,134,11/2/24,186,22/3/24,214,12/5/24
F30,,,,,608,4,,,,,,,,,,,,,,,85,20/5/24,247,16/1/24,177,23/2/24,99,14/3/24,85,20/5/24
G74,,,,,781,6,,,,,,,,,,,,,,,107,2/5/24,184,16/1/24,229,5/2/24,44,1/3/24,147,21/3/24,70,18/4/24,107,2/5/24
G181,,,,,1337,2,,,,,,,,,,,,,,,175,9/2/24,1162,16/1/24,175,9/2/24
G64,,,,,1409,4,,,,,,,,,,,,,,,100,3/4/24,743,16/1/24,382,2/3/24,184,17/3/24,100,3/4/24
G83,,,,,554,9,,,,,,,,,,,,,,,36,13/7/24,47,16/1/24,97,20/2/24,41,14/3/24,120,22/3/24,34,31/3/24,54,18/4/24,50,5/5/24,75,26/5/24,36,13/7/24
F9,,,,,390,2,,,,,,,,,,,,,,,101,17/2/24,289,17/1/24,101,17/2/24
G31,,,,,671,5,,,,,,,,,,,,,,,147,26/3/24,330,17/1/24,86,11/2/24,31,23/2/24,77,9/3/24,147,26/3/24
G182,,,,,1512,2,,,,,,,,,,,,,,,309,11/2/24,1203,17/1/24,309,11/2/24
G68,,,,,894,3,,,,,,,,,,,,,,,361,26/3/24,132,17/1/24,401,13/2/24,361,26/3/24
F82,,,,,580,2,,,,,,,,,,,,,,,204,15/2/24,376,17/1/24,204,15/2/24
F4,,,,,328,2,,,,,,,,,,,,,,,116,20/2/24,212,17/1/24,116,20/2/24
F63,,,,,374,7,,,,,,,,,,,,,,,76,16/5/24,49,17/1/24,56,11/2/24,48,28/2/24,53,15/3/24,43,6/4/24,49,24/4/24,76,16/5/24
G32,,,,,658,4,,,,,,,,,,,,,,,82,19/3/24,346,17/1/24,160,24/2/24,70,8/3/24,82,19/3/24
F18,,,,,131,1,,,,,,,,,,,,,,,131,18/1/24,131,18/1/24
G122,,,,,760,4,,,,,,,,,,,,,,,119,31/3/24,373,18/1/24,133,18/2/24,135,11/3/24,119,31/3/24
G29,,,,,1746,6,,,,,,,,,,,,,,,68,3/4/24,286,18/1/24,184,11/2/24,112,27/2/24,1056,10/3/24,40,23/3/24,68,3/4/24
G112,,,,,1327,6,,,,,,,,,,,,,,,87,23/4/24,697,18/1/24,147,8/3/24,140,22/3/24,175,3/4/24,81,13/4/24,87,23/4/24
G192,,,,,743,7,,,,,,,,,,,,,,,135,2/5/24,147,18/1/24,225,1/2/24,93,15/2/24,54,1/3/24,54,25/3/24,35,7/4/24,135,2/5/24
F121,,,,,505,7,,,,,,,,,,,,,,,51,2/5/24,203,18/1/24,90,3/2/24,29,24/2/24,49,8/3/24,34,23/3/24,49,8/4/24,51,2/5/24
G176,,,,,989,7,,,,,,,,,,,,,,,169,31/5/24,147,18/1/24,156,14/2/24,93,1/3/24,74,15/3/24,152,3/4/24,198,10/5/24,169,31/5/24
F101,,,,,1618,5,,,,,,,,,,,,,,,116,23/4/24,585,18/1/24,546,14/2/24,282,5/3/24,89,26/3/24,116,23/4/24
F70,,,,,635,5,,,,,,,,,,,,,,,105,30/3/24,165,18/1/24,136,6/2/24,137,20/2/24,92,8/3/24,105,30/3/24
G75,,,,,270,3,,,,,,,,,,,,,,,106,3/4/24,81,18/1/24,83,11/2/24,106,3/4/24
G62,,,,,1788,5,,,,,,,,,,,,,,,150,3/4/24,493,18/1/24,611,10/2/24,342,28/2/24,192,17/3/24,150,3/4/24
F93,,,,,618,3,,,,,,,,,,,,,,,154,18/4/24,84,18/1/24,380,15/3/24,154,18/4/24
G33,,,,,675,4,,,,,,,,,,,,,,,145,8/3/24,50,18/1/24,275,27/1/24,205,18/2/24,145,8/3/24
G30,,,,,446,2,,,,,,,,,,,,,,,209,14/2/24,237,18/1/24,209,14/2/24
F12,,,,,336,2,,,,,,,,,,,,,,,72,20/2/24,264,18/1/24,72,20/2/24
G213,,,,,1476,5,,,,,,,,,,,,,,,239,11/5/24,782,21/1/24,188,11/2/24,86,1/3/24,181,23/3/24,239,11/5/24
F208,,,,,1826,4,,,,,,,,,,,,,,,195,5/4/24,853,21/1/24,521,22/2/24,257,15/3/24,195,5/4/24
G216,,,,,1360,4,,,,,,,,,,,,,,,202,18/5/24,685,21/1/24,214,12/2/24,259,7/4/24,202,18/5/24
G28,,,,,378,1,,,,,,,,,,,,,,,378,21/1/24,378,21/1/24
F44,,,,,800,5,,,,,,,,,,,,,,,105,7/4/24,380,21/1/24,154,15/2/24,95,4/3/24,66,15/3/24,105,7/4/24
G92,,,,,647,3,,,,,,,,,,,,,,,142,13/4/24,383,21/1/24,122,14/3/24,142,13/4/24
F141,,,,,1095,4,,,,,,,,,,,,,,,91,25/3/24,545,21/1/24,246,20/2/24,213,8/3/24,91,25/3/24
G124,,,,,721,3,,,,,,,,,,,,,,,225,14/3/24,300,22/1/24,196,23/2/24,225,14/3/24
F65,,,,,889,5,,,,,,,,,,,,,,,114,26/3/24,178,22/1/24,219,11/2/24,115,1/3/24,263,12/3/24,114,26/3/24
F69,,,,,670,4,,,,,,,,,,,,,,,107,16/3/24,230,22/1/24,217,11/2/24,116,28/2/24,107,16/3/24
G178,,,,,1134,2,,,,,,,,,,,,,,,964,18/2/24,170,23/1/24,964,18/2/24
G214,,,,,959,3,,,,,,,,,,,,,,,166,14/3/24,556,25/1/24,237,15/2/24,166,14/3/24
G226,,,,,1304,4,,,,,,,,,,,,,,,166,5/4/24,635,25/1/24,288,15/2/24,215,9/3/24,166,5/4/24
G221,,,,,1231,5,,,,,,,,,,,,,,,42,21/4/24,716,25/1/24,279,15/2/24,159,10/3/24,35,7/4/24,42,21/4/24
G212,,,,,1288,5,,,,,,,,,,,,,,,112,1/4/24,671,25/1/24,272,13/2/24,89,1/3/24,144,15/3/24,112,1/4/24
G223,,,,,768,2,,,,,,,,,,,,,,,97,13/2/24,671,25/1/24,97,13/2/24
G36,,,,,527,4,,,,,,,,,,,,,,,63,2/4/24,194,25/1/24,125,18/2/24,145,8/3/24,63,2/4/24
F77,,,,,807,6,,,,,,,,,,,,,,,81,27/4/24,308,25/1/24,80,22/2/24,64,10/3/24,196,2/4/24,78,16/4/24,81,27/4/24
G52,,,,,246,5,,,,,,,,,,,,,,,35,26/4/24,49,25/1/24,82,23/2/24,36,12/3/24,44,3/4/24,35,26/4/24
F20,,,,,555,4,,,,,,,,,,,,,,,94,26/3/24,160,26/1/24,225,23/2/24,76,12/3/24,94,26/3/24
G224,,,,,1189,3,,,,,,,,,,,,,,,211,7/5/24,851,26/1/24,127,5/3/24,211,7/5/24
G101,,,,,672,3,,,,,,,,,,,,,,,123,7/4/24,469,26/1/24,80,18/2/24,123,7/4/24
G188,,,,,992,7,,,,,,,,,,,,,,,91,26/5/24,660,26/1/24,20,20/2/24,68,7/3/24,31,23/3/24,59,8/4/24,63,26/4/24,91,26/5/24
F265,LE3790,26/1/24,Beechx6 2600h2o,,613,1,1/8,#A2B-AAB,,,,,,,,,,,835,,613,8/11/24,613,8/11/24
F266,LE3790,26/1/24,Pcx6,1580,388,1,1/8,#A2B-AAB,,,,,,,,,,,835,25%,388,15/6/24,388,15/6/24
F267,LE3790,26/1/24,Pcx6,1580,50,1,1/8,#A2B-AAB,,,,,,,,,,,835,3%,50,30/6/24,50,30/6/24
F268,LE3790,26/1/24,Pcx6,1580,232,2,1/8,#A2B-AAB,,,,,,,,,,,835,15%,33,11/6/24,199,2/6/24,33,11/6/24
F269,LE3790,26/1/24,Pcx6,1580,104,1,1/8,#A2B-AAB,,,,,,,,,,,835,7%,104,11/6/24,104,11/6/24
F270,LE3790,26/1/24,Pcx6,1580,345,1,1/8,#A2B-AAB,,,,,,,,,,,835,22%,345,15/6/24,345,15/6/24
F271,LE3790,26/1/24,Pcx6,1580,469,1,1/8,#A2B-AAB,,,,,,,,,,,835,30%,469,27/5/24,469,27/5/24
F272,LE3790,26/1/24,Pcx6,1580,387,2,1/8,#A2B-AAC,,,,,,,,,,,835,24%,83,5/11/24,304,12/10/24,83,5/11/24
F273,LE3790,26/1/24,Pcx6,1580,385,2,1/8,#A2B-AAC,,,,,,,,,,,835,24%,348,24/10/24,37,28/6/24,348,24/10/24
F274,LE3790,26/1/24,Pcx6,1580,714,1,1/8,#A2B-AAC,,,,,,,,,,,835,45%,714,18/11/24,714,18/11/24
F275,LE3790,26/1/24,Pcx6,1580,196,1,1/8,#A2B-AAC,,,,,,,,,,,835,12%,196,30/6/24,196,30/6/24
F276,LE3790,26/1/24,Pcx6,1580,482,1,1/8,#A2B-AAC,,,,,,,,,,,835,31%,482,5/7/24,482,5/7/24
F277,LE3790,26/1/24,Pcx6,1580,1078,1,1/8,#A2B-AAC,,,,,,,,,,,835,68%,1078,18/5/24,1078,18/5/24
F278,LE3790,26/1/24,Beechx6 2600h2o,,666,2,1/8,#A2B-AAC,,,,,,,,,,,835,,261,19/11/24,405,29/10/24,261,19/11/24
F279,LE3790,26/1/24,Beechx6 2600h2o,,283,1,1/8,#A2B-AAC,,,,,,,,,,,835,,283,10/7/24,283,10/7/24
F280,LEm,26/1/24,Beechx6 2600h2o,,,,1/8,#2CB-DAB,,,,,,,,,,,835
F281,LEm,26/1/24,Beechx6 2600h2o,,20,1,1/8,#2CB-DAB,,,,,,,,,,,835,,20,30/6/24,20,30/6/24
F282,LEm,26/1/24,Pcx6,1580,551,1,1/8,#2CB-DAB,,,,,,,,,,,835,35%,551,1/7/24,551,1/7/24
F283,LEm,26/1/24,Pcx6,1580,260,1,1/8,#2CB-DAB,,,,,,,,,,,835,16%,260,27/6/24,260,27/6/24
F284,LEm,26/1/24,Pcx6,1580,208,1,1/8,#2CB-DAB,,,,,,,,,,,835,13%,208,17/4/24,208,17/4/24
F285,LEm,26/1/24,Pcx6,1580,695,1,1/8,#2CB-DAB,,,,,,,,,,,835,44%,695,14/5/24,695,14/5/24
F286,LEm,26/1/24,Pcx6,1580,142,1,1/8,#2CB-DAB,,,,,,,,,,,835,9%,142,2/5/24,142,2/5/24
F287,LEm,26/1/24,Pcx6,1580,754,1,1/8,#2CB-DAB,,,,,,,,,,,835,48%,754,16/5/24,754,16/5/24
F71,,,,,667,4,,,,,,,,,,,,,,,160,26/3/24,222,27/1/24,47,22/2/24,238,5/3/24,160,26/3/24
F66,,,,,709,4,,,,,,,,,,,,,,,159,25/3/24,161,27/1/24,246,15/2/24,143,8/3/24,159,25/3/24
G194,,,,,1331,3,,,,,,,,,,,,,,,168,26/3/24,750,27/1/24,413,11/2/24,168,26/3/24
F3,,,,,456,1,,,,,,,,,,,,,,,456,27/1/24,456,27/1/24
G174,,,,,593,6,,,,,,,,,,,,,,,76,15/4/24,206,27/1/24,172,15/2/24,41,2/3/24,65,16/3/24,33,30/3/24,76,15/4/24
G193,,,,,607,4,,,,,,,,,,,,,,,58,9/7/24,420,27/1/24,72,25/2/24,57,15/3/24,58,9/7/24
G172,,,,,362,5,,,,,,,,,,,,,,,26,3/4/24,193,27/1/24,51,15/2/24,65,1/3/24,27,15/3/24,26,3/4/24
F233,,,,,1592,3,,,,,,,,,,,,,,,161,30/3/24,1350,28/1/24,81,14/3/24,161,30/3/24
G199,,,,,1428,4,,,,,,,,,,,,,,,318,16/5/24,832,28/1/24,227,14/2/24,51,3/4/24,318,16/5/24
F25,,,,,396,3,,,,,,,,,,,,,,,63,24/5/24,267,28/1/24,66,16/4/24,63,24/5/24
F28,,,,,342,1,,,,,,,,,,,,,,,342,28/1/24,342,28/1/24
F2,,,,,215,2,,,,,,,,,,,,,,,39,10/2/24,176,28/1/24,39,10/2/24
F187,,,,,1087,2,,,,,,,,,,,,,,,805,30/3/24,282,28/1/24,805,30/3/24
F72,,,,,713,4,,,,,,,,,,,,,,,194,21/3/24,208,29/1/24,162,17/2/24,149,4/3/24,194,21/3/24
G160,,,,,1195,1,,,,,,,,,,,,,,,1195,29/1/24,1195,29/1/24
F109,,,,,511,3,,,,,,,,,,,,,,,98,5/4/24,275,29/1/24,138,3/3/24,98,5/4/24
F41,,,,,253,2,,,,,,,,,,,,,,,158,18/2/24,95,29/1/24,158,18/2/24
G177,,,,,1611,4,,,,,,,,,,,,,,,137,2/4/24,461,30/1/24,641,18/2/24,372,17/3/24,137,2/4/24
F68,,,,,543,4,,,,,,,,,,,,,,,50,3/4/24,357,30/1/24,51,22/2/24,85,15/3/24,50,3/4/24
G187,,,,,882,6,,,,,,,,,,,,,,,65,16/5/24,291,30/1/24,228,15/2/24,92,2/3/24,132,5/4/24,74,29/4/24,65,16/5/24
G183,,,,,1531,3,,,,,,,,,,,,,,,443,14/4/24,1025,30/1/24,63,30/3/24,443,14/4/24
G186,,,,,924,7,,,,,,,,,,,,,,,79,10/5/24,369,1/2/24,140,22/2/24,77,9/3/24,31,25/3/24,145,8/4/24,83,22/4/24,79,10/5/24
G179,,,,,1462,2,,,,,,,,,,,,,,,342,20/2/24,1120,2/2/24,342,20/2/24
G197,,,,,1662,4,,,,,,,,,,,,,,,356,31/3/24,627,3/2/24,407,18/2/24,272,14/3/24,356,31/3/24
G190,,,,,510,3,,,,,,,,,,,,,,,49,10/3/24,357,3/2/24,104,23/2/24,49,10/3/24
F142,,,,,1242,4,,,,,,,,,,,,,,,226,23/4/24,526,3/2/24,213,1/3/24,277,23/3/24,226,23/4/24
F202,,,,,2159,7,,,,,,,,,,,,,,,264,30/4/24,764,3/2/24,100,20/2/24,451,3/3/24,152,17/3/24,288,1/4/24,140,16/4/24,264,30/4/24
G108,,,,,311,5,,,,,,,,,,,,,,,139,4/5/24,-261,3/2/24,115,24/2/24,217,18/3/24,101,22/4/24,139,4/5/24
F158,,,,,1606,6,,,,,,,,,,,,,,,82,22/5/24,450,5/2/24,267,2/3/24,391,16/3/24,237,8/4/24,179,28/4/24,82,22/5/24
G219,,,,,1526,5,,,,,,,,,,,,,,,147,20/4/24,873,5/2/24,225,25/2/24,223,16/3/24,58,1/4/24,147,20/4/24
G191,,,,,632,4,,,,,,,,,,,,,,,75,12/5/24,445,5/2/24,60,25/2/24,52,14/3/24,75,12/5/24
G86,,,,,1065,4,,,,,,,,,,,,,,,163,3/4/24,443,5/2/24,234,24/2/24,225,11/3/24,163,3/4/24
F116,,,,,910,2,,,,,,,,,,,,,,,313,25/3/24,597,5/2/24,313,25/3/24
F130,,,,,1407,4,,,,,,,,,,,,,,,138,21/4/24,641,5/2/24,354,4/3/24,274,23/3/24,138,21/4/24
G189,,,,,836,8,,,,,,,,,,,,,,,116,30/5/24,208,5/2/24,135,23/2/24,27,7/3/24,60,23/3/24,73,7/4/24,86,23/4/24,131,10/5/24,116,30/5/24
G215,,,,,1609,3,,,,,,,,,,,,,,,126,24/4/24,1252,6/2/24,231,25/2/24,126,24/4/24
F237,,,,,1481,5,,,,,,,,,,,,,,,52,30/6/24,966,10/2/24,305,1/3/24,131,19/3/24,27,9/4/24,52,30/6/24
F166,,,,,1743,4,,,,,,,,,,,,,,,166,23/4/24,979,10/2/24,338,12/3/24,260,27/3/24,166,23/4/24
F235,,,,,1344,3,,,,,,,,,,,,,,,140,22/3/24,937,10/2/24,267,2/3/24,140,22/3/24
G200,,,,,1426,3,,,,,,,,,,,,,,,246,22/3/24,935,10/2/24,245,25/2/24,246,22/3/24
F156,,,,,1303,5,,,,,,,,,,,,,,,81,26/4/24,605,11/2/24,131,28/2/24,200,14/3/24,286,7/4/24,81,26/4/24
F295,PEcorea,4/2/24,Ppx5.5,1450,1363,2,1/8,#P3A-AAB,,,,,,,,,,,828,94%,105,5/4/24,1258,15/3/24,105,5/4/24
F296,PEcorea,4/2/24,Ppx5.5,1450,,,1/8,#P3A-AAB,,,,,,,,,,,828
F297,PEcorea,4/2/24,Ppx6,1580,2592,3,1/8,#P3A-AAB,,,,,,,,,,,828,164%,221,14/5/24,1881,26/3/24,490,27/4/24,221,14/5/24
F298,PEcorea,4/2/24,Ppx6,1580,1466,1,1/8,#P3A-AAB,,,,,,,,,,,828,93%,1466,15/3/24,1466,15/3/24
F299,PEcorea,4/2/24,Ppx6,1580,1653,2,1/8,#P3A-AAB,,,,,,,,,,,828,105%,71,18/5/24,1582,19/3/24,71,18/5/24
F300,PEcorea,4/2/24,Ppx6,1580,1777,2,1/8,#P3A-AAB,,,,,,,,,,,828,112%,292,6/4/24,1485,17/3/24,292,6/4/24
F301,PEcorea,4/2/24,Ppx6,1580,1510,1,1/8,#P3A-AAB,,,,,,,,,,,828,96%,1510,26/3/24,1510,26/3/24
F302,PEcorea,4/2/24,Ppx6,1580,,,1/8,#P3A-AAB,,,,,,,,,,,828
F289,PTc,4/2/24,Ppx6,1580,,,1/7,#FABA-BAE,,,,,,,,,,,828
F290,PTc,4/2/24,Ppx6,1580,,,1/7,#FABA-BAE,,,,,,,,,,,828
F291,PTc,4/2/24,Ppx6,1580,,,1/7,#FABA-BAE,,,,,,,,,,,828
F292,PTc,4/2/24,Ppx6,1580,69,1,1/7,#FABA-BAE,,,,,,,,,,,828,4%,69,19/5/24,69,19/5/24
F293,PTc,4/2/24,Ppx6,1580,,,1/7,#FABA-BAE,,,,,,,,,,,828
F288,PTc,4/2/24,Ppx5.5,1450,1298,3,1/7,#FABA-BAE,,,,,,,,,,,828,90%,191,31/12/24,631,12/11/24,476,26/11/24,191,31/12/24
F294,PTc,4/2/24,Ppx5.5,1450,,,1/7,#FABA-BAE,,,,,,,,,,,828
F310,POm,4/2/24,Ppx5.5,1450,1785,4,1/8,#?KHC?,,,,,,,,,,,828,123%,238,13/7/24,852,4/5/24,488,26/5/24,207,27/6/24,238,13/7/24
F303,POm,4/2/24,Ppx6,1580,1163,2,1/8,#?KHC?,,,,,,,,,,,828,74%,362,30/6/24,801,31/5/24,362,30/6/24
F304,POm,4/2/24,Ppx6,1580,,,1/8,#?KHC?,,,,,,,,,,,828
F305,POm,4/2/24,Ppx6,1580,1446,3,1/8,#?KHC?,,,,,,,,,,,828,92%,458,4/7/24,651,19/5/24,337,8/6/24,458,4/7/24
F306,POm,4/2/24,Ppx6,1580,1825,4,1/8,#?KHC?,,,,,,,,,,,828,116%,49,7/7/24,940,22/4/24,574,10/5/24,262,27/5/24,49,7/7/24
F307,POm,4/2/24,Ppx6,1580,766,1,1/8,#?KHC?,,,,,,,,,,,828,48%,766,31/5/24,766,31/5/24
F308,POm,4/2/24,Ppx6,1580,823,1,1/8,#?KHC?,,,,,,,,,,,828,52%,823,26/5/24,823,26/5/24
F309,POm,4/2/24,Ppx6,1580,812,2,1/8,#?KHC?,,,,,,,,,,,828,51%,495,24/9/24,317,14/9/24,495,24/9/24
F234,,,,,1231,4,,,,,,,,,,,,,,,51,7/4/24,675,12/2/24,338,27/2/24,167,16/3/24,51,7/4/24
G126,,,,,694,6,,,,,,,,,,,,,,,68,16/5/24,293,12/2/24,176,5/3/24,72,26/3/24,52,13/4/24,33,4/5/24,68,16/5/24
F236,,,,,1326,2,,,,,,,,,,,,,,,376,1/4/24,950,12/2/24,376,1/4/24
G196,,,,,1361,3,,,,,,,,,,,,,,,175,26/3/24,934,14/2/24,252,4/3/24,175,26/3/24
F53,,,,,1365,6,,,,,,,,,,,,,,,623,1/7/25,207,15/2/24,217,1/3/24,90,15/3/24,180,2/4/24,48,18/4/24,623,1/7/25
F78,,,,,291,1,,,,,,,,,,,,,,,291,15/2/24,291,15/2/24
F115,,,,,460,2,,,,,,,,,,,,,,,93,5/3/24,367,15/2/24,93,5/3/24
C171,,,,,351,2,,,,,,,,,,,,,,,228,7/8/24,123,15/2/24,228,7/8/24
G201,,,,,769,2,,,,,,,,,,,,,,,187,5/3/24,582,15/2/24,187,5/3/24
F162,,,,,1582,5,,,,,,,,,,,,,,,84,8/5/24,857,17/2/24,395,10/3/24,165,27/3/24,81,15/4/24,84,8/5/24
F204,,,,,1535,6,,,,,,,,,,,,,,,100,29/4/24,561,17/2/24,198,7/3/24,359,17/3/24,82,1/4/24,235,11/4/24,100,29/4/24
G211,,,,,1754,5,,,,,,,,,,,,,,,204,18/4/24,515,18/2/24,375,8/3/24,514,17/3/24,146,7/4/24,204,18/4/24
F213,,,,,1144,3,,,,,,,,,,,,,,,313,27/3/24,577,18/2/24,254,1/3/24,313,27/3/24
F240,,,,,1240,3,,,,,,,,,,,,,,,76,3/4/24,867,18/2/24,297,12/3/24,76,3/4/24
G14,,,,,674,4,,,,,,,,,,,,,,,126,22/4/24,361,20/2/24,70,14/3/24,117,3/4/24,126,22/4/24
F207,,,,,1636,7,,,,,,,,,,,,,,,94,11/6/24,449,20/2/24,320,7/3/24,340,3/4/24,123,19/4/24,221,8/5/24,89,25/5/24,94,11/6/24
F131,,,,,711,3,,,,,,,,,,,,,,,71,20/4/24,500,20/2/24,140,14/3/24,71,20/4/24
G87,,,,,1072,4,,,,,,,,,,,,,,,319,19/5/24,629,22/2/24,68,23/3/24,56,2/4/24,319,19/5/24
G43,,,,,777,4,,,,,,,,,,,,,,,68,19/4/24,386,22/2/24,76,15/3/24,247,2/4/24,68,19/4/24
F76,,,,,1097,5,,,,,,,,,,,,,,,336,14/4/24,400,22/2/24,218,4/3/24,36,19/3/24,107,2/4/24,336,14/4/24
G159,,,,,1665,4,,,,,,,,,,,,,,,135,8/7/24,754,23/2/24,534,19/3/24,242,18/4/24,135,8/7/24
G166,,,,,1073,3,,,,,,,,,,,,,,,175,1/4/24,533,23/2/24,365,12/3/24,175,1/4/24
G17,,,,,777,4,,,,,,,,,,,,,,,185,5/4/24,334,24/2/24,166,7/3/24,92,19/3/24,185,5/4/24
F205,,,,,1158,5,,,,,,,,,,,,,,,194,18/4/24,250,24/2/24,281,8/3/24,258,19/3/24,175,3/4/24,194,18/4/24
G154,,,,,1048,2,,,,,,,,,,,,,,,171,18/5/24,877,24/2/24,171,18/5/24
G167,,,,,581,2,,,,,,,,,,,,,,,123,27/3/24,458,24/2/24,123,27/3/24
G302,POm,29/2/24,Pn2x6,1580,844,2,1/9,#G2AA-CCA,,,,,,,,,,,803,53%,344,21/6/24,500,26/5/24,344,21/6/24
G303,POm,29/2/24,Pn2x6,1580,733,1,1/9,#G2AA-CCA,,,,,,,,,,,803,46%,733,18/5/24,733,18/5/24
G304,POm,29/2/24,Pn2x6,1580,802,2,1/9,#G2AA-CCA,,,,,,,,,,,803,51%,539,4/7/24,263,13/6/24,539,4/7/24
G305,POm,29/2/24,Pn2x6,1580,715,3,1/9,#G2AA-CCA,,,,,,,,,,,803,45%,138,6/8/24,413,7/6/24,164,25/6/24,138,6/8/24
G306,POm,29/2/24,Pn2x6,1580,913,2,1/9,#G2AA-CCA,,,,,,,,,,,803,58%,75,26/9/24,838,14/9/24,75,26/9/24
G307,POm,29/2/24,Pn2x6,1580,1483,4,1/9,#G2AA-CCA,,,,,,,,,,,803,94%,112,18/11/24,949,11/9/24,183,21/9/24,239,20/10/24,112,18/11/24
G308,POm,29/2/24,Pn2x6,1580,1276,3,1/9,#G2AA-CCA,,,,,,,,,,,803,81%,277,4/7/24,850,21/5/24,149,10/6/24,277,4/7/24
G309,POm,29/2/24,Pn2x6,1580,,,1/9,#G2AA-CCA,,,,,,,,,,,803
G310,POm,29/2/24,Pn2x6,1580,1167,3,1/9,#G2AA-CCA,,,,,,,,,,,803,74%,368,5/7/24,489,21/5/24,310,11/6/24,368,5/7/24
G311,PCg,29/2/24,Pn2x6,1580,,,1/8,#JBBB-BAA,,,,,,,,,,,803
G312,PCg,29/2/24,Pn2x6,1580,,,1/8,#JBBB-BAA,,,,,,,,,,,803
G313,PCg,29/2/24,Pn2x6,1580,,,1/8,#JBBB-BAA,,,,,,,,,,,803
G314,PCg,29/2/24,Pn2x6,1580,,,1/8,#JBBB-BAA,,,,,,,,,,,803
G315,PCg,29/2/24,Pn2x6,1580,,,1/8,#JBBB-BAA,,,,,,,,,,,803
G316,PCg,29/2/24,Pn2x6,1580,,,1/8,#JBBB-BAA,,,,,,,,,,,803
G317,PCg,29/2/24,Pn2x6,1580,,,1/8,#JBBB-BAA,,,,,,,,,,,803
G318,Bpearl,29/2/24,Pn2x6,1580,652,2,1/8,#EDA-ABA,,,,,,,,,,,803,41%,92,4/1/25,560,6/12/24,92,4/1/25
G319,Bpearl,29/2/24,Pn2x6,1580,NaN,3,1/8,#EDA-ABA,,,,,,,,,,,803,NaN%,104,14/1/25,115,18/11/24,NaN,1/12/24,104,14/1/25
G320,Bpearl,29/2/24,Pn2x6,1580,1273,1,1/8,#EDA-ABA,,,,,,,,,,,803,81%,1273,13/5/24,1273,13/5/24
G321,Bpearl,29/2/24,Pn2x6,1580,1289,3,1/8,#EDA-ABA,,,,,,,,,,,803,82%,353,5/2/25,723,8/12/24,213,25/12/24,353,5/2/25
G322,Bpearl,29/2/24,Pn2x6,1580,2099,4,1/8,#EDA-ABA,,,,,,,,,,,803,133%,374,18/2/25,814,26/11/24,457,8/12/24,454,14/1/25,374,18/2/25
G323,Bpearl,29/2/24,Pn2x6,1580,2035,3,1/8,#EDA-ABA,,,,,,,,,,,803,129%,538,23/1/25,811,8/12/24,686,22/12/24,538,23/1/25
G324,Bpearl,29/2/24,Pn2x6,1580,1216,2,1/8,#EDA-ABA,,,,,,,,,,,803,77%,244,12/12/24,972,26/11/24,244,12/12/24
G325,Bpearl,29/2/24,Pn2x6,1580,1199,2,1/8,#EDA-ABA,,,,,,,,,,,803,76%,158,2/4/24,1041,16/3/24,158,2/4/24
G326,HEg,22/2/24,Pn2x6,1580,,,1/9,#KNDC-ACC,,,,,,,,,,,810
G327,HEg,22/2/24,Pn2x6,1580,345,1,1/9,#KNDC-ACC,,,,,,,,,,,810,22%,345,8/7/24,345,8/7/24
G328,HEg,22/2/24,Pn2x6,1580,399,1,1/9,#KNDC-ACC,,,,,,,,,,,810,25%,399,7/7/24,399,7/7/24
G329,HEg,22/2/24,Pn2x6,1580,259,1,1/9,#KNDC-ACC,,,,,,,,,,,810,16%,259,30/6/24,259,30/6/24
G330,HEg,22/2/24,Pn2x6,1580,530,2,1/9,#KNDC-ACC,,,,,,,,,,,810,34%,335,8/7/24,195,27/5/24,335,8/7/24
G331,HEg,22/2/24,Pn2x6,1580,,,1/9,#KNDC-ACC,,,,,,,,,,,810
G332,HEg,22/2/24,Pn2x6,1580,104,1,1/9,#KNDC-ACC,,,,,,,,,,,810,7%,104,5/10/24,104,5/10/24
G333,HEg,22/2/24,Pn2x6,1580,426,1,1/9,#KNDC-ACC,,,,,,,,,,,810,27%,426,30/6/24,426,30/6/24
G334,HEg,22/2/24,Pn2x6,1580,495,2,1/9,#KNDC-ACC,,,,,,,,,,,810,31%,289,5/7/24,206,11/6/24,289,5/7/24
G352,PAb,15/1/24,Pn2x6,1580,,,1/8,#LAA-ECC,,,,,,,,,,,846
G353,PAb,15/1/24,Pn2x6,1580,,,1/8,#LAA-ECC,,,,,,,,,,,846
G354,PAb,15/1/24,Pn2x6,1580,,,1/8,#LAA-ECC,,,,,,,,,,,846
G355,PAb,15/1/24,Pn2x6,1580,,,1/8,#LAA-ECC,,,,,,,,,,,846
G356,PAb,15/1/24,Pn2x6,1580,,,1/8,#LAA-ECC,,,,,,,,,,,846
G357,PAb,15/1/24,Pn2x6,1580,,,1/8,#LAA-ECC,,,,,,,,,,,846
G358,PAb,15/1/24,Pn2x6,1580,,,1/8,#LAA-ECC,,,,,,,,,,,846
G359,PAb,15/1/24,Pn2x6,1580,,,1/8,#LAA-ECC,,,,,,,,,,,846
G153,,,,,1481,5,,,,,,,,,,,,,,,41,8/7/24,880,25/2/24,233,25/3/24,233,13/4/24,94,7/5/24,41,8/7/24
F239,,,,,1369,3,,,,,,,,,,,,,,,394,1/4/24,778,25/2/24,197,16/3/24,394,1/4/24
F161,,,,,1045,3,,,,,,,,,,,,,,,224,16/5/24,463,25/2/24,358,26/3/24,224,16/5/24
F311,LE3790,19/2/24,Pcx6,1580,691,1,1/8,#A2B-AAA,,,,,,,,,,,813,44%,691,9/7/24,691,9/7/24
F312,LE3790,19/2/24,Pcx6,1580,802,2,1/8,#A2B-AAA,,,,,,,,,,,813,51%,487,4/7/24,315,15/6/24,487,4/7/24
F313,LE3790,19/2/24,Pcx6,1580,752,1,1/8,#A2B-AAA,,,,,,,,,,,813,48%,752,20/10/24,752,20/10/24
F314,LE3790,19/2/24,Pcx6,1580,627,2,1/8,#A2B-AAA,,,,,,,,,,,813,40%,215,19/11/24,412,29/10/24,215,19/11/24
F315,LE3790,19/2/24,Pcx6,1580,112,1,1/8,#A2B-AAA,,,,,,,,,,,813,7%,112,5/7/24,112,5/7/24
F316,LE3790,19/2/24,Pcx6,1580,539,2,1/8,#A2B-AAA,,,,,,,,,,,813,34%,174,10/12/24,365,21/11/24,174,10/12/24
F317,LE3790,19/2/24,Pcx6,1580,597,1,1/8,#A2B-AAA,,,,,,,,,,,813,38%,597,31/5/24,597,31/5/24
F318,LE3790,19/2/24,Pcx6,1580,624,2,1/8,#A2B-AAA,,,,,,,,,,,813,39%,123,6/12/24,501,11/11/24,123,6/12/24
F319,LEfr,19/2/24,Pcx6,1580,620,1,1/8,#C2-BE-BAA,,,,,,,,,,,813,39%,620,20/9/24,620,20/9/24
F320,LEfr,19/2/24,Pcx6,1580,249,1,1/8,#C2-BE-BAA,,,,,,,,,,,813,16%,249,6/10/24,249,6/10/24
F321,LEfr,19/2/24,Pcx6,1580,636,2,1/8,#C2-BE-BAA,,,,,,,,,,,813,40%,100,10/11/24,536,11/10/24,100,10/11/24
F322,LEfr,19/2/24,Pcx6,1580,609,1,1/8,#C2-BE-BAA,,,,,,,,,,,813,39%,609,12/10/24,609,12/10/24
F323,LEfr,19/2/24,Pcx6,1580,,,1/8,#C2-BE-BAA,,,,,,,,,,,813
F324,LEfr,19/2/24,Pcx6,1580,490,2,1/8,#C2-BE-BAA,,,,,,,,,,,813,31%,17,5/11/24,473,3/10/24,17,5/11/24
F325,LEfr,19/2/24,Pcx6,1580,881,1,1/8,#C2-BE-BAA,,,,,,,,,,,813,56%,881,29/5/24,881,29/5/24
F326,LEfr,19/2/24,Pcx6,1580,1370,2,1/8,#C2-BE-BAA,,,,,,,,,,,813,87%,927,11/6/24,443,2/6/24,927,11/6/24
F327,LEm,19/2/24,Pcx6,1580,129,1,1/8,#2CB-DAC,,,,,,,,,,,813,8%,129,24/10/24,129,24/10/24
F328,LEm,19/2/24,Pcx6,1580,123,1,1/8,#2CB-DAC,,,,,,,,,,,813,8%,123,21/9/24,123,21/9/24
F329,LEm,19/2/24,Pcx6,1580,,,1/8,#2CB-DAC,,,,,,,,,,,813
F330,LEm,19/2/24,Pcx6,1580,476,3,1/8,#2CB-DAC,,,,,,,,,,,813,30%,22,28/11/24,307,31/10/24,147,20/11/24,22,28/11/24
F331,LEm,19/2/24,Pcx6,1580,-590,2,1/8,#2CB-DAC,,,,,,,,,,,813,-37%,-675,18/9/24,85,9/9/24,-675,18/9/24
F332,LEm,19/2/24,Pcx6,1580,755,1,1/8,#2CB-DAC,,,,,,,,,,,813,48%,755,18/9/24,755,18/9/24
F333,LEm,19/2/24,Pcx6,1580,,,1/8,#2CB-DAC,,,,,,,,,,,813
F334,LEm,19/2/24,Pcx6,1580,295,1,1/8,#2CB-DAC,,,,,,,,,,,813,19%,295,15/10/24,295,15/10/24
F335,PEcorea,22/2/24,Ppx6,1580,759,1,1/8,#P3A-AAC,,,,,,,,,,,810,48%,759,6/12/24,759,6/12/24
F336,PEcorea,22/2/24,Ppx6,1580,1301,1,1/8,#P3A-AAC,,,,,,,,,,,810,82%,1301,3/12/24,1301,3/12/24
F337,PEcorea,22/2/24,Ppx6,1580,1999,2,1/8,#P3A-AAC,,,,,,,,,,,810,127%,222,28/12/24,1777,29/11/24,222,28/12/24
F338,PEcorea,22/2/24,Ppx6,1580,1621,1,1/8,#P3A-AAC,,,,,,,,,,,810,103%,1621,29/4/24,1621,29/4/24
F339,PEcorea,22/2/24,Ppx6,1580,1696,2,1/8,#P3A-AAC,,,,,,,,,,,810,107%,189,6/12/24,1507,18/11/24,189,6/12/24
F340,PEcorea,22/2/24,Ppx6,1580,1911,2,1/8,#P3A-AAC,,,,,,,,,,,810,121%,500,8/12/24,1411,20/11/24,500,8/12/24
F341,PEcorea,22/2/24,Ppx6,1580,1448,1,1/8,#P3A-AAC,,,,,,,,,,,810,92%,1448,30/4/24,1448,30/4/24
F342,PEcorea,22/2/24,Ppx6,1580,1519,1,1/8,#P3A-AAC,,,,,,,,,,,810,96%,1519,2/4/24,1519,2/4/24
F343,HUlcb,22/2/24,Ppx6,1580,2110,6,1/8,#X2B-DAA,,,,,,,,,,,810,134%,38,15/7/24,891,23/4/24,516,12/5/24,360,27/5/24,260,11/6/24,45,1/7/24,38,15/7/24
F344,HUlcb,22/2/24,Ppx6,1580,197,1,1/8,#X2B-DAA,,,,,,,,,,,810,12%,197,20/6/24,197,20/6/24
F345,HUlcb,22/2/24,Ppx6,1580,1158,4,1/8,#X2B-DAA,,,,,,,,,,,810,73%,101,3/8/24,648,18/6/24,158,4/7/24,251,16/7/24,101,3/8/24
F346,HUlcb,22/2/24,Ppx6,1580,741,3,1/8,#X2B-DAA,,,,,,,,,,,810,47%,205,10/8/24,432,9/6/24,104,15/7/24,205,10/8/24
F347,HUlcb,22/2/24,Ppx6,1580,119,1,1/8,#X2B-DAA,,,,,,,,,,,810,8%,119,30/9/24,119,30/9/24
F348,HUlcb,22/2/24,Ppx6,1580,1796,6,1/8,#X2B-DAA,,,,,,,,,,,810,114%,57,17/7/24,617,23/4/24,574,14/5/24,219,31/5/24,100,15/6/24,229,30/6/24,57,17/7/24
F349,HUlcb,22/2/24,Ppx6,1580,1288,4,1/8,#X2B-DAA,,,,,,,,,,,810,82%,50,7/8/24,737,16/5/24,360,11/6/24,141,7/7/24,50,7/8/24
F350,HUlcb,22/2/24,Ppx6,1580,2454,7,1/8,#X2B-DAA,,,,,,,,,,,810,155%,14,31/7/24,786,13/4/24,593,7/5/24,628,25/5/24,250,9/6/24,150,30/6/24,33,12/7/24,14,31/7/24
F351,PEtun,22/2/24,Ppx6,1580,1816,4,1/2 pot,#12-BBAA,,,,,,,,,,,810,115%,210,31/12/24,1148,8/11/24,446,28/11/24,12,3/12/24,210,31/12/24
F352,PEtun,22/2/24,Ppx6,1580,1713,4,1/2 pot,#12-BBAA,,,,,,,,,,,810,108%,214,4/2/25,950,14/11/24,360,29/11/24,189,17/12/24,214,4/2/25
F353,PEtun,22/2/24,Ppx6,1580,1845,3,1/2 pot,#12-BBAB,,,,,,,,,,,810,117%,135,21/3/25,1194,6/12/24,516,24/12/24,135,21/3/25
F354,PTc,22/2/24,Ppx6,1580,1291,4,1/2 pot,#FABA-BA,,,,,,,,,,,810,82%,125,2/2/25,577,18/11/24,327,6/12/24,262,31/12/24,125,2/2/25
F355,PEsal,22/2/24,Ppx6,1580,1590,3,1/2 pot,#N3B-BA,,,,,,,,,,,810,101%,188,21/12/24,408,30/11/24,994,2/12/24,188,21/12/24
F356,Bpearl,22/2/24,Ppx6,1580,1885,5,1/2 pot,#ED-AB,,,,,,,,,,,810,119%,54,25/1/25,660,23/11/24,721,3/12/24,319,20/12/24,131,15/1/25,54,25/1/25
F357,Bpearl,22/2/24,Ppx6,1580,1011,1,1/2 pot,#EAB-PC,,,,,,,,,,,810,64%,1011,11/5/24,1011,11/5/24
F358,Bpearl,22/2/24,Ppx6,1580,2142,4,1/2 pot,#EAB-P,,,,,,,,,,,810,136%,304,26/1/25,1153,18/11/24,356,5/12/24,329,2/1/25,304,26/1/25
F168,,,,,969,3,,,,,,,,,,,,,,,41,18/5/24,469,25/2/24,459,30/3/24,41,18/5/24
F147,,,,,737,3,,,,,,,,,,,,,,,397,16/5/24,234,27/2/24,106,26/3/24,397,16/5/24
F201,,,,,1751,5,,,,,,,,,,,,,,,157,18/4/24,932,27/2/24,132,10/3/24,344,25/3/24,186,7/4/24,157,18/4/24
F151,,,,,188,1,,,,,,,,,,,,,,,188,27/2/24,188,27/2/24
G276,,,,,1906,2,,,,,,,,,,,,,,,464,26/3/24,1442,27/2/24,464,26/3/24
F81,,,,,300,4,,,,,,,,,,,,,,,53,18/4/24,99,28/2/24,76,15/3/24,72,1/4/24,53,18/4/24
G144,,,,,1116,1,,,,,,,,,,,,,,,1116,1/3/24,1116,1/3/24
F190,,,,,884,1,,,,,,,,,,,,,,,884,1/3/24,884,1/3/24
G147,,,,,1039,1,,,,,,,,,,,,,,,1039,1/3/24,1039,1/3/24
G76,,,,,537,1,,,,,,,,,,,,,,,537,1/3/24,537,1/3/24
F214,,,,,991,3,,,,,,,,,,,,,,,78,18/4/24,733,1/3/24,180,21/3/24,78,18/4/24
F238,,,,,701,1,,,,,,,,,,,,,,,701,2/3/24,701,2/3/24
G148,,,,,973,1,,,,,,,,,,,,,,,973,2/3/24,973,2/3/24
G146,,,,,1096,1,,,,,,,,,,,,,,,1096,2/3/24,1096,2/3/24
F133,,,,,985,3,,,,,,,,,,,,,,,420,7/5/24,361,3/3/24,204,22/3/24,420,7/5/24
G150,,,,,1000,1,,,,,,,,,,,,,,,1000,3/3/24,1000,3/3/24
F173,,,,,1128,1,,,,,,,,,,,,,,,1128,3/3/24,1128,3/3/24
F199,,,,,1280,3,,,,,,,,,,,,,,,501,20/5/24,669,4/3/24,110,4/5/24,501,20/5/24
F80,,,,,226,2,,,,,,,,,,,,,,,86,29/3/24,140,4/3/24,86,29/3/24
F197,,,,,457,1,,,,,,,,,,,,,,,457,5/3/24,457,5/3/24
F 261,,,,,31,1,,,,,,,,,,,,,,,31,5/3/24,31,5/3/24
F74,,,,,290,2,,,,,,,,,,,,,,,92,2/4/24,198,5/3/24,92,2/4/24
F152,,,,,359,1,,,,,,,,,,,,,,,359,5/3/24,359,5/3/24
F55,,,,,-879,4,,,,,,,,,,,,,,,46,29/3/25,139,7/3/24,111,22/3/24,-1175,3/4/24,46,29/3/25
F189,,,,,612,2,,,,,,,,,,,,,,,585,25/3/24,27,7/3/24,585,25/3/24
F137,,,,,888,2,,,,,,,,,,,,,,,215,27/3/24,673,8/3/24,215,27/3/24
F132,,,,,489,2,,,,,,,,,,,,,,,85,3/4/24,404,8/3/24,85,3/4/24
F216,,,,,193,1,,,,,,,,,,,,,,,193,8/3/24,193,8/3/24
F150,,,,,244,1,,,,,,,,,,,,,,,244,9/3/24,244,9/3/24
F193,,,,,433,1,,,,,,,,,,,,,,,433,9/3/24,433,9/3/24
G152,,,,,769,3,,,,,,,,,,,,,,,43,19/4/24,541,9/3/24,185,5/4/24,43,19/4/24
F43,,,,,65,2,,,,,,,,,,,,,,,37,25/3/24,28,10/3/24,37,25/3/24
F188,,,,,1079,1,,,,,,,,,,,,,,,1079,10/3/24,1079,10/3/24
F148,,,,,561,2,,,,,,,,,,,,,,,250,4/5/24,311,11/3/24,250,4/5/24
F146,,,,,285,2,,,,,,,,,,,,,,,145,14/5/24,140,11/3/24,145,14/5/24
G156,,,,,1059,3,,,,,,,,,,,,,,,76,11/6/24,514,12/3/24,469,13/4/24,76,11/6/24
F359,LE3790,13/3/24,Beechx6 3000h2o,,251,1,1/8,#A2B-ACB,,,,,,,,,,,789,,251,15/10/24,251,15/10/24
F360,LE3790,13/3/24,Pcx6,1580,217,1,1/8,#A2B-ACB,,,,,,,,,,,789,14%,217,15/11/24,217,15/11/24
F361,LE3790,13/3/24,Pcx6,1580,,,1/8,#A2B-ACB,,,,,,,,,,,789
F362,LE3790,13/3/24,Pcx6,1580,903,1,1/8,#A2B-ACB,,,,,,,,,,,789,57%,903,25/10/24,903,25/10/24
F363,LE3790,13/3/24,Pcx6,1580,,,1/8,#A2B-ACB,,,,,,,,,,,789
F364,LE3790,13/3/24,Pcx6,1580,597,1,1/8,#A2B-ACB,,,,,,,,,,,789,38%,597,30/11/25,597,30/11/25
F365,LE3790,13/3/24,Pcx6,1580,-647,1,1/8,#A2B-ACB,,,,,,,,,,,789,-41%,-647,18/9/24,-647,18/9/24
F366,LE3790,13/3/24,Pcx6,1580,775,1,1/8,#A2B-ACB,,,,,,,,,,,789,49%,775,20/9/24,775,20/9/24
F367,LE3790,13/3/24,Pcx6,1580,,,1/8,#A2B-ACA,,,,,,,,,,,789
F368,LE3790,13/3/24,Pcx6,1580,,,1/8,#A2B-ACA,,,,,,,,,,,789
F369,LE3790,13/3/24,Pcx6,1580,770,1,1/8,#A2B-ACA,,,,,,,,,,,789,49%,770,25/9/24,770,25/9/24
F370,LE3790,13/3/24,Pcx6,1580,632,1,1/8,#A2B-ACA,,,,,,,,,,,789,40%,632,19/11/24,632,19/11/24
F371,LE3790,13/3/24,Pcx6,1580,846,1,1/8,#A2B-ACA,,,,,,,,,,,789,54%,846,20/9/24,846,20/9/24
F372,LE3790,13/3/24,Pcx6,1580,314,1,1/8,#A2B-ACA,,,,,,,,,,,789,20%,314,31/10/24,314,31/10/24
F373,LE3790,13/3/24,Pcx6,1580,1417,3,1/8,#A2B-ACA,,,,,,,,,,,789,90%,117,19/11/24,1155,19/10/24,145,3/11/24,117,19/11/24
F374,LE3790,13/3/24,Beechx6 3000h2o,,615,1,1/8,#A2B-ACA,,,,,,,,,,,789,,615,10/10/24,615,10/10/24
F375,LEn,13/3/24,Beechx6 3000h2o,,,,1/8,#B4A-BAA,,,,,,,,,,,789
F376,LEn,13/3/24,Pcx6,1580,,,1/8,#B4A-BAA,,,,,,,,,,,789
F377,LEn,13/3/24,Pcx6,1580,,,1/8,#B4A-BAA,,,,,,,,,,,789
F378,LEn,13/3/24,Pcx6,1580,424,2,1/8,#B4A-BAA,,,,,,,,,,,789,27%,324,19/11/24,100,29/10/24,324,19/11/24
F379,LEn,13/3/24,Pcx6,1580,,,1/8,#B4A-BAA,,,,,,,,,,,789
F380,LEn,13/3/24,Pcx6,1580,435,3,1/8,#B4A-BAA,,,,,,,,,,,789,28%,34,31/12/24,252,3/11/24,149,19/11/24,34,31/12/24
F381,LEn,13/3/24,Pcx6,1580,1497,3,1/8,#B4A-BAA,,,,,,,,,,,789,95%,203,10/12/24,323,26/11/24,971,2/12/24,203,10/12/24
F210,,,,,485,3,,,,,,,,,,,,,,,158,12/5/24,236,14/3/24,91,7/4/24,158,12/5/24
F167,,,,,860,2,,,,,,,,,,,,,,,405,8/4/24,455,15/3/24,405,8/4/24
G136,,,,,665,1,,,,,,,,,,,,,,,665,15/3/24,665,15/3/24
F198,,,,,865,2,,,,,,,,,,,,,,,477,31/3/24,388,17/3/24,477,31/3/24
F217,,,,,1477,3,,,,,,,,,,,,,,,937,22/4/24,220,17/3/24,320,3/4/24,937,22/4/24
F232,,,,,590,4,,,,,,,,,,,,,,,85,31/7/24,95,17/3/24,201,5/5/24,209,13/6/24,85,31/7/24
G143,,,,,1120,1,,,,,,,,,,,,,,,1120,17/3/24,1120,17/3/24
F196,,,,,710,2,,,,,,,,,,,,,,,455,4/5/24,255,19/3/24,455,4/5/24
F134,,,,,945,2,,,,,,,,,,,,,,,322,20/4/24,623,21/3/24,322,20/4/24
F145,,,,,191,1,,,,,,,,,,,,,,,191,21/3/24,191,21/3/24
F171,,,,,821,1,,,,,,,,,,,,,,,821,21/3/24,821,21/3/24
G149,,,,,958,1,,,,,,,,,,,,,,,958,21/3/24,958,21/3/24
G145,,,,,1013,1,,,,,,,,,,,,,,,1013,23/3/24,1013,23/3/24
G207,,,,,1040,4,,,,,,,,,,,,,,,172,7/5/24,724,23/3/24,108,14/4/24,36,26/4/24,172,7/5/24
F90,,,,,649,1,,,,,,,,,,,,,,,649,23/3/24,649,23/3/24
F181,,,,,468,2,,,,,,,,,,,,,,,279,9/6/24,189,23/3/24,279,9/6/24
G157,,,,,1290,3,,,,,,,,,,,,,,,392,16/5/24,826,25/3/24,72,20/4/24,392,16/5/24
F212,,,,,556,1,,,,,,,,,,,,,,,556,26/3/24,556,26/3/24
G209,,,,,592,4,,,,,,,,,,,,,,,106,2/5/24,285,30/3/24,105,9/4/24,96,20/4/24,106,2/5/24
F231,,,,,492,4,,,,,,,,,,,,,,,45,7/8/24,84,30/3/24,104,12/4/24,259,7/6/24,45,7/8/24
F129,,,,,548,1,,,,,,,,,,,,,,,548,31/3/24,548,31/3/24
F195,,,,,312,1,,,,,,,,,,,,,,,312,31/3/24,312,31/3/24
F35,,,,,109,1,,,,,,,,,,,,,,,109,31/3/24,109,31/3/24
G105,,,,,229,2,,,,,,,,,,,,,,,142,13/5/24,87,1/4/24,142,13/5/24
G206,,,,,775,5,,,,,,,,,,,,,,,99,26/5/24,255,1/4/24,62,14/4/24,201,22/4/24,158,13/5/24,99,26/5/24
G11,,,,,284,2,,,,,,,,,,,,,,,34,29/4/24,250,2/4/24,34,29/4/24
F169,,,,,894,1,,,,,,,,,,,,,,,894,2/4/24,894,2/4/24
G335,PAb,15/1/24,Pn2x6,1580,917,3,1/8,#LAA-ECB,,,,,,,,,,,846,58%,261,23/11/24,0,2/4/24,656,24/10/24,261,23/11/24
G336,PAb,15/1/24,Pn2x6,1580,0,1,1/8,#LAA-ECB,,,,,,,,,,,846,0%,0,2/4/24,0,2/4/24
G337,PAb,15/1/24,Pn2x6,1580,0,1,1/8,#LAA-ECB,,,,,,,,,,,846,0%,0,2/4/24,0,2/4/24
G338,PAb,15/1/24,Pn2x6,1580,0,1,1/8,#LAA-ECB,,,,,,,,,,,846,0%,0,2/4/24,0,2/4/24
G339,PAb,15/1/24,Pn2x6,1580,0,1,1/8,#LAA-ECB,,,,,,,,,,,846,0%,0,2/4/24,0,2/4/24
G340,PAb,15/1/24,Pn2x6,1580,0,1,1/8,#LAA-ECB,,,,,,,,,,,846,0%,0,2/4/24,0,2/4/24
G341,PAb,15/1/24,Pn2x6,1580,964,2,1/8,#LAA-ECB,,,,,,,,,,,846,61%,964,16/5/24,0,2/4/24,964,16/5/24
G342,PAb,15/1/24,Pn2x6,1580,1331,2,1/8,#LAA-ECB,,,,,,,,,,,846,84%,1331,13/5/24,0,2/4/24,1331,13/5/24
G343,PAb,15/1/24,Pn2x6,1580,,,1/9,#LAA-ECA,,,,,,,,,,,846
G344,PAb,15/1/24,Pn2x6,1580,,,1/9,#LAA-ECA,,,,,,,,,,,846
G345,PAb,15/1/24,Pn2x6,1580,,,1/9,#LAA-ECA,,,,,,,,,,,846
G346,PAb,15/1/24,Pn2x6,1580,1492,2,1/9,#LAA-ECA,,,,,,,,,,,846,94%,34,3/8/24,1458,19/5/24,34,3/8/24
G347,PAb,15/1/24,Pn2x6,1580,129,1,1/9,#LAA-ECA,,,,,,,,,,,846,8%,129,12/5/24,129,12/5/24
G348,PAb,15/1/24,Pn2x6,1580,690,1,1/9,#LAA-ECA,,,,,,,,,,,846,44%,690,21/5/24,690,21/5/24
G349,PAb,15/1/24,Pn2x6,1580,907,1,1/9,#LAA-ECA,,,,,,,,,,,846,57%,907,12/5/24,907,12/5/24
G350,PAb,15/1/24,Pn2x6,1580,,,1/9,#LAA-ECA,,,,,,,,,,,846
G351,PAb,15/1/24,Pn2x6,1580,1433,2,1/9,#LAA-ECA,,,,,,,,,,,846,91%,347,30/5/24,1086,2/5/24,347,30/5/24
G360,POn,25/2/24,Pn2x6,1580,2516,7,1/8,#Z3-BAA,,,,,,,,,,,807,159%,20,16/7/24,1280,13/4/24,518,24/4/24,315,8/5/24,260,25/5/24,73,13/6/24,50,1/7/24,20,16/7/24
G361,POn,25/2/24,Pn2x6,1580,1899,4,1/8,#Z3-BAA,,,,,,,,,,,807,120%,36,11/6/24,1178,6/4/24,503,21/4/24,182,10/5/24,36,11/6/24
G362,POn,25/2/24,Pn2x6,1580,1155,4,1/8,#Z3-BAA,,,,,,,,,,,807,73%,203,25/6/24,306,7/5/24,470,26/5/24,176,9/6/24,203,25/6/24
G363,POn,25/2/24,Pn2x6,1580,2551,9,1/8,#Z3-BAA,,,,,,,,,,,807,161%,35,2/8/24,998,19/4/24,343,27/4/24,417,8/5/24,162,18/5/24,292,28/5/24,214,13/6/24,48,4/7/24,42,14/7/24,35,2/8/24
G364,POn,25/2/24,Pn2x6,1580,2487,6,1/8,#Z3-BAA,,,,,,,,,,,807,157%,51,6/7/24,1048,19/4/24,477,4/5/24,385,16/5/24,289,30/5/24,237,15/6/24,51,6/7/24
G365,POn,25/2/24,Pn2x6,1580,2613,7,1/8,#Z3-BAA,,,,,,,,,,,807,165%,40,12/7/24,1200,16/4/24,523,29/4/24,441,13/5/24,235,27/5/24,141,12/6/24,33,30/6/24,40,12/7/24
G366,POn,25/2/24,Pn2x6,1580,2358,6,1/8,#Z3-BAA,,,,,,,,,,,807,149%,47,6/7/24,1015,14/4/24,600,28/4/24,366,18/5/24,295,11/6/24,35,20/6/24,47,6/7/24
G367,POn,25/2/24,Pn2x6,1580,2368,5,1/8,#Z3-BAA,,,,,,,,,,,807,150%,73,30/6/24,1300,8/4/24,569,21/4/24,303,8/5/24,123,26/5/24,73,30/6/24
G368,HUn,25/2/24,Pn2x6,1580,2770,8,1/8,#CHA-BAA,,,,,,,,,,,807,175%,27,4/8/24,1077,13/4/24,369,23/4/24,201,10/5/24,480,18/5/24,460,11/6/24,46,30/6/24,110,13/7/24,27,4/8/24
G369,HUn,25/2/24,Pn2x6,1580,2502,8,1/8,#CHA-BAA,,,,,,,,,,,807,158%,90,31/7/24,1014,15/4/24,452,7/5/24,441,18/5/24,304,31/5/24,132,17/6/24,18,5/7/24,51,14/7/24,90,31/7/24
G370,HUn,25/2/24,Pn2x6,1580,2239,7,1/8,#CHA-BAA,,,,,,,,,,,807,142%,13,7/7/24,1088,18/4/24,283,26/4/24,262,11/5/24,286,22/5/24,220,10/6/24,87,24/6/24,13,7/7/24
G371,HUn,25/2/24,Pn2x6,1580,2451,7,1/8,#CHA-BAA,,,,,,,,,,,807,155%,29,7/7/24,1235,11/4/24,400,28/4/24,428,12/5/24,267,26/5/24,67,10/6/24,25,30/6/24,29,7/7/24
G372,HUn,25/2/24,Pn2x6,1580,2416,6,1/8,#CHA-BAA,,,,,,,,,,,807,153%,33,2/7/24,1417,19/4/24,495,10/5/24,156,24/5/24,259,7/6/24,56,19/6/24,33,2/7/24
G373,HUn,25/2/24,Pn2x6,1580,2417,6,1/8,#CHA-BAA,,,,,,,,,,,807,153%,26,4/8/24,1490,13/4/24,589,2/5/24,235,20/5/24,43,7/6/24,34,24/6/24,26,4/8/24
G374,HUn,25/2/24,Pn2x6,1580,2316,7,1/8,#CHA-BAA,,,,,,,,,,,807,147%,35,29/7/24,863,22/4/24,580,12/5/24,373,27/5/24,306,10/6/24,90,6/7/24,69,16/7/24,35,29/7/24
G375,HUn,25/2/24,Pn2x6,1580,2974,7,1/8,#CHA-BAA,,,,,,,,,,,807,188%,17,13/7/24,1653,16/4/24,404,8/5/24,643,22/5/24,154,5/6/24,71,18/6/24,32,30/6/24,17,13/7/24
G202,,,,,691,4,,,,,,,,,,,,,,,108,22/5/24,280,3/4/24,207,21/4/24,96,14/5/24,108,22/5/24
G205,,,,,648,2,,,,,,,,,,,,,,,360,19/4/24,288,3/4/24,360,19/4/24
F382,PSn,1/4/24,Ppx5.5,1450,1415,6,1/8,#A4B-BA,,,,,,,,,,,771,98%,71,8/8/24,435,13/6/24,351,24/6/24,236,4/7/24,182,16/7/24,140,28/7/24,71,8/8/24
F383,PSn,1/4/24,Ppx5.5,1450,1486,6,1/8,#A4B-BA,,,,,,,,,,,771,102%,101,6/8/24,449,30/5/24,249,12/6/24,330,24/6/24,112,13/7/24,245,29/7/24,101,6/8/24
F384,PSn,1/4/24,Ppx5.5,1450,1111,5,1/8,#A4B-BA,,,,,,,,,,,771,77%,100,1/8/24,550,31/5/24,161,16/6/24,159,1/7/24,141,16/7/24,100,1/8/24
F385,PSn,1/4/24,Ppx5.5,1450,788,4,1/8,#A4B-BA,,,,,,,,,,,771,54%,122,9/8/24,394,8/6/24,173,9/7/24,99,29/7/24,122,9/8/24
F388,POm,1/4/24,Ppx5.5,1450,1757,3,1/8,#G2AA-BAC,,,,,,,,,,,771,121%,305,10/7/24,950,30/5/24,502,18/6/24,305,10/7/24
F389,POm,1/4/24,Ppx5.5,1450,1490,2,1/8,#G2AA-BAC,,,,,,,,,,,771,103%,395,30/6/24,1095,2/6/24,395,30/6/24
F390,POm,1/4/24,Ppx5.5,1450,1303,2,1/8,#G2AA-BAC,,,,,,,,,,,771,90%,943,10/7/24,360,9/6/24,943,10/7/24
F391,POm,1/4/24,Ppx5.5,1450,1280,2,1/8,#G2AA-BAC,,,,,,,,,,,771,88%,353,16/6/24,927,28/5/24,353,16/6/24
F392,HUn,1/4/24,Ppx5.5,1450,2931,5,1/8,#CHA-BAB,,,,,,,,,,,771,202%,306,4/8/24,573,18/5/24,1371,5/6/24,492,22/6/24,189,9/7/24,306,4/8/24
F393,HUn,1/4/24,Ppx5.5,1450,2050,5,1/8,#CHA-BAB,,,,,,,,,,,771,141%,56,5/8/24,637,22/5/24,516,31/5/24,547,18/6/24,294,4/7/24,56,5/8/24
F394,HUn,1/4/24,Ppx5.5,1450,,,1/8,#CHA-BAB,,,,,,,,,,,771
F395,HUn,1/4/24,Ppx5.5,1450,2019,5,1/8,#CHA-BAB,,,,,,,,,,,771,139%,256,4/8/24,894,26/5/24,449,12/6/24,322,28/6/24,98,12/7/24,256,4/8/24
F52,,,,,58,1,,,,,,,,,,,,,,,58,5/4/24,58,5/4/24
G203,,,,,553,3,,,,,,,,,,,,,,,120,18/5/24,396,6/4/24,37,7/5/24,120,18/5/24
F172,,,,,968,1,,,,,,,,,,,,,,,968,8/4/24,968,8/4/24
F186,,,,,944,1,,,,,,,,,,,,,,,944,8/4/24,944,8/4/24
G204,,,,,188,1,,,,,,,,,,,,,,,188,9/4/24,188,9/4/24
F183,,,,,288,2,,,,,,,,,,,,,,,43,16/6/24,245,11/4/24,43,16/6/24
F230,,,,,418,3,,,,,,,,,,,,,,,26,7/8/24,193,11/4/24,199,7/6/24,26,7/8/24
G158,,,,,213,2,,,,,,,,,,,,,,,136,26/4/24,77,12/4/24,136,26/4/24
F170,,,,,1052,1,,,,,,,,,,,,,,,1052,12/4/24,1052,12/4/24
F149,,,,,243,1,,,,,,,,,,,,,,,243,13/4/24,243,13/4/24
F192,,,,,777,1,,,,,,,,,,,,,,,777,13/4/24,777,13/4/24
F194,,,,,455,1,,,,,,,,,,,,,,,455,16/4/24,455,16/4/24
F396,LEn m,15/4/24,Pcx6,1580,,,1/8,#B4A-BAB,,,,,,,,,,,757
F397,LEn m,15/4/24,Pcx6,1580,160,1,1/8,#B4A-BAB,,,,,,,,,,,757,10%,160,25/9/24,160,25/9/24
F399,LEn m,15/4/24,Pcx6,1580,345,3,1/8,#B4A-BAB,,,,,,,,,,,757,22%,12,9/4/25,299,4/2/25,34,13/2/25,12,9/4/25
F400,LEn m,15/4/24,Pcx6,1580,266,1,1/8,#B4A-BAB,,,,,,,,,,,757,17%,266,3/10/24,266,3/10/24
F401,LEn m,15/4/24,Pcx6,1580,,,1/8,#B4A-BAB,,,,,,,,,,,757
F402,LEn m,15/4/24,Pcx6,1580,220,1,1/8,#B4A-BAB,,,,,,,,,,,757,14%,220,11/11/24,220,11/11/24
F403,LEn m,15/4/24,Pcx6,1580,310,2,1/8,#B4A-BAB,,,,,,,,,,,757,20%,172,21/11/24,138,3/11/24,172,21/11/24
F398,LEn m,15/4/24,Ppx6,1580,,,1/8,#B4A-BAB,,,,,,,,,,,757
F404,POm,15/4/24,Ppx6,1580,1738,4,1/8,#?-DBA,,,,,,,,,,,757,110%,34,8/11/24,1378,18/9/24,245,9/10/24,81,22/10/24,34,8/11/24
F405,POm,15/4/24,Ppx6,1580,1489,2,1/8,#?-DBA,,,,,,,,,,,757,94%,328,30/9/24,1161,20/9/24,328,30/9/24
F406,POm,15/4/24,Ppx6,1580,1748,3,1/8,#?-DBA,,,,,,,,,,,757,111%,190,22/11/24,1084,10/9/24,474,1/10/24,190,22/11/24
F407,POm,15/4/24,Ppx6,1580,1472,4,1/8,#?-DBA,,,,,,,,,,,757,93%,121,10/11/24,1043,14/9/24,231,1/10/24,77,28/10/24,121,10/11/24
F408,POm,15/4/24,Ppx6,1580,886,2,1/8,#?-DBA,,,,,,,,,,,757,56%,209,31/10/24,677,14/10/24,209,31/10/24
F409,POm,15/4/24,Ppx6,1580,1438,3,1/8,#?-DBA,,,,,,,,,,,757,91%,127,8/11/24,958,13/9/24,353,29/9/24,127,8/11/24
F410,POm,15/4/24,Ppx6,1580,649,3,1/8,#?-DBA,,,,,,,,,,,757,41%,101,31/12/24,105,12/10/24,443,3/12/24,101,31/12/24
F411,POm,15/4/24,Ppx6,1580,1530,2,1/8,#?-DBA,,,,,,,,,,,757,97%,255,26/9/24,1275,10/9/24,255,26/9/24
F412,HEn,15/4/24,Ppx6,1580,1087,3,1/8,#W3-BAA,,,,,,,,,,,757,69%,293,9/7/24,553,6/6/24,241,22/6/24,293,9/7/24
F413,PSn,15/4/24,Ppx6,1580,1118,4,1/8,#A4B-BB,,,,,,,,,,,757,71%,217,9/8/24,250,16/6/24,330,30/6/24,321,12/7/24,217,9/8/24
F414,PSn,15/4/24,Pcx6,1580,384,4,1/8,#A4B-BB,,,,,,,,,,,757,24%,52,20/11/24,215,30/9/24,63,23/10/24,54,8/11/24,52,20/11/24
F415,PSn,15/4/24,Ppx6,1580,1831,4,1/8,#A4B-BB,,,,,,,,,,,757,116%,226,29/7/24,562,9/6/24,424,21/6/24,619,4/7/24,226,29/7/24
F416,PSn,15/4/24,Ppx6,1580,494,2,1/8,#A4B-BB,,,,,,,,,,,757,31%,272,9/8/24,222,4/7/24,272,9/8/24
F417,PSn,15/4/24,Ppx6,1580,1711,6,1/8,#A4B-BB,,,,,,,,,,,757,108%,138,9/8/24,696,11/6/24,377,22/6/24,137,4/7/24,220,16/7/24,143,28/7/24,138,9/8/24
F418,PSn,15/4/24,Ppx6,1580,,,1/8,#A4B-BB,,,,,,,,,,,757
F419,PSn,15/4/24,Ppx6,1580,200,2,1/8,#A4B-BB,,,,,,,,,,,757,13%,51,6/10/24,149,26/9/24,51,6/10/24
G380,HU22,12/3/24,Pn2x6,1580,1951,7,1/9,10d#B22A-DBA,,,,,,,,,,,790,123%,23,15/7/24,690,19/4/24,666,4/5/24,194,2/6/24,196,12/6/24,119,25/6/24,63,6/7/24,23,15/7/24
G127,,,,,381,1,,,,,,,,,,,,,,,381,21/4/24,381,21/4/24
G383,HU22,12/3/24,Pn2x6,1580,2341,7,1/9,10d#B22A-DBA,,,,,,,,,,,790,148%,19,4/8/24,614,23/4/24,731,10/5/24,435,26/5/24,281,8/6/24,138,22/6/24,123,7/7/24,19,4/8/24
G384,HU22,12/3/24,Pn2x6,1580,2518,5,1/9,10d#B22A-DBA,,,,,,,,,,,790,159%,87,30/6/24,829,24/4/24,516,12/5/24,877,26/5/24,209,16/6/24,87,30/6/24
F420,LE3790,24/4/24,Pcx6,1580,429,1,1/8,#A2B-ABC,,,,,,,,,,,748,27%,429,20/9/24,429,20/9/24
F421,LE3790,24/4/24,Pcx6,1580,717,1,1/8,#A2B-ABC,,,,,,,,,,,748,45%,717,6/10/24,717,6/10/24
F422,LE3790,24/4/24,Pcx6,1580,,,1/8,#A2B-ABC,,,,,,,,,,,748
F423,LE3790,24/4/24,Pcx6,1580,752,1,1/8,#A2B-ABC,,,,,,,,,,,748,48%,752,10/10/24,752,10/10/24
F424,LE3790,24/4/24,Pcx6,1580,,,1/8,#A2B-ABC,,,,,,,,,,,748
F425,LE3790,24/4/24,Pcx6,1580,402,1,1/8,#A2B-ABC,,,,,,,,,,,748,25%,402,1/10/24,402,1/10/24
F426,LE3790,24/4/24,Pcx6,1580,494,1,1/8,#A2B-ABC,,,,,,,,,,,748,31%,494,6/10/24,494,6/10/24
F427,LE3790,24/4/24,Pcx6,1580,918,2,1/8,#A2B-ABC,,,,,,,,,,,748,58%,128,22/11/24,790,28/10/24,128,22/11/24
F428,LE3790,24/4/24,Ppx6,1580,,,1/8,0,,,,,,,,,,,748
F429,LE3790,24/4/24,Ppx6,1580,1,1,1/8,0,,,,,,,,,,,748,0%,1,19/9/24,1,19/9/24
F430,LE3790,24/4/24,Ppx6,1580,0,1,1/8,0,,,,,,,,,,,748,0%,0,16/11/24,0,16/11/24
F431,HEg,24/4/24,Ppx6,1580,767,2,1/8,#bactKBCA-AAA,,,,,,,,,,,748,49%,234,12/7/24,533,12/6/24,234,12/7/24
F432,HEg,24/4/24,Ppx6,1580,996,3,1/8,#bactKBCA-AAA,,,,,,,,,,,748,63%,262,14/7/24,554,7/6/24,180,24/6/24,262,14/7/24
F433,HEg,24/4/24,Ppx6,1580,,,1/8,#bactKBCA-AAA,,,,,,,,,,,748
F434,HEg,24/4/24,Ppx6,1580,216,1,1/8,#bactKBCA-AAB,,,,,,,,,,,748,14%,216,20/6/24,216,20/6/24
F435,HEg,24/4/24,Ppx6,1580,396,2,1/8,#bactKBCA-AAB,,,,,,,,,,,748,25%,116,30/6/24,280,13/6/24,116,30/6/24
F436,HEg,24/4/24,Ppx6,1580,80,1,1/8,#bactKBCA-AAB,,,,,,,,,,,748,5%,80,30/6/24,80,30/6/24
G376,HU22,12/3/24,Pn2x6,1580,2245,8,1/9,10d#B22A-DBA,,,,,,,,,,,790,142%,54,28/7/24,290,7/5/24,636,16/5/24,551,30/5/24,276,12/6/24,241,24/6/24,169,7/7/24,28,17/7/24,54,28/7/24
G377,HU22,12/3/24,Pn2x6,1580,2095,7,1/9,10d#B22A-DBA,,,,,,,,,,,790,133%,25,2/8/24,604,7/5/24,506,22/5/24,350,5/6/24,337,18/6/24,119,30/6/24,154,7/7/24,25,2/8/24
G378,HU22,12/3/24,Pn2x6,1580,2090,6,1/9,10d#B22A-DBA,,,,,,,,,,,790,132%,37,31/7/24,627,4/5/24,390,20/5/24,437,7/6/24,414,22/6/24,185,7/7/24,37,31/7/24
G379,HU22,12/3/24,Pn2x6,1580,2167,7,1/9,10d#B22A-DBA,,,,,,,,,,,790,137%,242,28/7/24,418,16/5/24,574,25/5/24,221,10/6/24,96,22/6/24,261,30/6/24,355,8/7/24,242,28/7/24
G381,HU22,12/3/24,Pn2x6,1580,1658,6,1/9,10d#B22A-DBA,,,,,,,,,,,790,105%,199,7/7/24,492,5/5/24,465,24/5/24,171,8/6/24,205,22/6/24,126,30/6/24,199,7/7/24
G382,HU22,12/3/24,Pn2x6,1580,2883,5,1/9,10d#B22A-DBA,,,,,,,,,,,790,182%,100,12/7/24,727,2/5/24,728,20/5/24,1004,11/6/24,324,30/6/24,100,12/7/24
G385,PAb,8/4/24,Pn2x6,1580,820,3,1/8,#LAA-DAA,,,,,,,,,,,764,52%,50,8/12/24,604,5/10/24,166,31/10/24,50,8/12/24
G386,PAb,8/4/24,Pn2x6,1580,702,2,1/8,#LAA-DAA,,,,,,,,,,,764,44%,273,30/10/24,429,14/10/24,273,30/10/24
G387,PAb,8/4/24,Pn2x6,1580,965,4,1/8,#LAA-DAA,,,,,,,,,,,764,61%,144,15/11/24,255,12/5/24,35,30/6/24,531,28/10/24,144,15/11/24
G388,PAb,8/4/24,Pn2x6,1580,1194,6,1/8,#LAA-DAA,,,,,,,,,,,764,76%,33,10/12/24,161,4/5/24,142,12/5/24,478,23/10/24,257,6/11/24,123,22/11/24,33,10/12/24
G389,PAb,8/4/24,Pn2x6,1580,1036,2,1/8,#LAA-DAA,,,,,,,,,,,764,66%,70,29/11/24,966,25/10/24,70,29/11/24
G390,PAb,8/4/24,Pn2x6,1580,659,3,1/8,#LAA-DAA,,,,,,,,,,,764,42%,192,22/11/24,458,16/10/24,9,5/11/24,192,22/11/24
G391,PAb,8/4/24,Pn2x6,1580,458,2,1/8,#LAA-DAA,,,,,,,,,,,764,29%,86,30/11/24,372,26/10/24,86,30/11/24
G392,PAb,8/4/24,Pn2x6,1580,671,2,1/8,#LAA-DAA,,,,,,,,,,,764,42%,293,7/11/24,378,24/10/24,293,7/11/24
G393,HU22,9/4/24,Pn2x6,1580,1162,4,1/8,#B22-DBB,,,,,,,,,,,763,74%,150,9/7/24,621,26/5/24,216,9/6/24,175,30/6/24,150,9/7/24
G394,HU22,9/4/24,Pn2x6,1580,1513,4,1/8,#B22-DBB,,,,,,,,,,,763,96%,97,12/7/24,538,30/5/24,384,13/6/24,494,28/6/24,97,12/7/24
G395,HU22,9/4/24,Pn2x6,1580,2168,7,1/8,#B22-DBB,,,,,,,,,,,763,137%,89,31/7/24,771,16/5/24,632,28/5/24,358,11/6/24,188,30/6/24,70,7/7/24,60,17/7/24,89,31/7/24
G396,HU22,9/4/24,Pn2x6,1580,1371,4,1/8,#B22-DBB,,,,,,,,,,,763,87%,60,4/8/24,644,7/6/24,549,25/6/24,118,8/7/24,60,4/8/24
G397,HU22,9/4/24,Pn2x6,1580,2096,4,1/8,#B22-DBB,,,,,,,,,,,763,133%,209,13/7/24,1027,19/5/24,756,7/6/24,104,30/6/24,209,13/7/24
G398,HU22,9/4/24,Pn2x6,1580,2159,5,1/8,#B22-DBB,,,,,,,,,,,763,137%,150,13/7/24,695,16/5/24,536,30/5/24,479,15/6/24,299,27/6/24,150,13/7/24
G399,HU22,9/4/24,Pn2x6,1580,,,1/8,#B22-DBB,,,,,,,,,,,763
G400,HU22,9/4/24,Pn2x6,1580,2028,6,1/8,#B22-DBB,,,,,,,,,,,763,128%,79,8/8/24,677,19/5/24,878,11/6/24,240,2/7/24,129,16/7/24,25,28/7/24,79,8/8/24
G401,GLg,10/4/24,Pn2x6,1580,-648,2,1/8,#YD-BXA,,,,,,,,,,,762,-41%,91,22/7/25,-739,4/2/25,91,22/7/25
G402,GLg,10/4/24,Pn2x6,1580,,,1/8,#YD-BXA,,,,,,,,,,,762
G403,GLg,10/4/24,Pn2x6,1580,,,1/8,#YD-BXA,,,,,,,,,,,762
G404,GLg,10/4/24,Pn2x6,1580,,,1/8,#YD-BXA,,,,,,,,,,,762
G405,GLg,10/4/24,Pn2x6,1580,,,1/8,#YD-BXA,,,,,,,,,,,762
G406,GLg,10/4/24,Pn2x6,1580,,,1/8,#YD-BXA,,,,,,,,,,,762
G407,GLg,10/4/24,Pn2x6,1580,,,1/8,#YD-BXA,,,,,,,,,,,762
G408,GLg,10/4/24,Pn2x6,1580,,,1/8,#YD-BXA,,,,,,,,,,,762
G409,PSn,19/4/24,Pn2x6,1580,1081,4,1/9,#A4B-BC,,,,,,,,,,,753,68%,246,8/8/24,204,24/6/24,329,1/7/24,302,12/7/24,246,8/8/24
G410,PSn,19/4/24,Pn2x6,1580,1256,4,1/9,#A4B-BC,,,,,,,,,,,753,79%,48,9/8/24,367,18/6/24,628,28/6/24,213,12/7/24,48,9/8/24
G411,PSn,19/4/24,Pn2x6,1580,553,6,1/9,#A4B-BC,,,,,,,,,,,753,35%,15,19/11/24,159,9/9/24,167,23/9/24,92,2/10/24,28,10/10/24,92,20/10/24,15,19/11/24
G412,PSn,19/4/24,Pn2x6,1580,944,3,1/9,#A4B-BC,,,,,,,,,,,753,60%,145,2/8/24,314,22/6/24,485,2/7/24,145,2/8/24
G413,PSn,19/4/24,Pn2x6,1580,1511,3,1/9,#A4B-BC,,,,,,,,,,,753,96%,238,31/7/24,1015,10/6/24,258,9/7/24,238,31/7/24
G414,PSn,19/4/24,Pn2x6,1580,1123,3,1/9,#A4B-BC,,,,,,,,,,,753,71%,146,31/7/24,694,13/6/24,283,9/7/24,146,31/7/24
G415,PSn,19/4/24,Pn2x6,1580,1302,4,1/9,#A4B-BC,,,,,,,,,,,753,82%,146,9/8/24,404,18/6/24,603,30/6/24,149,29/7/24,146,9/8/24
G416,PSn,19/4/24,Pn2x6,1580,489,2,1/9,#A4B-BC,,,,,,,,,,,753,31%,179,2/7/24,310,24/6/24,179,2/7/24
G417,PSn,19/4/24,Pn2x6,1580,1265,4,1/9,#A4B-BC,,,,,,,,,,,753,80%,122,4/8/24,345,16/6/24,449,25/6/24,349,9/7/24,122,4/8/24
G418,HU22,21/3/24,Pn2x6,1580,1191,4,1/8,#B22A-DBC,,,,,,,,,,,781,75%,133,8/11/24,593,30/9/24,310,10/10/24,155,29/10/24,133,8/11/24
G419,HU22,21/3/24,Pn2x6,1580,1337,4,1/8,#B22A-DBC,,,,,,,,,,,781,85%,395,9/7/24,66,21/5/24,408,11/6/24,468,22/6/24,395,9/7/24
G420,HU22,21/3/24,Pn2x6,1580,1510,4,1/8,#B22A-DBC,,,,,,,,,,,781,96%,320,19/11/24,121,2/7/24,327,17/7/24,742,3/8/24,320,19/11/24
G421,HU22,21/3/24,Pn2x6,1580,1299,4,1/8,#B22A-DBC,,,,,,,,,,,781,82%,275,31/7/24,241,22/5/24,540,7/6/24,243,1/7/24,275,31/7/24
G422,HU22,21/3/24,Pn2x6,1580,1576,5,1/8,#B22A-DBC,,,,,,,,,,,781,100%,114,31/7/24,503,31/5/24,378,13/6/24,312,30/6/24,269,8/7/24,114,31/7/24
G423,HU22,21/3/24,Pn2x6,1580,849,3,1/8,#B22A-DBC,,,,,,,,,,,781,54%,124,5/8/24,285,17/6/24,440,4/7/24,124,5/8/24
G424,HU22,21/3/24,Pn2x6,1580,872,3,1/8,#B22A-DBC,,,,,,,,,,,781,55%,393,4/8/24,250,25/6/24,229,13/7/24,393,4/8/24
G425,HU22,21/3/24,Pn2x6,1580,1408,4,1/8,#B22A-DBC,,,,,,,,,,,781,89%,94,8/8/24,526,16/6/24,455,1/7/24,333,14/7/24,94,8/8/24
G426,POm,1/4/24,Pn2x6,1580,682,3,1/8,#X-DBB,,,,,,,,,,,771,43%,1156,19/10/24,-911,19/9/24,437,29/9/24,1156,19/10/24
G427,POm,1/4/24,Pn2x6,1580,1966,5,1/8,#X-DBB,,,,,,,,,,,771,124%,92,26/11/24,1623,24/9/24,0,5/10/24,122,25/10/24,129,8/11/24,92,26/11/24
G428,POm,1/4/24,Pn2x6,1580,1772,3,1/8,#X-DBB,,,,,,,,,,,771,112%,181,8/8/24,699,8/6/24,892,1/7/24,181,8/8/24
G429,POm,1/4/24,Pn2x6,1580,1464,2,1/8,#X-DBB,,,,,,,,,,,771,93%,209,18/11/24,1255,12/10/24,209,18/11/24
G430,POm,1/4/24,Pn2x6,1580,1449,1,1/8,#X-DBB,,,,,,,,,,,771,92%,1449,3/10/24,1449,3/10/24
G431,POm,1/4/24,Pn2x6,1580,,,1/8,#X-DBB,,,,,,,,,,,771
G432,POm,1/4/24,Pn2x6,1580,1581,2,1/8,#X-DBB,,,,,,,,,,,771,100%,578,30/6/24,1003,31/5/24,578,30/6/24
G433,POm,1/4/24,Pn2x6,1580,1849,3,1/8,#X-DBB,,,,,,,,,,,771,117%,256,9/8/24,1004,31/5/24,589,30/6/24,256,9/8/24
F224,,,,,1285,1,,,,,,,,,,,,,,,1285,27/4/24,1285,27/4/24
G111,,,,,56,1,,,,,,,,,,,,,,,56,28/4/24,56,28/4/24
F191,,,,,856,1,,,,,,,,,,,,,,,856,28/4/24,856,28/4/24
F174,,,,,868,1,,,,,,,,,,,,,,,868,29/4/24,868,29/4/24
F437,POn,24/4/24,Ppx6,1580,,,1/8,#Z3-BAB,,,,,,,,,,,748
F438,POn,24/4/24,Ppx6,1580,,,1/8,#Z3-BAB,,,,,,,,,,,748
F439,POn,24/4/24,Ppx6,1580,,,1/8,#Z3-BAB,,,,,,,,,,,748
F440,POn,24/4/24,Ppx6,1580,3694,6,1/8,#Z3-BAC,,,,,,,,,,,748,234%,971,2/12/24,2086,18/9/24,310,3/10/24,145,19/10/24,139,5/11/24,43,26/11/24,971,2/12/24
F441,POn,24/4/24,Ppx6,1580,1317,4,1/8,#Z3-BAC,,,,,,,,,,,748,83%,35,1/8/24,601,18/6/24,474,2/7/24,207,16/7/24,35,1/8/24
F442,POn,24/4/24,Ppx6,1580,619,3,1/8,#Z3-BAC,,,,,,,,,,,748,39%,121,29/10/24,367,7/10/24,131,18/10/24,121,29/10/24
F443,POn,24/4/24,Ppx6,1580,1658,6,1/8,#Z3-BAC,,,,,,,,,,,748,105%,52,23/11/24,663,27/9/24,402,5/10/24,226,19/10/24,149,30/10/24,166,11/11/24,52,23/11/24
GG386,HEn,,,,1333,3,,,,,,,,,,,,,,,242,5/6/24,903,5/5/24,188,18/5/24,242,5/6/24
GG388,HEn,,,,922,3,,,,,,,,,,,,,,,70,11/6/24,786,11/5/24,66,31/5/24,70,11/6/24
G138,,,,,473,1,,,,,,,,,,,,,,,473,5/5/24,473,5/5/24
G141,,,,,315,1,,,,,,,,,,,,,,,315,7/5/24,315,7/5/24
F447,PSn,8/5/24,Ppx6,1580,880,5,1/8,#A4B-BB,,,,,,,,,,,733,56%,51,10/12/24,448,10/10/24,196,29/10/24,138,14/11/24,47,27/11/24,51,10/12/24
F448,PSn,8/5/24,Ppx6,1580,847,5,1/8,#A4B-BB,,,,,,,,,,,733,54%,16,30/11/24,420,27/9/24,97,12/10/24,221,24/10/24,93,11/11/24,16,30/11/24
F449,PSn,8/5/24,Ppx6,1580,643,5,1/8,#A4B-BB,,,,,,,,,,,733,41%,24,15/11/24,247,22/9/24,179,8/10/24,136,22/10/24,57,5/11/24,24,15/11/24
F450,PSn,8/5/24,Ppx6,1580,658,4,1/8,#A4B-BB,,,,,,,,,,,733,42%,73,13/11/24,235,27/9/24,144,13/10/24,206,28/10/24,73,13/11/24
F451,PSn,8/5/24,Ppx6,1580,686,4,1/8,#A4B-BB,,,,,,,,,,,733,43%,27,30/11/24,370,13/10/24,128,29/10/24,161,15/11/24,27,30/11/24
F452,POm,8/5/24,Ppx6,1580,2284,4,1/8,#?-DBC,,,,,,,,,,,733,145%,145,21/11/24,1288,19/9/24,566,4/10/24,285,28/10/24,145,21/11/24
F453,POm,8/5/24,Ppx6,1580,,,1/8,#?-DBC,,,,,,,,,,,733
F454,POm,8/5/24,Ppx6,1580,1867,3,1/8,#?-DBC,,,,,,,,,,,733,118%,237,7/11/24,1446,30/9/24,184,23/10/24,237,7/11/24
F455,POm,8/5/24,Ppx6,1580,2157,4,1/8,#?-DBC,,,,,,,,,,,733,137%,139,29/11/24,1680,10/10/24,78,5/11/24,260,19/11/24,139,29/11/24
F456,POm,8/5/24,Ppx6,1580,1927,3,1/8,#?-DBC,,,,,,,,,,,733,122%,130,5/11/24,1652,30/9/24,145,20/10/24,130,5/11/24
F457,POm,8/5/24,Ppx6,1580,1490,1,1/8,#?-DBC,,,,,,,,,,,733,94%,1490,26/9/24,1490,26/9/24
F458,POm,8/5/24,Ppx6,1580,1393,1,1/8,#?-DBC,,,,,,,,,,,733,88%,1393,10/10/24,1393,10/10/24
F459,POm,8/5/24,Ppx6,1580,,,1/8,#?-DBC,,,,,,,,,,,733
F460,GLg,8/5/24,Ppx6,1580,,,1/8,#YD-BXD,,,,,,,,,,,733
F461,GLg,8/5/24,Ppx6,1580,,,1/8,#YD-BXD,,,,,,,,,,,733
F462,GLg,8/5/24,Ppx6,1580,,,1/8,#YD-BXD,,,,,,,,,,,733
F463,GLg,8/5/24,Ppx6,1580,229,1,1/8,#YD-BXD,,,,,,,,,,,733,14%,229,22/7/25,229,22/7/25
F464,GLg,8/5/24,Ppx6,1580,113,1,1/8,#YD-BXD,,,,,,,,,,,733,7%,113,22/7/25,113,22/7/25
F465,GLg,8/5/24,Ppx6,1580,,,1/8,#YD-BXD,,,,,,,,,,,733
F466,GLg,8/5/24,Ppx6,1580,,,1/8,#YD-BXD,,,,,,,,,,,733
F467,GLg,8/5/24,Ppx6,1580,337,1,1/8,#YD-BXD,,,,,,,,,,,733,21%,337,11/11/24,337,11/11/24
G140,,,,,387,1,,,,,,,,,,,,,,,387,10/5/24,387,10/5/24
GG389,HEn,,,,1261,3,,,,,,,,,,,,,,,0,11/6/24,1088,10/5/24,173,25/5/24,0,11/6/24
G142,,,,,421,1,,,,,,,,,,,,,,,421,10/5/24,421,10/5/24
F211,,,,,209,1,,,,,,,,,,,,,,,209,11/5/24,209,11/5/24
G139,,,,,279,1,,,,,,,,,,,,,,,279,12/5/24,279,12/5/24
GG387,,,,,783,4,,,,,,,,,,,,,,,150,30/6/24,370,13/5/24,158,26/5/24,105,10/6/24,150,30/6/24
F223,,,,,1158,1,,,,,,,,,,,,,,,1158,13/5/24,1158,13/5/24
GG390,,,,,1231,3,,,,,,,,,,,,,,,203,12/6/24,885,14/5/24,143,26/5/24,203,12/6/24
F176,,,,,945,1,,,,,,,,,,,,,,,945,18/5/24,945,18/5/24
G129,,,,,429,1,,,,,,,,,,,,,,,429,20/5/24,429,20/5/24
G133,,,,,310,1,,,,,,,,,,,,,,,310,20/5/24,310,20/5/24
GG385,,,,,1060,3,,,,,,,,,,,,,,,178,20/6/24,692,22/5/24,190,5/6/24,178,20/6/24
F468,HU24,23/5/24,Ppx6,1580,1095,4,1/8,#F4A-AA,,,,,,,,,,,718,69%,273,19/10/24,378,22/9/24,236,1/10/24,208,10/10/24,273,19/10/24
F469,HU24,23/5/24,Ppx6,1580,348,2,1/8,#F4A-AA,,,,,,,,,,,718,22%,209,6/11/24,139,13/10/24,209,6/11/24
F470,HU24,23/5/24,Ppx6,1580,65,1,1/8,#F4A-AA,,,,,,,,,,,718,4%,65,10/10/24,65,10/10/24
F471,HU24,23/5/24,Ppx6,1580,2045,4,1/8,#F4A-AA,,,,,,,,,,,718,129%,621,31/7/24,573,25/6/24,618,4/7/24,233,15/7/24,621,31/7/24
F472,AA22,23/5/24,Ppx6,1580,1374,6,1/8,#N2BD-BBA,,,,,,,,,,,718,87%,16,26/1/25,333,18/9/24,618,30/9/24,230,16/10/24,99,12/11/24,78,13/12/24,16,26/1/25
F473,HEn,23/5/24,Ppx6,1580,722,1,1/8,#W3-BBC,,,,,,,,,,,718,46%,722,9/7/24,722,9/7/24
F474,HEn,23/5/24,Ppx6,1580,,,1/8,#W3-BBC,,,,,,,,,,,718
F475,HEn,23/5/24,Ppx6,1580,91,1,1/8,#W3-BBC,,,,,,,,,,,718,6%,91,25/11/24,91,25/11/24
F476,HEn,23/5/24,Ppx6,1580,1072,2,1/8,#W3-BBC,,,,,,,,,,,718,68%,266,4/8/24,806,10/7/24,266,4/8/24
F477,HEn,23/5/24,Ppx6,1580,229,1,1/8,#W3-BBC,,,,,,,,,,,718,14%,229,8/8/24,229,8/8/24
F478,HEn,23/5/24,Ppx6,1580,,,1/8,#W3-BBC,,,,,,,,,,,718
F479,HEn,23/5/24,Ppx6,1580,75,1,1/8,#W3-BBC,,,,,,,,,,,718,5%,75,6/8/24,75,6/8/24
F480,HEn,23/5/24,Ppx6,1580,1559,9,1/8,#W3-BBC,,,,,,,,,,,718,99%,34,11/3/25,772,26/9/24,424,9/10/24,126,23/10/24,43,5/11/24,40,18/11/24,55,2/12/24,35,19/12/24,30,4/2/25,34,11/3/25
F481,HU22,23/5/24,Ppx6,1580,1721,7,1/8,#B22-BC,,,,,,,,,,,718,109%,64,25/1/25,461,29/9/24,286,10/10/24,86,3/11/24,262,19/11/24,385,30/11/24,177,25/12/24,64,25/1/25
F482,HU22,23/5/24,Ppx6,1580,1822,4,1/8,#B22-BC,,,,,,,,,,,718,115%,77,12/11/24,765,24/9/24,531,4/10/24,449,22/10/24,77,12/11/24
F483,HU22,23/5/24,Ppx6,1580,,,1/8,#B22-BC,,,,,,,,,,,718
F484,HU22,23/5/24,Ppx6,1580,,,1/8,#B22-BC,,,,,,,,,,,718
F485,HU22,23/5/24,Ppx6,1580,,,1/8,#B22-BC,,,,,,,,,,,718
F486,HU22,23/5/24,Ppx6,1580,1955,3,1/8,#B22-BC,,,,,,,,,,,718,124%,430,22/11/24,861,24/9/24,664,5/10/24,430,22/11/24
F487,HU22,23/5/24,Ppx6,1580,,,1/8,#B22-BC,,,,,,,,,,,718
F488,HU22,23/5/24,Ppx6,1580,1462,3,1/8,#B22-BC,,,,,,,,,,,718,93%,296,19/11/24,652,7/10/24,514,27/10/24,296,19/11/24
G128,,,,,465,1,,,,,,,,,,,,,,,465,26/5/24,465,26/5/24
G135,,,,,362,1,,,,,,,,,,,,,,,362,30/5/24,362,30/5/24
F219,,,,,1160,1,,,,,,,,,,,,,,,1160,30/5/24,1160,30/5/24
G164,,,,,449,1,,,,,,,,,,,,,,,449,30/5/24,449,30/5/24
FF348,,,,,2074,4,,,,,,,,,,,,,,,126,9/7/24,994,2/6/24,695,11/6/24,259,25/6/24,126,9/7/24
F180,,,,,183,1,,,,,,,,,,,,,,,183,7/6/24,183,7/6/24
G434,,,,,1662,2,,,,,,,,,,,,,,,642,5/7/24,1020,8/6/24,642,5/7/24
G435,HEn,3/5/24,Pn2x6,1580,1321,4,1/9,#W3-BAC,,,,,,,,,,,738,84%,101,5/8/24,729,9/6/24,118,25/6/24,373,8/7/24,101,5/8/24
F489,PCme,6/6/24,Ppx6,1580,826,4,1/8,#?A,,,,,,,,,,,705,52%,53,14/1/25,465,11/10/24,114,24/10/24,194,7/11/24,53,14/1/25
F490,PCme,6/6/24,Ppx6,1580,1125,5,1/8,#?A,,,,,,,,,,,705,71%,137,28/1/25,310,28/9/24,337,8/10/24,219,20/10/24,122,11/11/24,137,28/1/25
F491,PCme,6/6/24,Ppx6,1580,,,1/8,#?A,,,,,,,,,,,705
F492,PCme,6/6/24,Ppx6,1580,791,3,1/8,#?A,,,,,,,,,,,705,50%,95,15/1/25,351,18/10/24,345,12/12/24,95,15/1/25
F493,PCme,6/6/24,Ppx6,1580,1140,5,1/8,#?A,,,,,,,,,,,705,72%,180,18/3/25,414,8/10/24,173,19/10/24,209,7/11/24,164,30/11/24,180,18/3/25
F494,PCme,6/6/24,Ppx6,1580,671,2,1/8,#?A,,,,,,,,,,,705,42%,229,25/11/24,442,6/11/24,229,25/11/24
F495,PCme,6/6/24,Ppx6,1580,,,1/8,#?A,,,,,,,,,,,705
F496,PCme,6/6/24,Ppx6,1580,845,4,1/8,#?A,,,,,,,,,,,705,53%,183,28/1/25,194,27/10/24,356,10/11/24,112,2/12/24,183,28/1/25
F497,PSme,6/6/24,Ppx6,1580,,,1/8,VB,,,,,,,,,,,705
F498,PSme,6/6/24,Ppx6,1580,,,1/8,VB,,,,,,,,,,,705
F499,PSme,6/6/24,Ppx6,1580,,,1/8,VB,,,,,,,,,,,705
F500,PSme,6/6/24,Ppx6,1580,,,1/8,VB,,,,,,,,,,,705
F501,PSme,6/6/24,Ppx6,1580,,,1/8,VB,,,,,,,,,,,705
F502,PSme,6/6/24,Ppx6,1580,,,1/8,VB,,,,,,,,,,,705
F503,PSme,6/6/24,Ppx6,1580,,,1/8,VB,,,,,,,,,,,705
F504,PSme,6/6/24,Ppx6,1580,,,1/8,VB,,,,,,,,,,,705
F505,LEfr,6/6/24,Pcx6,1580,941,1,1/8,#C2BE-RAA,,,,,,,,,,,705,60%,941,20/10/24,941,20/10/24
F506,LEfr,6/6/24,Pcx6,1580,804,1,1/8,#C2BE-RAA,,,,,,,,,,,705,51%,804,25/11/24,804,25/11/24
F507,LEfr,6/6/24,Pcx6,1580,601,1,1/8,#C2BE-RAA,,,,,,,,,,,705,38%,601,21/11/24,601,21/11/24
F508,LEfr,6/6/24,Pcx6,1580,768,2,1/8,#C2BE-RAA,,,,,,,,,,,705,49%,208,3/12/24,560,21/11/24,208,3/12/24
F509,LEfr,6/6/24,Pcx6,1580,1056,2,1/8,#C2BE-RAA,,,,,,,,,,,705,67%,211,22/11/24,845,30/10/24,211,22/11/24
F510,LEfr,6/6/24,Pcx6,1580,1173,1,1/8,#C2BE-RAA,,,,,,,,,,,705,74%,1173,12/11/24,1173,12/11/24
F511,LEfr,6/6/24,Pcx6,1580,913,1,1/8,#C2BE-RAA,,,,,,,,,,,705,58%,913,28/10/24,913,28/10/24
F512,LEfr,6/6/24,Pcx6,1580,960,1,1/8,#C2BE-RAA,,,,,,,,,,,705,61%,960,11/11/24,960,11/11/24
F513,HEn,6/6/24,Ppx6,1580,893,8,1/8,#W3-BBB,,,,,,,,,,,705,57%,66,8/3/25,273,5/10/24,209,17/10/24,83,31/10/24,119,19/11/24,56,3/12/24,22,19/12/24,65,14/1/25,66,8/3/25
F514,HEn,6/6/24,Ppx6,1580,759,7,1/8,#W3-BBB,,,,,,,,,,,705,48%,12,22/1/25,276,9/10/24,131,23/10/24,121,5/11/24,76,19/11/24,61,8/12/24,82,31/12/24,12,22/1/25
F515,HEn,6/6/24,Ppx6,1580,959,7,1/8,#W3-BBB,,,,,,,,,,,705,61%,77,15/3/25,384,5/10/24,159,18/10/24,156,19/11/24,75,10/12/24,46,1/1/25,62,24/1/25,77,15/3/25
F516,HEn,6/6/24,Ppx6,1580,99,2,1/8,#W3-BBB,,,,,,,,,,,705,6%,55,19/11/24,44,13/7/24,55,19/11/24
F517,HEn,6/6/24,Ppx6,1580,861,8,1/8,#W3-BBB,,,,,,,,,,,705,54%,53,17/4/25,63,5/10/24,307,15/10/24,164,19/11/24,77,16/12/24,58,6/1/25,63,14/1/25,76,5/3/25,53,17/4/25
F518,HEn,6/6/24,Ppx6,1580,1403,6,1/8,#W3-BBB,,,,,,,,,,,705,89%,46,17/12/24,708,29/9/24,425,7/10/24,68,24/10/24,70,8/11/24,86,2/12/24,46,17/12/24
F519,HEn,6/6/24,Ppx6,1580,941,9,1/8,#W3-BBB,,,,,,,,,,,705,60%,90,10/3/25,197,29/9/24,246,13/10/24,99,27/10/24,66,7/11/24,61,23/11/24,71,14/12/24,57,7/1/25,54,22/1/25,90,10/3/25
F520,HEn,6/6/24,Ppx6,1580,,,1/8,#W3-BBB,,,,,,,,,,,705
F521,PCme,6/6/24,Ppx6,1580,989,4,1/8,#?-C,,,,,,,,,,,705,63%,150,23/10/24,276,13/9/24,449,29/9/24,114,10/10/24,150,23/10/24
F522,PCme,6/6/24,Ppx6,1580,1225,2,1/8,#?-C,,,,,,,,,,,705,78%,252,3/10/24,973,16/9/24,252,3/10/24
F523,PCme,6/6/24,Ppx6,1580,951,2,1/8,#?-C,,,,,,,,,,,705,60%,316,20/10/24,635,9/10/24,316,20/10/24
F524,PCme,6/6/24,Ppx6,1580,1478,4,1/8,#?-C,,,,,,,,,,,705,94%,187,13/10/24,380,12/9/24,632,21/9/24,279,2/10/24,187,13/10/24
F525,PCme,6/6/24,Ppx6,1580,1426,5,1/8,#?-C,,,,,,,,,,,705,90%,92,28/10/24,509,9/9/24,461,18/9/24,257,2/10/24,107,13/10/24,92,28/10/24
F526,PCme,6/6/24,Ppx6,1580,1732,4,1/8,#?-C,,,,,,,,,,,705,110%,227,28/10/24,1078,14/9/24,166,1/10/24,261,12/10/24,227,28/10/24
F527,PCme,6/6/24,Ppx6,1580,1649,6,1/8,#?-C,,,,,,,,,,,705,104%,91,22/11/24,305,16/9/24,546,24/9/24,302,4/10/24,268,13/10/24,137,30/10/24,91,22/11/24
F528,PCme,6/6/24,Ppx6,1580,1352,3,1/8,#?-C,,,,,,,,,,,705,86%,236,9/10/24,941,12/9/24,175,24/9/24,236,9/10/24
F529,GLg,6/6/24,Ppx6,1580,358,2,1/8,#MADC-ABB,,,,,,,,,,,705,23%,275,22/7/25,83,18/11/24,275,22/7/25
F530,GLg,6/6/24,Ppx6,1580,289,2,1/8,#MADC-ABB,,,,,,,,,,,705,18%,247,22/7/25,42,18/11/24,247,22/7/25
F531,GLg,6/6/24,Ppx6,1580,222,2,1/8,#MADC-ABB,,,,,,,,,,,705,14%,197,7/8/25,25,1/10/24,197,7/8/25
F532,GLg,6/6/24,Ppx6,1580,202,2,1/8,#MADC-ABB,,,,,,,,,,,705,13%,126,7/8/25,76,1/10/24,126,7/8/25
F533,GLg,6/6/24,Ppx6,1580,290,2,1/8,#MADC-ABB,,,,,,,,,,,705,18%,172,22/7/25,118,1/10/24,172,22/7/25
F534,GLg,6/6/24,Ppx6,1580,228,2,1/8,#MADC-ABB,,,,,,,,,,,705,14%,165,5/7/25,63,18/11/24,165,5/7/25
F535,GLg,6/6/24,Ppx6,1580,33,1,1/8,#MADC-ABB,,,,,,,,,,,705,2%,33,18/11/24,33,18/11/24
F536,GLg,6/6/24,Ppx6,1580,338,2,1/8,#MADC-ABB,,,,,,,,,,,705,21%,219,22/7/25,119,18/11/24,219,22/7/25
G137,,,,,204,1,,,,,,,,,,,,,,,204,11/6/24,204,11/6/24
F185,,,,,366,1,,,,,,,,,,,,,,,366,12/6/24,366,12/6/24
F218,,,,,193,1,,,,,,,,,,,,,,,193,12/6/24,193,12/6/24
G132,,,,,215,1,,,,,,,,,,,,,,,215,15/6/24,215,15/6/24
F177,,,,,233,1,,,,,,,,,,,,,,,233,16/6/24,233,16/6/24
G436,HEn,3/5/24,Pn2x6,1580,913,4,1/9,#W3-BAC,,,,,,,,,,,738,58%,181,4/8/24,357,17/6/24,82,4/7/24,293,16/7/24,181,4/8/24
FF347,,,,,1479,4,,,,,,,,,,,,,,,145,31/7/24,762,20/6/24,278,1/7/24,294,15/7/24,145,31/7/24
G449,POn,3/5/24,Pn2x6,1580,1553,4,1/8,#Z3-BBA,,,,,,,,,,,738,98%,41,29/7/24,350,20/6/24,818,30/6/24,344,14/7/24,41,29/7/24
F178,,,,,234,1,,,,,,,,,,,,,,,234,20/6/24,234,20/6/24
G134,,,,,241,1,,,,,,,,,,,,,,,241,20/6/24,241,20/6/24
F184,,,,,326,1,,,,,,,,,,,,,,,326,20/6/24,326,20/6/24
F221,,,,,565,1,,,,,,,,,,,,,,,565,20/6/24,565,20/6/24
F179,,,,,143,1,,,,,,,,,,,,,,,143,20/6/24,143,20/6/24
G437,HEn,3/5/24,Pn2x6,1580,1258,4,1/9,#W3-BAC,,,,,,,,,,,738,80%,247,9/8/24,585,21/6/24,254,5/7/24,172,17/7/24,247,9/8/24
F387,,,,,875,4,,,,,,,,,,,,,,,130,9/8/24,180,22/6/24,442,30/6/24,123,29/7/24,130,9/8/24
F386,,,,,827,4,,,,,,,,,,,,,,,115,28/7/24,419,24/6/24,229,6/7/24,64,16/7/24,115,28/7/24
F227,,,,,122,1,,,,,,,,,,,,,,,122,24/6/24,122,24/6/24
G509,HUn,21/5/24,Pn2x6,1580,2087,4,1/8,#CHA-BBA,,,,,,,,,,,720,132%,265,7/8/24,1158,27/6/24,526,13/7/24,138,29/7/24,265,7/8/24
G443,HEn,3/5/24,Pn2x6,1580,774,3,1/9,#W3-BAC,,,,,,,,,,,738,49%,173,6/8/24,177,30/6/24,424,12/7/24,173,6/8/24
G438,HEn,3/5/24,Pn2x6,1580,313,1,1/9,#W3-BAC,,,,,,,,,,,738,20%,313,10/7/24,313,10/7/24
G439,HEn,3/5/24,Pn2x6,1580,379,1,1/9,#W3-BAC,,,,,,,,,,,738,24%,379,6/8/24,379,6/8/24
G440,HEn,3/5/24,Pn2x6,1580,503,2,1/9,#W3-BAC,,,,,,,,,,,738,32%,357,9/8/24,146,10/7/24,357,9/8/24
G441,HEn,3/5/24,Pn2x6,1580,878,2,1/9,#W3-BAC,,,,,,,,,,,738,56%,293,1/8/24,585,12/7/24,293,1/8/24
G442,HEn,3/5/24,Pn2x6,1580,,,1/9,#W3-BAC,,,,,,,,,,,738
G444,POn,3/5/24,Pn2x6,1580,911,3,1/8,#Z3-BBA,,,,,,,,,,,738,58%,214,22/11/24,603,22/10/24,94,12/11/24,214,22/11/24
G445,POn,3/5/24,Pn2x6,1580,1096,2,1/8,#Z3-BBA,,,,,,,,,,,738,69%,590,19/9/24,506,7/9/24,590,19/9/24
G446,POn,3/5/24,Pn2x6,1580,1174,1,1/8,#Z3-BBA,,,,,,,,,,,738,74%,1174,19/9/24,1174,19/9/24
G447,POn,3/5/24,Pn2x6,1580,1645,4,1/8,#Z3-BBA,,,,,,,,,,,738,104%,137,21/11/24,882,10/10/24,473,29/10/24,153,10/11/24,137,21/11/24
G448,POn,3/5/24,Pn2x6,1580,1608,4,1/8,#Z3-BBA,,,,,,,,,,,738,102%,92,16/11/24,1079,18/9/24,259,3/10/24,178,20/10/24,92,16/11/24
G450,POn,3/5/24,Pn2x6,1580,1436,4,1/8,#Z3-BBA,,,,,,,,,,,738,91%,103,25/11/24,550,13/10/24,604,28/10/24,179,12/11/24,103,25/11/24
G451,POn,3/5/24,Pn2x6,1580,217,1,1/8,#Z3-BBA,,,,,,,,,,,738,14%,217,31/7/24,217,31/7/24
G452,HUlcb,3/5/24,Pn2x6,1580,374,2,1/8,#X2B-2AA,,,,,,,,,,,738,24%,131,20/10/24,243,4/10/24,131,20/10/24
G453,HUlcb,3/5/24,Pn2x6,1580,,,1/8,#X2B-2AA,,,,,,,,,,,738
G454,HUlcb,3/5/24,Pn2x6,1580,334,1,1/8,#X2B-2AA,,,,,,,,,,,738,21%,334,15/11/24,334,15/11/24
G455,HUlcb,3/5/24,Pn2x6,1580,428,3,1/8,#X2B-2AA,,,,,,,,,,,738,27%,78,16/11/24,199,5/10/24,151,14/10/24,78,16/11/24
G456,HUlcb,3/5/24,Pn2x6,1580,,,1/8,#X2B-2AA,,,,,,,,,,,738
G457,HUlcb,3/5/24,Pn2x6,1580,437,3,1/8,#X2B-2AA,,,,,,,,,,,738,28%,88,18/11/24,296,25/10/24,53,7/11/24,88,18/11/24
G458,HUlcb,3/5/24,Pn2x6,1580,854,4,1/8,#X2B-2AA,,,,,,,,,,,738,54%,90,23/11/24,392,9/10/24,239,30/10/24,133,11/11/24,90,23/11/24
G459,HUlcb,3/5/24,Pn2x6,1580,387,2,1/8,#X2B-2AA,,,,,,,,,,,738,24%,125,19/11/24,262,23/10/24,125,19/11/24
G460,LE3790,20/5/24,Pcx6,1580,741,2,1/8,#A2B-ABD,,,,,,,,,,,721,47%,411,28/11/24,330,18/11/24,411,28/11/24
G461,LE3790,20/5/24,Pcx6,1580,38,1,1/8,#A2B-ABD,,,,,,,,,,,721,2%,38,13/1/25,38,13/1/25
G462,LE3790,20/5/24,Pcx6,1580,1548,1,1/8,#A2B-ABD,,,,,,,,,,,721,98%,1548,19/10/24,1548,19/10/24
G463,LE3790,20/5/24,Pcx6,1580,1198,1,1/8,#A2B-ABD,,,,,,,,,,,721,76%,1198,6/12/24,1198,6/12/24
G464,LE3790,20/5/24,Pcx6,1580,240,2,1/8,#A2B-ABD,,,,,,,,,,,721,15%,215,28/4/25,25,11/1/25,215,28/4/25
G465,LE3790,20/5/24,Pcx6,1580,1754,2,1/8,#A2B-ABD,,,,,,,,,,,721,111%,971,2/12/24,783,16/11/24,971,2/12/24
G466,LE3790,20/5/24,Pcx6,1580,905,1,1/8,#A2B-ABD,,,,,,,,,,,721,57%,905,27/11/24,905,27/11/24
G467,LE3790,20/5/24,Pcx6,1580,,,1/8,#A2B-ABD,,,,,,,,,,,721
G468,LEn,20/5/24,Pcx6,1580,549,1,1/8,#B4A-BBA,,,,,,,,,,,721,35%,549,22/9/24,549,22/9/24
G469,LEn,20/5/24,Pcx6,1580,410,2,1/8,#B4A-BBA,,,,,,,,,,,721,26%,329,3/10/24,81,21/9/24,329,3/10/24
G470,LEn,20/5/24,Pcx6,1580,800,2,1/8,#B4A-BBA,,,,,,,,,,,721,51%,190,19/11/24,610,28/10/24,190,19/11/24
G471,LEn,20/5/24,Pcx6,1580,588,1,1/8,#B4A-BBA,,,,,,,,,,,721,37%,588,8/10/24,588,8/10/24
G472,LEn,20/5/24,Pcx6,1580,354,1,1/8,#B4A-BBA,,,,,,,,,,,721,22%,354,12/11/24,354,12/11/24
G473,LEn,20/5/24,Pcx6,1580,485,2,1/8,#B4A-BBA,,,,,,,,,,,721,31%,391,25/10/24,94,28/9/24,391,25/10/24
G474,LEn,20/5/24,Pcx6,1580,871,1,1/8,#B4A-BBA,,,,,,,,,,,721,55%,871,25/9/24,871,25/9/24
G475,LEn,20/5/24,Pcx6,1580,689,1,1/8,#B4A-BBA,,,,,,,,,,,721,44%,689,26/9/24,689,26/9/24
G476,PCme,20/5/24,Pn2x6,1580,1501,5,1/9,#?,,,,,,,,,,,721,95%,71,5/11/24,538,16/9/24,466,26/9/24,262,6/10/24,164,17/10/24,71,5/11/24
G477,PCme,20/5/24,Pn2x6,1580,341,5,1/9,#?,,,,,,,,,,,721,22%,55,4/2/25,-565,19/9/24,391,2/10/24,263,11/10/24,197,25/10/24,55,4/2/25
G478,PCme,20/5/24,Pn2x6,1580,1248,6,1/9,#?,,,,,,,,,,,721,79%,68,3/1/25,340,28/9/24,305,8/10/24,224,20/10/24,236,7/11/24,75,30/11/24,68,3/1/25
G479,PCme,20/5/24,Pn2x6,1580,1082,3,1/9,#?,,,,,,,,,,,721,68%,159,12/11/24,571,11/10/24,352,23/10/24,159,12/11/24
G480,PCme,20/5/24,Pn2x6,1580,286,2,1/9,#?,,,,,,,,,,,721,18%,154,11/1/25,132,10/12/24,154,11/1/25
G481,PCme,20/5/24,Pn2x6,1580,301,2,1/9,#?,,,,,,,,,,,721,19%,96,14/11/24,205,25/10/24,96,14/11/24
G482,PCme,20/5/24,Pn2x6,1580,1161,3,1/9,#?,,,,,,,,,,,721,73%,190,10/10/24,267,12/9/24,704,20/9/24,190,10/10/24
G483,PCme,20/5/24,Pn2x6,1580,992,4,1/9,#?,,,,,,,,,,,721,63%,71,22/1/25,347,31/10/24,420,19/11/24,154,16/12/24,71,22/1/25
G484,PCme,20/5/24,Pcx6,1580,774,3,1/9,#?,,,,,,,,,,,721,49%,269,31/7/24,332,7/7/24,173,17/7/24,269,31/7/24
G486,PSme,21/5/24,Pn2x6,1580,,,1/9,#4,,,,,,,,,,,720
G487,PSme,21/5/24,Pn2x6,1580,,,1/9,#4,,,,,,,,,,,720
G488,PSme,21/5/24,Pn2x6,1580,,,1/9,#4,,,,,,,,,,,720
G489,PSme,21/5/24,Pn2x6,1580,,,1/9,#4,,,,,,,,,,,720
G490,PSme,21/5/24,Pn2x6,1580,,,1/9,#4,,,,,,,,,,,720
G491,PSme,21/5/24,Pn2x6,1580,,,1/9,#4,,,,,,,,,,,720
G492,PSme,21/5/24,Pn2x6,1580,,,1/9,#4,,,,,,,,,,,720
G493,PSme,21/5/24,Pn2x6,1580,,,1/9,#4,,,,,,,,,,,720
G494,HE24,21/5/24,Pn2x6,1580,76,1,1/8,#H4A-AA,,,,,,,,,,,720,5%,76,3/11/24,76,3/11/24
G495,HE24,21/5/24,Pn2x6,1580,107,2,1/8,#H4A-AA,,,,,,,,,,,720,7%,50,19/11/24,57,3/11/24,50,19/11/24
G496,HE24,21/5/24,Pn2x6,1580,97,1,1/8,#H4A-AA,,,,,,,,,,,720,6%,97,26/10/24,97,26/10/24
G497,HE24,21/5/24,Pn2x6,1580,88,2,1/8,#H4A-AA,,,,,,,,,,,720,6%,65,22/11/24,23,8/11/24,65,22/11/24
G498,HE24,21/5/24,Pn2x6,1580,79,1,1/8,#H4A-AA,,,,,,,,,,,720,5%,79,15/11/24,79,15/11/24
G499,HE24,21/5/24,Pn2x6,1580,27,1,1/8,#H4A-AA,,,,,,,,,,,720,2%,27,13/11/24,27,13/11/24
G500,HE24,21/5/24,Pn2x6,1580,107,1,1/8,#H4A-AA,,,,,,,,,,,720,7%,107,26/10/24,107,26/10/24
G501,HE24,21/5/24,Pn2x6,1580,81,1,1/8,#H4A-AA,,,,,,,,,,,720,5%,81,15/11/24,81,15/11/24
G502,HUn,21/5/24,Pn2x6,1580,2254,8,1/8,#CHA-BBA,,,,,,,,,,,720,143%,21,15/1/25,975,10/9/24,400,20/9/24,322,30/9/24,158,22/10/24,108,3/11/24,119,19/11/24,151,13/12/24,21,15/1/25
G503,HUn,21/5/24,Pn2x6,1580,2386,8,1/8,#CHA-BBA,,,,,,,,,,,720,151%,111,26/12/24,789,17/9/24,631,26/9/24,273,15/10/24,136,28/10/24,149,10/11/24,170,22/11/24,127,8/12/24,111,26/12/24
G504,HUn,21/5/24,Pn2x6,1580,,,1/8,#CHA-BBA,,,,,,,,,,,720
G505,HUn,21/5/24,Pn2x6,1580,795,2,1/8,#CHA-BBA,,,,,,,,,,,720,50%,385,16/7/24,410,8/7/24,385,16/7/24
G506,HUn,21/5/24,Pn2x6,1580,,,1/8,#CHA-BBA,,,,,,,,,,,720
G507,HUn,21/5/24,Pn2x6,1580,2105,6,1/8,#CHA-BBA,,,,,,,,,,,720,133%,127,27/11/24,1117,20/9/24,259,30/9/24,288,9/10/24,120,29/10/24,194,11/11/24,127,27/11/24
G508,HUn,21/5/24,Pn2x6,1580,2080,4,1/8,#CHA-BBA,,,,,,,,,,,720,132%,222,5/11/24,1107,18/9/24,518,3/10/24,233,17/10/24,222,5/11/24
F537,LEm,7/7/24,Pcx6,1580,,,1/8,#ZCB-CAA,,,,,,,,,,,673
F538,LEm,7/7/24,Pcx6,1580,83,2,1/8,#ZCB-CAA,,,,,,,,,,,673,5%,24,13/2/25,59,14/1/25,24,13/2/25
F539,LEm,7/7/24,Pcx6,1580,563,3,1/8,#ZCB-CAA,,,,,,,,,,,673,36%,27,4/1/25,484,3/12/24,52,31/12/24,27,4/1/25
F540,LEm,7/7/24,Pcx6,1580,572,1,1/8,#ZCB-CAA,,,,,,,,,,,673,36%,572,28/11/24,572,28/11/24
F541,LEm,7/7/24,Pcx6,1580,685,2,1/8,#ZCB-CAA,,,,,,,,,,,673,43%,479,19/11/24,206,31/10/24,479,19/11/24
F542,LEm,7/7/24,Pcx6,1580,615,1,1/8,#ZCB-CAA,,,,,,,,,,,673,39%,615,25/11/24,615,25/11/24
F543,LEm,7/7/24,Pcx6,1580,698,1,1/8,#ZCB-CAA,,,,,,,,,,,673,44%,698,14/11/24,698,14/11/24
F544,LEm,7/7/24,Pcx6,1580,-687,4,1/8,#ZCB-CAA,,,,,,,,,,,673,-43%,47,26/3/25,638,28/12/24,43,1/1/25,-1415,31/1/25,47,26/3/25
F545,LEfr,7/7/24,Pcx6,1580,906,2,1/8 g1 vieux,#C2BE-RAB,,,,,,,,,,,673,57%,499,3/12/24,407,12/11/24,499,3/12/24
F546,LEfr,7/7/24,Pcx6,1580,598,1,1/8 g1 vieux,#C2BE-RAB,,,,,,,,,,,673,38%,598,11/11/24,598,11/11/24
F547,LEfr,7/7/24,Pcx6,1580,35,1,1/8 g1 vieux,#C2BE-RAB,,,,,,,,,,,673,2%,35,6/12/24,35,6/12/24
F548,LEfr,7/7/24,Pcx6,1580,403,2,1/8 g1 vieux,#C2BE-RAB,,,,,,,,,,,673,26%,98,27/11/24,305,31/10/24,98,27/11/24
F549,LEfr,7/7/24,Pcx6,1580,340,2,1/8 g1 vieux,#C2BE-RAB,,,,,,,,,,,673,22%,196,19/12/24,144,26/11/24,196,19/12/24
F550,LEfr,7/7/24,Pcx6,1580,439,2,1/8 g1 vieux,#C2BE-RAB,,,,,,,,,,,673,28%,297,24/12/24,142,6/12/24,297,24/12/24
F551,LEfr,7/7/24,Pcx6,1580,339,2,1/8 g1 vieux,#C2BE-RAB,,,,,,,,,,,673,21%,220,5/12/24,119,10/11/24,220,5/12/24
F552,LEfr,7/7/24,Pcx6,1580,1044,2,1/8 g1 vieux,#C2BE-RAB,,,,,,,,,,,673,66%,160,7/1/25,884,11/11/24,160,7/1/25
F225,,,,,52,1,,,,,,,,,,,,,,,52,2/8/24,52,2/8/24
F47,,,,,176,1,,,,,,,,,,,,,,,176,7/8/24,176,7/8/24
F21,,,,,46,1,,,,,,,,,,,,,,,46,7/8/24,46,7/8/24
F23,,,,,281,1,,,,,,,,,,,,,,,281,7/8/24,281,7/8/24
C167,,,,,141,1,,,,,,,,,,,,,,,141,7/8/24,141,7/8/24
C170,,,,,123,1,,,,,,,,,,,,,,,123,7/8/24,123,7/8/24
F24,,,,,325,1,,,,,,,,,,,,,,,325,7/8/24,325,7/8/24
C169,,,,,230,1,,,,,,,,,,,,,,,230,7/8/24,230,7/8/24
F48,,,,,254,2,,,,,,,,,,,,,,,59,2/12/24,195,7/8/24,59,2/12/24
F22,,,,,313,1,,,,,,,,,,,,,,,313,7/8/24,313,7/8/24
Ff473,,,,,591,2,,,,,,,,,,,,,,,452,30/9/24,139,18/9/24,452,30/9/24
Ff429,,,,,-822,2,,,,,,,,,,,,,,,89,29/9/24,-911,19/9/24,89,29/9/24
F444,,,,,215,1,,,,,,,,,,,,,,,215,26/9/24,215,26/9/24
FF474,,,,,1339,5,,,,,,,,,,,,,,,71,7/1/25,401,26/9/24,683,8/10/24,78,12/11/24,106,3/12/24,71,7/1/25
FF475,,,,,1190,5,,,,,,,,,,,,,,,30,31/12/24,401,27/9/24,437,10/10/24,238,31/10/24,84,23/11/24,30,31/12/24
FF428,,,,,1174,2,,,,,,,,,,,,,,,353,9/10/24,821,27/9/24,353,9/10/24
Ff430,,,,,1059,2,,,,,,,,,,,,,,,148,16/11/24,911,29/9/24,148,16/11/24
FF473,,,,,549,4,,,,,,,,,,,,,,,32,21/1/25,212,1/10/24,252,5/11/24,53,18/12/24,32,21/1/25
FF443,,,,,443,1,,,,,,,,,,,,,,,443,1/10/24,443,1/10/24
FF526,,,,,841,7,,,,,,,,,,,,,,,57,3/4/25,178,6/10/24,289,19/10/24,112,20/11/24,55,8/12/24,78,29/12/24,72,26/1/25,57,3/4/25
FF429,,,,,365,2,,,,,,,,,,,,,,,157,29/10/24,208,7/10/24,157,29/10/24
FF430,,,,,1035,2,,,,,,,,,,,,,,,105,30/10/24,930,10/10/24,105,30/10/24
F446,,,,,645,3,,,,,,,,,,,,,,,169,13/11/24,338,13/10/24,138,30/10/24,169,13/11/24
L1,PAb,25/9/24,Ppx6 3000,,1426,3,1/8,#LAA-DB,,,,,,,,,,,594,,116,30/4/25,777,2/3/25,533,1/4/25,116,30/4/25
L2,PAb,25/9/24,Ppx6 3000,,2387,4,1/8,#LAA-DB,,,,,,,,,,,594,,263,6/3/25,956,19/12/24,679,18/1/25,489,11/2/25,263,6/3/25
L3,PAb,25/9/24,Ppx6 3000,,2089,6,1/8,#LAA-DB,,,,,,,,,,,594,,15,5/4/25,924,12/12/24,249,8/1/25,278,28/1/25,254,18/2/25,369,7/3/25,15,5/4/25
L4,PAb,25/9/24,Ppx6 3000,,1235,3,1/8,#LAA-DB,,,,,,,,,,,594,,160,9/5/25,781,8/3/25,294,9/4/25,160,9/5/25
L5,PAb,25/9/24,Ppx6 3000,,1957,4,1/8,#LAA-DB,,,,,,,,,,,594,,200,13/3/25,1091,16/12/24,328,30/1/25,338,23/2/25,200,13/3/25
L6,PAb,25/9/24,Ppx6 3000,,1104,2,1/8,#LAA-DB,,,,,,,,,,,594,,299,14/4/25,805,17/3/25,299,14/4/25
L7,PAb,25/9/24,Ppx6 3000,,1316,2,1/8,#LAA-DB,,,,,,,,,,,594,,566,27/3/25,750,28/2/25,566,27/3/25
L8,PAb,25/9/24,Ppx6 3000,,1624,4,1/8,#LAA-DB,,,,,,,,,,,594,,188,4/4/25,747,16/1/25,404,14/2/25,285,11/3/25,188,4/4/25
L17,HEn,25/9/24,Ppx6 3000,,,,1/8,#W3-BCA,,,,,,,,,,,594
L18,HEn,25/9/24,Ppx6 3000,,1238,9,1/8,#W3-BCA,,,,,,,,,,,594,,73,22/5/25,452,25/11/24,137,12/12/24,106,29/12/24,82,21/1/25,127,15/2/25,56,1/3/25,89,25/3/25,116,18/4/25,73,22/5/25
L19,HEn,25/9/24,Ppx6 3000,,1337,7,1/8,#W3-BCA,,,,,,,,,,,594,,97,29/4/25,565,14/11/24,181,29/11/24,165,18/12/24,123,2/2/25,115,2/3/25,91,3/4/25,97,29/4/25
L20,HEn,25/9/24,Ppx6 3000,,1224,8,1/8,#W3-BCA,,,,,,,,,,,594,,64,6/5/25,509,22/11/24,155,8/12/24,98,24/12/24,88,13/1/25,117,4/2/25,93,4/3/25,100,11/4/25,64,6/5/25
L25,HEg,8/10/24,Ppx6 3000,,523,2,1/8,#KBDC-BAA,,,,,,,,,,,579,,135,22/1/25,388,1/1/25,135,22/1/25
L26,HEg,8/10/24,Ppx6 3000,,1048,6,1/8,#KBDC-BAA,,,,,,,,,,,579,,51,7/4/25,477,3/12/24,97,23/12/24,156,9/1/25,87,26/1/25,180,21/2/25,51,7/4/25
L27,HEg,8/10/24,Ppx6 3000,,1660,12,1/8,#KBDC-BAA,,,,,,,,,,,579,,17,11/6/25,47,11/11/24,314,26/11/24,121,10/12/24,166,23/12/24,39,8/1/25,164,24/1/25,132,14/2/25,100,7/3/25,221,20/3/25,98,17/4/25,241,5/5/25,17,11/6/25
L28,HEg,8/10/24,Ppx6 3000,,1561,11,1/8,#KBDC-BAA,,,,,,,,,,,579,,104,22/5/25,61,11/11/24,306,27/11/24,97,10/12/24,212,23/12/24,185,8/1/25,91,26/1/25,101,16/2/25,157,13/3/25,128,6/4/25,119,25/4/25,104,22/5/25
L29,HEg,8/10/24,Ppx6 3000,,1361,10,1/8,#KBDC-BAA,,,,,,,,,,,579,,126,3/6/25,350,8/12/24,86,23/12/24,226,8/1/25,90,27/1/25,132,14/2/25,152,13/3/25,56,3/4/25,85,24/4/25,58,11/5/25,126,3/6/25
L30,HEg,8/10/24,Ppx6 3000,,847,8,1/8,#KBDC-BAA,,,,,,,,,,,579,,94,5/5/25,122,28/11/24,107,16/12/24,139,2/1/25,109,7/2/25,99,4/3/25,121,28/3/25,56,15/4/25,94,5/5/25
L31,HEg,8/10/24,Ppx6 3000,,1215,9,1/8,#KBDC-BAA,,,,,,,,,,,579,,67,12/5/25,354,10/12/24,99,26/12/24,212,9/1/25,160,27/1/25,70,20/2/25,41,28/2/25,159,18/3/25,53,4/4/25,67,12/5/25
L32,HEg,8/10/24,Ppx6 3000,,195,1,1/8,#KBDC-BAA,,,,,,,,,,,579,,195,20/1/25,195,20/1/25
L33,PAb,8/10/24,Ppx6,1580,1523,2,1/8,#LAA,,,,,,,,,,,579,96%,820,26/1/25,703,1/1/25,820,26/1/25
L34,PAb,8/10/24,Ppx6,1580,2225,5,1/8,#LAA,,,,,,,,,,,579,141%,129,5/4/25,761,31/12/24,754,20/1/25,340,13/2/25,241,8/3/25,129,5/4/25
L35,PAb,8/10/24,Ppx6,1580,,,1/8,#LAA,,,,,,,,,,,579
L36,PAb,8/10/24,Ppx6,1580,2272,4,1/8,#LAA,,,,,,,,,,,579,144%,339,8/3/25,1015,26/12/24,661,24/1/25,257,16/2/25,339,8/3/25
L37,PAb,8/10/24,Ppx6,1580,2292,5,1/8,#LAA,,,,,,,,,,,579,145%,408,22/4/25,545,1/2/25,742,5/3/25,322,18/3/25,275,8/4/25,408,22/4/25
L38,PAb,8/10/24,Ppx6,1580,1971,5,1/8,#LAA,,,,,,,,,,,579,125%,96,21/4/25,781,6/1/25,418,31/1/25,405,28/2/25,271,23/3/25,96,21/4/25
L39,PAb,8/10/24,Ppx6,1580,,,1/8,#LAA,,,,,,,,,,,579
L40,PAb,8/10/24,Ppx6,1580,,,1/8,#LAA,,,,,,,,,,,579
L41,LE3790,10/10/24,Pcx6,1580,595,1,1/8,#A2B-BB,,,,,,,,,,,577,38%,595,13/2/25,595,13/2/25
L42,LE3790,10/10/24,Pcx6,1580,913,1,1/8,#A2B-BB,,,,,,,,,,,577,58%,913,14/1/25,913,14/1/25
L43,LE3790,10/10/24,Pcx6,1580,177,1,1/8,#A2B-BB,,,,,,,,,,,577,11%,177,4/3/25,177,4/3/25
L44,LE3790,10/10/24,Pcx6,1580,766,2,1/8,#A2B-BB,,,,,,,,,,,577,48%,55,29/4/25,711,13/3/25,55,29/4/25
L45,LE3790,10/10/24,Pcx6,1580,676,2,1/8,#A2B-BB,,,,,,,,,,,577,43%,62,28/4/25,614,13/2/25,62,28/4/25
L46,LE3790,10/10/24,Pcx6,1580,411,1,1/8,#A2B-BB,,,,,,,,,,,577,26%,411,18/2/25,411,18/2/25
L47,LE3790,10/10/24,Pcx6,1580,42,1,1/8,#A2B-BB,,,,,,,,,,,577,3%,42,30/4/25,42,30/4/25
L48,LE3790,10/10/24,Pcx6,1580,,,1/8,#A2B-BB,,,,,,,,,,,577
L49,HEn,10/10/24,Ppx6,1580,,,1/8,#W3-BCB,,,,,,,,,,,577
L50,HEn,10/10/24,Ppx6,1580,1107,8,1/8,#W3-BCB,,,,,,,,,,,577,70%,63,20/5/25,311,3/12/24,130,19/12/24,146,9/1/25,88,29/1/25,144,22/2/25,83,20/3/25,142,24/4/25,63,20/5/25
L51,HEn,10/10/24,Ppx6,1580,,,1/8,#W3-BCB,,,,,,,,,,,577
L52,HEn,10/10/24,Ppx6,1580,1512,8,1/8,#W3-BCB,,,,,,,,,,,577,96%,93,24/4/25,462,30/11/24,252,2/12/24,148,16/12/24,36,31/12/24,239,26/1/25,138,27/2/25,144,28/3/25,93,24/4/25
L53,HEn,10/10/24,Ppx6,1580,351,1,1/8,#W3-BCB,,,,,,,,,,,577,22%,351,13/1/25,351,13/1/25
L54,HEn,10/10/24,Ppx6,1580,1747,7,1/8,#W3-BCB,,,,,,,,,,,577,111%,70,16/5/25,833,2/12/24,218,17/12/24,150,14/1/25,194,14/2/25,167,13/3/25,115,10/4/25,70,16/5/25
L55,HEn,10/10/24,Ppx6,1580,1563,7,1/8,#W3-BCB,,,,,,,,,,,577,99%,122,21/4/25,743,22/11/24,178,10/12/24,113,31/12/24,74,22/1/25,154,19/2/25,179,25/3/25,122,21/4/25
L56,HEn,10/10/24,Ppx6,1580,935,4,1/8,#W3-BCB,,,,,,,,,,,577,59%,83,18/1/25,624,28/11/24,115,16/12/24,113,31/12/24,83,18/1/25
L57,HUn,11/10/24,Ppx6,1580,2171,7,1/8,#CHA-BBB,,,,,,,,,,,576,137%,168,23/3/25,811,6/12/24,286,20/12/24,213,8/1/25,323,27/1/25,90,15/2/25,280,4/3/25,168,23/3/25
L58,HUn,11/10/24,Ppx6,1580,2137,7,1/8,#CHA-BBB,,,,,,,,,,,576,135%,122,9/4/25,497,28/11/24,498,10/12/24,316,24/12/24,270,1/2/25,236,4/3/25,198,25/3/25,122,9/4/25
L59,HUn,11/10/24,Ppx6,1580,,,1/8,#CHA-BBB,,,,,,,,,,,576
L60,HUn,11/10/24,Ppx6,1580,2469,10,1/8,#CHA-BBB,,,,,,,,,,,576,156%,27,3/5/25,815,29/11/24,344,12/12/24,223,31/12/24,342,15/1/25,181,1/2/25,141,20/2/25,131,6/3/25,190,24/3/25,75,15/4/25,27,3/5/25
L61,HUn,11/10/24,Ppx6,1580,1919,7,1/8,#CHA-BBB,,,,,,,,,,,576,121%,204,4/3/25,514,19/11/24,378,3/12/24,165,17/12/24,357,4/1/25,148,21/1/25,153,1/2/25,204,4/3/25
L62,HUn,11/10/24,Ppx6,1580,2345,7,1/8,#CHA-BBB,,,,,,,,,,,576,148%,87,23/4/25,887,2/12/24,590,16/12/24,466,13/1/25,164,11/2/25,114,14/3/25,37,3/4/25,87,23/4/25
L63,HUn,11/10/24,Ppx6,1580,2056,5,1/8,#CHA-BBB,,,,,,,,,,,576,130%,213,2/2/25,980,28/11/24,429,10/12/24,218,4/1/25,216,17/1/25,213,2/2/25
L64,HUn,11/10/24,Ppx6,1580,,,1/8,#CHA-BBB,,,,,,,,,,,576
L65,PSn,11/10/24,Ppx6,1580,122,1,1/8,#,,,,,,,,,,,576,8%,122,26/4/25,122,26/4/25
L66,PSn,11/10/24,Ppx6,1580,1509,8,1/8,#,,,,,,,,,,,576,96%,43,25/5/25,528,12/12/24,126,31/12/24,43,4/1/25,213,15/1/25,83,4/4/25,290,24/4/25,183,12/5/25,43,25/5/25
L67,PSn,11/10/24,Ppx6,1580,1345,6,1/8,#,,,,,,,,,,,576,85%,116,6/5/25,345,6/12/24,330,22/12/24,338,11/1/25,95,3/4/25,121,24/4/25,116,6/5/25
L68,PSn,11/10/24,Ppx6,1580,1456,5,1/8,#,,,,,,,,,,,576,92%,155,19/5/25,655,13/12/24,432,13/1/25,126,21/4/25,88,8/5/25,155,19/5/25
L69,PSn,11/10/24,Ppx6,1580,1372,6,1/8,#,,,,,,,,,,,576,87%,279,11/5/25,384,12/12/24,90,4/1/25,363,13/1/25,125,27/3/25,131,22/4/25,279,11/5/25
L70,PSn,11/10/24,Ppx6,1580,,,1/8,#,,,,,,,,,,,576
L71,PSn,11/10/24,Ppx6,1580,212,3,1/8,#,,,,,,,,,,,576,13%,34,3/5/25,86,8/1/25,92,9/2/25,34,3/5/25
L72,PSn,11/10/24,Ppx6,1580,,,1/8,#,,,,,,,,,,,576
L73,HU,16/10/24,Ppx6,1580,2365,5,1/8,#LAA-BBB,,,,,,,,,,,571,150%,323,13/3/25,868,7/12/24,610,1/1/25,371,24/1/25,193,16/2/25,323,13/3/25
L74,HU,16/10/24,Ppx6,1580,1761,6,1/8,#LAA-BBB,,,,,,,,,,,571,111%,116,4/4/25,679,1/12/24,250,4/1/25,349,20/1/25,203,2/2/25,164,21/3/25,116,4/4/25
L75,HEg,16/10/24,Ppx6,1580,,,1/8,#LAA-BBB,,,,,,,,,,,571
L76,HEg,16/10/24,Ppx6,1580,,,1/8,#LAA-BBB,,,,,,,,,,,571
L77,HEg,16/10/24,Ppx6,1580,2393,7,1/8,#LAA-BBB,,,,,,,,,,,571,151%,65,8/4/25,1122,6/12/24,503,23/12/24,180,13/1/25,309,29/1/25,176,4/3/25,38,26/3/25,65,8/4/25
L78,HEg,16/10/24,Ppx6,1580,,,1/8,#LAA-BBB,,,,,,,,,,,571
L79,HEg,16/10/24,Ppx6,1580,2909,7,1/8,#LAA-BBB,,,,,,,,,,,571,184%,138,3/4/25,959,6/12/24,449,14/1/25,513,28/12/24,301,2/2/25,136,20/2/25,413,13/3/25,138,3/4/25
L80,HEg,16/10/24,Ppx6,1580,2246,6,1/8,#LAA-BBB,,,,,,,,,,,571,142%,49,6/4/25,1058,6/12/24,337,22/12/24,388,8/1/25,297,27/2/25,117,21/3/25,49,6/4/25
L81,PCme,16/10/24,Ppx6,1580,1542,5,1/8,#D G1(p+0),,,,,,,,,,,571,98%,78,1/7/25,1005,3/1/25,257,16/5/25,69,29/5/25,133,19/6/25,78,1/7/25
L82,PCme,16/10/24,Ppx6,1580,2120,6,1/8,#D G1(p+0),,,,,,,,,,,571,134%,67,25/6/25,1097,12/12/24,220,2/1/25,325,29/4/25,252,14/5/25,159,9/6/25,67,25/6/25
L83,PCme,16/10/24,Ppx6,1580,1865,5,1/8,#D G1(p+0),,,,,,,,,,,571,118%,276,25/5/25,968,10/12/24,303,31/12/24,31,5/5/25,287,16/5/25,276,25/5/25
L84,PCme,16/10/24,Ppx6,1580,765,4,1/8,#D G1(p+0),,,,,,,,,,,571,48%,286,22/5/25,219,21/3/25,139,15/4/25,121,5/5/25,286,22/5/25
L85,PCme,16/10/24,Ppx6,1580,1532,5,1/8,#D G1(p+0),,,,,,,,,,,571,97%,212,14/6/25,487,23/1/25,300,4/5/25,236,16/5/25,297,29/5/25,212,14/6/25
L86,PCme,16/10/24,Ppx6,1580,,,1/8,#D G1(p+0),,,,,,,,,,,571
L87,PCme,16/10/24,Ppx6,1580,1614,5,1/8,#D G1(p+0),,,,,,,,,,,571,102%,109,24/6/25,604,24/12/24,358,20/1/25,329,1/6/25,214,12/6/25,109,24/6/25
L88,PCme,16/10/24,Ppx6,1580,2350,6,1/8,#D G1(p+0),,,,,,,,,,,571,149%,93,30/6/25,943,10/12/24,506,26/12/24,237,29/4/25,254,12/5/25,317,22/5/25,93,30/6/25
L89,HU22,17/10/24,Ppx6,1580,1999,8,1/8,G1,,,,,,,,,,,570,127%,23,11/6/25,599,12/12/24,375,9/1/25,385,4/2/25,353,13/3/25,133,24/4/25,75,11/5/25,56,29/5/25,23,11/6/25
L90,HU22,17/10/24,Ppx6,1580,2247,7,1/8,G1,,,,,,,,,,,570,142%,79,16/5/25,790,3/12/24,336,7/1/25,296,4/2/25,350,13/3/25,183,3/4/25,213,26/4/25,79,16/5/25
L91,HU22,17/10/24,Ppx6,1580,876,4,1/8,G1,,,,,,,,,,,570,55%,27,27/3/25,327,24/1/25,282,18/2/25,240,14/3/25,27,27/3/25
L92,HU22,17/10/24,Ppx6,1580,1816,5,1/8,G1,,,,,,,,,,,570,115%,90,26/3/25,845,2/12/24,164,6/1/25,438,31/1/25,279,4/3/25,90,26/3/25
L93,HU22,17/10/24,Ppx6,1580,2066,6,1/8,G1,,,,,,,,,,,570,131%,161,29/4/25,683,6/12/24,424,8/1/25,277,6/2/25,353,13/3/25,168,5/4/25,161,29/4/25
L94,HU22,17/10/24,Ppx6,1580,2039,7,1/8,G1,,,,,,,,,,,570,129%,115,28/4/25,564,26/11/24,648,24/12/24,270,28/1/25,221,5/3/25,87,26/3/25,134,12/4/25,115,28/4/25
L95,HU22,17/10/24,Ppx6,1580,1925,7,1/8,G1,,,,,,,,,,,570,122%,69,14/5/25,689,6/12/24,555,1/2/25,211,5/3/25,178,25/3/25,108,11/4/25,115,25/4/25,69,14/5/25
L96,HU22,17/10/24,Ppx6,1580,4161,10,1/8,G1,,,,,,,,,,,570,263%,59,5/7/25,839,10/12/24,506,9/1/25,1488,30/1/25,94,7/3/25,132,22/3/25,110,5/4/25,410,22/5/25,336,10/6/25,187,24/6/25,59,5/7/25
L97,HU22,25/10/24,Pnx6,,,,1/8,#Y?AA-AA,,,,,,,,,,,562
L98,HU22,25/10/24,Pnx6,,,,1/8,#Y?AA-AA,,,,,,,,,,,562
L99,HU22,25/10/24,Pnx6,,2080,5,1/8,#Y?AA-AA,,,,,,,,,,,562,,108,3/4/25,402,6/1/25,890,15/1/25,274,16/2/25,406,14/3/25,108,3/4/25
L100,HU22,25/10/24,Pnx6,,,,1/8,#Y?AA-AA,,,,,,,,,,,562
L101,HU22,25/10/24,Pnx6,,543,2,1/8,#Y?AA-AA,,,,,,,,,,,562,,169,27/3/25,374,4/3/25,169,27/3/25
L102,HU22,25/10/24,Pnx6,,1637,5,1/8,#Y?AA-AA,,,,,,,,,,,562,,137,23/4/25,785,24/1/25,193,22/2/25,404,18/3/25,118,7/4/25,137,23/4/25
L103,HU22,25/10/24,Pnx6,,1343,5,1/8,#Y?AA-AA,,,,,,,,,,,562,,826,25/1/25,216,27/3/25,172,21/4/25,70,10/5/25,59,28/5/25,826,25/1/25
L104,HU22,25/10/24,Pnx6,,,,1/8,#Y?AA-AA,,,,,,,,,,,562
L9,HU22,25/9/24,Pnx6,,2833,6,1/8,#? 13.9,,,,,,,,,,,594,,71,6/3/25,287,5/11/24,1273,19/11/24,347,14/12/24,697,4/1/25,158,31/1/25,71,6/3/25
L10,HU22,25/9/24,Pnx6,,3263,7,1/8,#? 13.9,,,,,,,,,,,594,,81,20/3/25,1000,5/11/24,547,23/11/24,355,17/12/24,420,9/1/25,791,26/1/25,69,6/3/25,81,20/3/25
L11,HU22,25/9/24,Pnx6,,,,1/8,#? 13.9,,,,,,,,,,,594
L12,HU22,25/9/24,Pnx6,,2755,9,1/8,#? 13.9,,,,,,,,,,,594,,92,3/4/25,1162,29/10/24,412,14/11/24,158,28/11/24,407,12/12/24,287,8/1/25,116,31/1/25,64,2/3/25,57,18/3/25,92,3/4/25
L13,HU22,25/9/24,Pnx6,,2287,4,1/8,#? 13.9,,,,,,,,,,,594,,105,25/1/25,1561,19/11/24,476,10/12/24,145,4/1/25,105,25/1/25
L14,HU22,25/9/24,Pnx6,,2750,8,1/8,#? 13.9,,,,,,,,,,,594,,110,19/2/25,782,3/11/24,483,19/11/24,454,8/12/24,387,29/12/24,135,10/1/25,315,22/1/25,84,11/2/25,110,19/2/25
L15,HU22,25/9/24,Pnx6,,2678,7,1/8,#? 13.9,,,,,,,,,,,594,,91,15/3/25,908,14/11/24,406,29/11/24,562,24/12/24,220,6/1/25,344,22/1/25,147,18/2/25,91,15/3/25
L16,HU22,25/9/24,Pnx6,,1927,5,1/8,#? 13.9,,,,,,,,,,,594,,234,18/1/25,606,7/11/24,692,26/11/24,355,19/12/24,40,27/12/24,234,18/1/25
F445,,,,,117,1,,,,,,,,,,,,,,,117,29/10/24,117,29/10/24
L22,,,,,1952,10,,,,,,,,,,,,,,,28,19/5/25,560,10/11/24,126,26/11/24,131,12/12/24,34,31/12/24,742,24/1/25,140,22/2/25,113,25/3/25,41,7/4/25,37,30/4/25,28,19/5/25
FF420,,,,,175,1,,,,,,,,,,,,,,,175,12/11/24,175,12/11/24
R7,POm,01/10/24,Ppx6,1580,1976,6,1/8,Lost.bag,,,,,,,,,,,586,125%,70,6/4/25,760,16/11/24,474,2/12/24,124,18/12/24,366,4/2/25,182,11/3/25,70,6/4/25
R1,POm,01/10/24,Ppx6,1580,1832,4,1/8,Lost.bag,,,,,,,,,,,586,116%,315,24/1/25,827,18/11/24,439,3/12/24,251,17/12/24,315,24/1/25
R6,POm,01/10/24,Ppx6,1580,1961,4,1/8,Lost.bag,,,,,,,,,,,586,124%,291,26/1/25,753,18/11/24,542,2/12/24,375,25/12/24,291,26/1/25
R2,POm,01/10/24,Ppx6,1580,1935,5,1/8,Lost.bag,,,,,,,,,,,586,122%,215,17/3/25,818,19/12/24,576,3/1/25,100,26/1/25,226,14/2/25,215,17/3/25
R3,POm,01/10/24,Ppx6,1580,,,1/8,Lost.bag,,,,,,,,,,,586
R4,POm,01/10/24,Ppx6,1580,2036,5,1/8,Lost.bag,,,,,,,,,,,586,129%,152,18/3/25,1071,8/12/24,411,31/12/24,162,22/1/25,240,16/2/25,152,18/3/25
R5,POm,01/10/24,Ppx6,1580,,,1/8,Lost.bag,,,,,,,,,,,586
R8,POm,01/10/24,Ppx6,1580,,,1/8,Lost.bag,,,,,,,,,,,586
S1,POm,27/3/26,Pn3x6,1580,2319,5,1/8,#GZAAF-ABB,,,,,,,,,,,45,147%,307,13/3/25,1,19/11/24,851,12/12/24,892,11/1/25,268,11/2/25,307,13/3/25
S2,POm,27/3/26,Pn3x6,1580,1654,7,1/8,#GZAAF-ABB,,,,,,,,,,,45,105%,118,25/1/25,1,19/11/24,481,17/12/24,284,8/1/25,89,6/2/25,507,28/2/25,174,23/3/25,118,25/1/25
S3,POm,27/3/26,Pn3x6,1580,2459,7,1/8,#GZAAF-ABB,,,,,,,,,,,45,156%,269,2/4/25,1,19/11/24,505,10/12/24,647,4/1/25,582,23/1/25,180,15/2/25,275,13/3/25,269,2/4/25
S4,POm,27/3/26,Pn3x6,1580,1,1,1/8,#GZAAF-ABB,,,,,,,,,,,45,0%,1,19/11/24,1,19/11/24
S5,POm,27/3/26,Pn3x6,1580,1932,7,1/8,#GZAAF-ABB,,,,,,,,,,,45,122%,125,5/4/25,1,19/11/24,668,10/12/24,381,31/12/24,248,22/1/25,189,10/2/25,320,13/3/25,125,5/4/25
S6,POm,27/3/26,Pn3x6,1580,2368,8,1/8,#GZAAF-ABB,,,,,,,,,,,45,150%,49,9/5/25,1,19/11/24,870,7/12/24,702,8/1/25,165,7/2/25,376,13/3/25,143,6/4/25,62,26/4/25,49,9/5/25
S7,POm,27/3/26,Pn3x6,1580,2276,9,1/8,#GZAAF-ABB,,,,,,,,,,,45,144%,27,15/5/25,1,19/11/24,733,10/12/24,325,26/12/24,496,15/1/25,391,13/2/25,141,14/3/25,114,6/4/25,48,29/4/25,27,15/5/25
S8,POm,27/3/26,Pn3x6,1580,1563,7,1/8,#GZAAF-ABB,,,,,,,,,,,45,99%,55,5/5/25,1,19/11/24,503,6/1/25,261,24/1/25,468,15/2/25,156,17/3/25,119,11/4/25,55,5/5/25
S9,GLzam,27/3/26,Pn3x6,1580,1,1,1/8,#V4DA-AAA,,,,,,,,,,,45,0%,1,19/11/24,1,19/11/24
S10,GLzam,27/3/26,Pn3x6,1580,2128,7,1/8,#V4DA-AAA,,,,,,,,,,,45,135%,107,21/6/25,1,19/11/24,1122,25/1/25,146,15/2/25,280,23/5/25,290,1/6/25,182,11/6/25,107,21/6/25
S11,GLzam,27/3/26,Pn3x6,1580,1901,6,1/8,#V4DA-AAA,,,,,,,,,,,45,120%,119,13/6/25,1,19/11/24,626,6/2/25,426,13/4/25,462,15/5/25,267,29/5/25,119,13/6/25
S12,GLzam,27/3/26,Pn3x6,1580,1607,7,1/8,#V4DA-AAA,,,,,,,,,,,45,102%,82,5/8/25,1,19/11/24,524,26/1/25,221,25/3/25,415,22/5/25,247,7/6/25,117,22/7/25,82,5/8/25
S13,PCme,23/10/24,Pn2x6,1580,1757,8,1/9,#L4B-BAC,,,,,,,,,,,564,111%,56,28/6/25,1,19/11/24,713,11/1/25,232,12/4/25,336,26/4/25,184,16/5/25,142,3/6/25,93,15/6/25,56,28/6/25
S14,PCme,23/10/24,Pn2x6,1580,1,1,1/9,#L4B-BAC,,,,,,,,,,,564,0%,1,19/11/24,1,19/11/24
S15,PCme,23/10/24,Pn2x6,1580,1977,4,1/9,#L4B-BAC,,,,,,,,,,,564,125%,342,14/5/25,1,19/11/24,1383,27/12/24,251,2/5/25,342,14/5/25
S16,PCme,23/10/24,Pn2x6,1580,1846,4,1/9,#L4B-BAC,,,,,,,,,,,564,117%,249,14/5/25,1,19/11/24,1105,12/12/24,491,3/5/25,249,14/5/25
S17,PCme,23/10/24,Pn2x6,1580,1966,8,1/9,#L4B-BAC,,,,,,,,,,,564,124%,40,5/8/25,1,19/11/24,876,4/1/25,279,23/1/25,259,2/5/25,263,14/5/25,140,28/5/25,108,17/6/25,40,5/8/25
S18,POn,25/10/24,Pn2x6,1580,1599,7,1/8,#Z3AAA-ABA,,,,,,,,,,,562,101%,202,15/5/25,1,19/11/24,306,20/1/25,380,1/2/25,80,26/2/25,183,13/3/25,447,18/4/25,202,15/5/25
S19,POn,25/10/24,Pn2x6,1580,1602,9,1/8,#Z3AAA-ABA,,,,,,,,,,,562,101%,30,11/8/25,1,19/11/24,675,14/1/25,168,1/2/25,100,8/3/25,215,17/4/25,206,20/5/25,105,11/6/25,102,28/6/25,30,11/8/25
S20,POn,25/10/24,Pn2x6,1580,1839,11,1/8,#Z3AAA-ABA,,,,,,,,,,,562,116%,41,2/8/25,1,19/11/24,367,6/1/25,254,22/1/25,185,4/2/25,142,26/2/25,219,1/4/25,226,1/5/25,179,22/5/25,151,13/6/25,74,3/7/25,41,2/8/25
S21,POn,25/10/24,Pn2x6,1580,1894,8,1/8,#Z3AAA-ABA,,,,,,,,,,,562,120%,289,16/5/25,1,19/11/24,255,16/12/24,604,29/1/25,265,16/2/25,221,11/3/25,24,4/4/25,235,19/4/25,289,16/5/25
S22,POn,25/10/24,Pn2x6,1580,1769,10,1/8,#Z3AAA-ABA,,,,,,,,,,,562,112%,32,6/8/25,1,19/11/24,761,17/1/25,105,1/2/25,88,21/2/25,138,13/3/25,107,2/4/25,260,4/5/25,255,28/5/25,22,16/6/25,32,6/8/25
S23,POn,25/10/24,Pn2x6,1580,1679,5,1/8,#Z3AAA-ABA,,,,,,,,,,,562,106%,338,1/4/25,1,19/11/24,855,7/2/25,161,18/2/25,324,10/3/25,338,1/4/25
S24,POn,25/10/24,Pn2x6,1580,2032,8,1/8,#Z3AAA-ABA,,,,,,,,,,,562,129%,105,13/6/25,1,19/11/24,846,23/1/25,212,4/2/25,109,20/2/25,297,29/3/25,277,29/4/25,185,24/5/25,105,13/6/25
S25,POn,25/10/24,Pn2x6,1580,1,1,1/8,#Z3AAA-ABA,,,,,,,,,,,562,0%,1,19/11/24,1,19/11/24
S26,POn,1/11/24,Pn2x6,1580,2205,9,1/9,#Z3AAA-ABB,,,,,,,,,,,556,140%,60,5/7/25,1,19/11/24,943,23/12/24,330,6/1/25,232,22/1/25,257,16/2/25,257,19/3/25,97,18/4/25,28,5/6/25,60,5/7/25
S27,POn,1/11/24,Pn2x6,1580,2002,8,1/9,#Z3AAA-ABB,,,,,,,,,,,556,127%,62,22/6/25,1,19/11/24,1059,13/12/24,552,26/12/24,-176,8/1/25,308,24/1/25,98,16/2/25,98,1/4/25,62,22/6/25
S28,POn,1/11/24,Pn2x6,1580,81,2,1/9,#Z3AAA-ABB,,,,,,,,,,,556,5%,80,6/8/25,1,19/11/24,80,6/8/25
S29,POn,1/11/24,Pn2x6,1580,1175,8,1/9,#Z3AAA-ABB,,,,,,,,,,,556,74%,110,30/6/25,1,19/11/24,123,16/12/24,389,31/12/24,170,31/1/25,120,27/2/25,189,1/4/25,73,22/5/25,110,30/6/25
S30,POn,1/11/24,Pn2x6,1580,2124,6,1/9,#Z3AAA-ABB,,,,,,,,,,,556,134%,153,25/3/25,1,19/11/24,1256,12/12/24,271,11/1/25,343,27/12/24,100,28/1/25,153,25/3/25
S31,POn,1/11/24,Pn2x6,1580,2294,8,1/9,#Z3AAA-ABB,,,,,,,,,,,556,145%,74,16/4/25,1,19/11/24,1182,10/12/24,475,24/12/24,110,8/1/25,232,26/1/25,105,20/2/25,115,25/3/25,74,16/4/25
S32,POn,1/11/24,Pn2x6,1580,2114,5,1/9,#Z3AAA-ABB,,,,,,,,,,,556,134%,206,27/1/25,1,19/11/24,1351,10/12/24,399,24/12/24,157,9/1/25,206,27/1/25
S33,POn,1/11/24,Pn2x6,1580,2155,8,1/9,#Z3AAA-ABB,,,,,,,,,,,556,136%,32,22/5/25,1,19/11/24,1207,10/12/24,404,28/12/24,200,14/1/25,143,31/1/25,114,4/3/25,54,14/4/25,32,22/5/25
S34,POn,1/11/24,Pn2x6,1580,1,1,1/9,#Z3AAA-ABB,,,,,,,,,,,556,0%,1,19/11/24,1,19/11/24
S35,PEcorea,1/11/24,Pn2x6,1580,1395,4,1/8,#?1CB,,,,,,,,,,,556,88%,359,16/4/25,1,19/11/24,321,4/2/25,714,4/3/25,359,16/4/25
S36,PEcorea,1/11/24,Pn2x6,1580,986,3,1/8,#?1CB,,,,,,,,,,,556,62%,122,5/4/25,1,19/11/24,863,19/2/25,122,5/4/25
S37,PEcorea,1/11/24,Pn2x6,1580,656,2,1/8,#?1CB,,,,,,,,,,,556,42%,655,8/4/25,1,19/11/24,655,8/4/25
S38,PEcorea,1/11/24,Pn2x6,1580,1037,3,1/8,#?1CB,,,,,,,,,,,556,66%,347,15/4/25,1,19/11/24,689,25/3/25,347,15/4/25
S39,PEcorea,1/11/24,Pn2x6,1580,946,4,1/8,#?1CB,,,,,,,,,,,556,60%,495,17/4/25,1,19/11/24,365,20/2/25,85,20/3/25,495,17/4/25
S40,PEcorea,1/11/24,Pn2x6,1580,817,4,1/8,#?1CB,,,,,,,,,,,556,52%,202,28/4/25,1,19/11/24,77,13/3/25,537,1/4/25,202,28/4/25
S41,PEcorea,1/11/24,Pn2x6,1580,1,1,1/8,#?1CB,,,,,,,,,,,556,0%,1,19/11/24,1,19/11/24
S42,PEcorea,1/11/24,Pn2x6,1580,1,1,1/8,#?1CB,,,,,,,,,,,556,0%,1,19/11/24,1,19/11/24
S43,BPearl,4/11/24,Pn2x6,1580,1,1,1/8,#EAB-PAD,,,,,,,,,,,553,0%,1,19/11/24,1,19/11/24
S44,BPearl,4/11/24,Pn2x6,1580,1,1,1/8,#EAB-PAD,,,,,,,,,,,553,0%,1,19/11/24,1,19/11/24
S45,BPearl,4/11/24,Pn2x6,1580,1519,4,1/8,#EAB-PAD,,,,,,,,,,,553,96%,224,27/2/25,1,19/11/24,748,10/1/25,546,1/2/25,224,27/2/25
S46,BPearl,4/11/24,Pn2x6,1580,1,1,1/8,#EAB-PAD,,,,,,,,,,,553,0%,1,19/11/24,1,19/11/24
S47,BPearl,4/11/24,Pn2x6,1580,1,1,1/8,#EAB-PAD,,,,,,,,,,,553,0%,1,19/11/24,1,19/11/24
S48,BPearl,4/11/24,Pn2x6,1580,1,1,1/8,#EAB-PAD,,,,,,,,,,,553,0%,1,19/11/24,1,19/11/24
S49,BPearl,4/11/24,Pn2x6,1580,1,1,1/8,#EAB-PAD,,,,,,,,,,,553,0%,1,19/11/24,1,19/11/24
S50,LEfr,15/11/24,Pcx6,1580,1,1,1/8,#C2BE-RCC,,,,,,,,,,,542,0%,1,19/11/24,1,19/11/24
S51,LEfr,15/11/24,Pcx6,1580,230,1,1/8,#C2BE-RCC,,,,,,,,,,,542,15%,230,16/4/25,230,16/4/25
S52,LEfr,15/11/24,Pcx6,1580,831,1,1/8,#C2BE-RCC,,,,,,,,,,,542,53%,831,1/4/25,831,1/4/25
S53,LEfr,15/11/24,Pcx6,1580,538,1,1/8,#C2BE-RCC,,,,,,,,,,,542,34%,538,2/3/25,538,2/3/25
S54,LEfr,15/11/24,Pcx6,1580,554,1,1/8,#C2BE-RCC,,,,,,,,,,,542,35%,554,7/6/25,554,7/6/25
S55,LEfr,15/11/24,Pcx6,1580,676,1,1/8,#C2BE-RCC,,,,,,,,,,,542,43%,676,8/3/25,676,8/3/25
S56,LEfr,15/11/24,Pcx6,1580,437,1,1/8,#C2BE-RCC,,,,,,,,,,,542,28%,437,9/6/25,437,9/6/25
S57,LEfr,15/11/24,Pcx6,1580,834,1,1/8,#C2BE-RCC,,,,,,,,,,,542,53%,834,8/3/25,834,8/3/25
S58,LEfr,15/11/24,Pcx6,1580,,,1/8,#C2BE-RCC,,,,,,,,,,,542
S59,LEfr,15/11/24,Pcx6,1580,,,1/8,#C2BE-RCA,,,,,,,,,,,542
S60,LEfr,15/11/24,Pcx6,1580,814,1,1/8,#C2BE-RCA,,,,,,,,,,,542,52%,814,4/3/25,814,4/3/25
S61,LEfr,15/11/24,Pcx6,1580,938,1,1/8,#C2BE-RCA,,,,,,,,,,,542,59%,938,13/3/25,938,13/3/25
S62,LEfr,15/11/24,Pcx6,1580,943,1,1/8,#C2BE-RCA,,,,,,,,,,,542,60%,943,11/3/25,943,11/3/25
S63,LEfr,15/11/24,Pcx6,1580,793,1,1/8,#C2BE-RCA,,,,,,,,,,,542,50%,793,8/4/25,793,8/4/25
S64,LEfr,15/11/24,Pcx6,1580,759,1,1/8,#C2BE-RCA,,,,,,,,,,,542,48%,759,7/4/25,759,7/4/25
S65,LEfr,15/11/24,Pcx6,1580,842,1,1/8,#C2BE-RCA,,,,,,,,,,,542,53%,842,7/4/25,842,7/4/25
S66,LEfr,15/11/24,Pcx6,1580,398,1,1/8,#C2BE-RCA,,,,,,,,,,,542,25%,398,13/6/25,398,13/6/25
S67,PAb,17/11/24,Pn2x6,1580,2273,5,1/9,#S2AA-BBA,,,,,,,,,,,540,144%,153,10/5/25,924,4/2/25,571,7/3/25,404,28/3/25,221,16/4/25,153,10/5/25
S68,PAb,17/11/24,Pn2x6,1580,2557,4,1/9,#S2AA-BBA,,,,,,,,,,,540,162%,406,22/4/25,828,13/2/25,401,15/3/25,922,4/4/25,406,22/4/25
S69,PAb,17/11/24,Pn2x6,1580,,,1/9,#S2AA-BBA,,,,,,,,,,,540
S70,PAb,17/11/24,Pn2x6,1580,,,1/9,#S2AA-BBA,,,,,,,,,,,540
S71,PAb,17/11/24,Pn2x6,1580,,,1/9,#S2AA-BBA,,,,,,,,,,,540
S72,PAb,17/11/24,Pn2x6,1580,2171,3,1/9,#S2AA-BBA,,,,,,,,,,,540,137%,433,2/4/25,1214,10/2/25,524,15/3/25,433,2/4/25
S73,PAb,17/11/24,Pn2x6,1580,2095,4,1/9,#S2AA-BBA,,,,,,,,,,,540,133%,211,21/4/25,866,8/2/25,659,13/3/25,359,3/4/25,211,21/4/25
S74,PAb,17/11/24,Pn2x6,1580,2479,4,1/9,#S2AA-BBA,,,,,,,,,,,540,157%,123,29/3/25,995,18/1/25,1151,16/2/25,210,13/3/25,123,29/3/25
S75,PAb,17/11/24,Pn2x6,1580,1471,2,1/9,#S2AA-BBA,,,,,,,,,,,540,93%,494,11/5/25,977,15/4/25,494,11/5/25
R19,HUn,9/10/24,Ppx6,1580,1916,7,1/8,#CHA-BC,,,,,,,,,,,578,121%,207,11/3/25,802,21/11/24,270,3/12/24,194,16/12/24,264,22/1/25,116,7/2/25,63,18/2/25,207,11/3/25
R18,HUn,9/10/24,Ppx6,1580,927,2,1/8,#CHA-BC,,,,,,,,,,,578,59%,318,9/1/25,609,21/11/24,318,9/1/25
R20,HUn,9/10/24,Ppx6,1580,2609,7,1/8,#CHA-BC,,,,,,,,,,,578,165%,104,26/3/25,944,21/11/24,405,10/12/24,429,10/1/25,239,27/12/24,302,28/1/25,186,4/3/25,104,26/3/25
L105,BPearl,25/10/24,Ppx6,1580,1600,4,1/8,#?1 10/10,,,,,,,,,,,562,101%,165,13/3/25,1,21/11/24,1155,25/12/24,279,4/1/25,165,13/3/25
L106,BPearl,25/10/24,Ppx6,1580,1669,4,1/8,#?1 10/10,,,,,,,,,,,562,106%,162,21/2/25,1,21/11/24,1129,8/1/25,377,1/2/25,162,21/2/25
L107,BPearl,25/10/24,Ppx6,1580,2056,4,1/8,#?1 10/10,,,,,,,,,,,562,130%,192,15/4/25,1,21/11/24,1428,20/12/24,435,13/3/25,192,15/4/25
L108,BPearl,25/10/24,Ppx6,1580,1961,4,1/8,#?1 10/10,,,,,,,,,,,562,124%,427,26/3/25,1,21/11/24,1315,24/12/24,218,21/1/25,427,26/3/25
L109,BPearl,25/10/24,Ppx6,1580,1795,4,1/8,#?1 10/10,,,,,,,,,,,562,114%,176,13/3/25,1,21/11/24,1460,26/12/24,158,14/1/25,176,13/3/25
L110,BPearl,25/10/24,Ppx6,1580,1,1,1/8,#?1 10/10,,,,,,,,,,,562,0%,1,21/11/24,1,21/11/24
L111,BPearl,25/10/24,Ppx6,1580,1708,3,1/8,#?1 10/10,,,,,,,,,,,562,108%,381,2/3/25,1,21/11/24,1326,28/1/25,381,2/3/25
L112,BPearl,25/10/24,Ppx6,1580,2234,5,1/8,#?1 10/10,,,,,,,,,,,562,141%,143,13/3/25,1,21/11/24,1527,1/1/25,315,14/1/25,248,26/1/25,143,13/3/25
L113,POn,25/10/24,Ppx6,1580,2554,7,1/8,#Z3AAA-ABC,,,,,,,,,,,562,162%,59,15/4/25,1159,28/11/24,634,10/12/24,229,24/12/24,181,9/1/25,220,1/2/25,72,11/3/25,59,15/4/25
L114,POn,25/10/24,Ppx6,1580,2452,7,1/8,#Z3AAA-ABC,,,,,,,,,,,562,155%,177,28/3/25,1181,7/12/24,370,19/12/24,149,3/1/25,328,21/1/25,185,16/2/25,62,7/3/25,177,28/3/25
L115,POn,25/10/24,Ppx6,1580,1300,6,1/8,#Z3AAA-ABC,,,,,,,,,,,562,82%,48,24/4/25,482,1/1/25,251,14/1/25,173,29/1/25,208,26/2/25,138,27/3/25,48,24/4/25
L116,POn,25/10/24,Ppx6,1580,393,1,1/8,#Z3AAA-ABC,,,,,,,,,,,562,25%,393,14/1/25,393,14/1/25
L117,POn,25/10/24,Ppx6,1580,1955,5,1/8,#Z3AAA-ABC,,,,,,,,,,,562,124%,226,1/4/25,790,24/12/24,458,9/1/25,217,28/1/25,264,24/2/25,226,1/4/25
L118,POn,25/10/24,Ppx6,1580,1121,4,1/8,#Z3AAA-ABC,,,,,,,,,,,562,71%,79,7/5/25,618,26/12/24,263,27/2/25,161,3/4/25,79,7/5/25
L119,POn,25/10/24,Ppx6,1580,2122,7,1/8,#Z3AAA-ABC,,,,,,,,,,,562,134%,51,26/4/25,1040,12/12/24,348,25/12/24,162,8/1/25,269,28/1/25,164,27/2/25,88,27/3/25,51,26/4/25
L120,POn,25/10/24,Ppx6,1580,2400,8,1/8,#Z3AAA-ABC,,,,,,,,,,,562,152%,67,9/5/25,832,8/12/24,431,19/12/24,285,1/1/25,372,17/1/25,178,14/2/25,102,18/3/25,133,16/4/25,67,9/5/25
L121,HEg,5/11/25,Ppx6,1580,656,5,1/8,#CBCB,,,,,,,,,,,187,42%,71,29/4/25,182,22/1/25,202,2/3/25,104,19/3/25,97,7/4/25,71,29/4/25
L122,HEg,5/11/25,Ppx6,1580,1201,6,1/8,#CBCB,,,,,,,,,,,187,76%,115,16/5/25,395,6/1/25,300,30/1/25,118,27/2/25,150,18/3/25,123,5/4/25,115,16/5/25
L123,HEg,5/11/25,Ppx6,1580,,,1/8,#CBCB,,,,,,,,,,,187
L124,HEg,5/11/25,Ppx6,1580,983,8,1/8,#CBCB,,,,,,,,,,,187,62%,87,26/5/25,284,2/1/25,35,24/1/25,207,6/2/25,71,2/3/25,122,18/3/25,115,3/4/25,62,11/5/25,87,26/5/25
L125,HEg,5/11/25,Ppx6,1580,,,1/8,#CBCB,,,,,,,,,,,187
L126,HEg,5/11/25,Ppx6,1580,1202,10,1/8,#CBCB,,,,,,,,,,,187,76%,88,12/8/25,241,26/12/24,153,14/1/25,192,4/2/25,195,27/2/25,13,4/4/25,114,23/4/25,83,22/5/25,44,11/6/25,79,19/6/25,88,12/8/25
L127,HEg,5/11/25,Ppx6,1580,973,7,1/8,#CBCB,,,,,,,,,,,187,62%,29,12/6/25,282,31/12/24,170,16/2/25,177,8/3/25,102,28/3/25,85,18/4/25,128,30/4/25,29,12/6/25
L128,HEg,5/11/25,Ppx6,1580,,,1/8,#CBCB,,,,,,,,,,,187
L129,LE3790,5/11/25,Pcx6,1580,,,1/8,#g1 22/3/22,,,,,,,,,,,187
L130,LE3790,5/11/25,Pcx6,1580,734,1,1/8,#g1 22/3/22,,,,,,,,,,,187,46%,734,7/6/25,734,7/6/25
L131,LE3790,5/11/25,Pcx6,1580,743,1,1/8,#g1 22/3/22,,,,,,,,,,,187,47%,743,6/6/25,743,6/6/25
L132,LE3790,5/11/25,Pcx6,1580,674,1,1/8,#g1 22/3/22,,,,,,,,,,,187,43%,674,7/6/25,674,7/6/25
L133,LE3790,5/11/25,Pcx6,1580,491,1,1/8,#g1 22/3/22,,,,,,,,,,,187,31%,491,28/6/25,491,28/6/25
L134,LE3790,5/11/25,Pcx6,1580,694,1,1/8,#g1 22/3/22,,,,,,,,,,,187,44%,694,11/5/25,694,11/5/25
L135,LE3790,5/11/25,Pcx6,1580,594,1,1/8,#g1 22/3/22,,,,,,,,,,,187,38%,594,30/4/25,594,30/4/25
L136,LE3790,5/11/25,Pcx6,1580,1009,1,1/8,#g1 22/3/22,,,,,,,,,,,187,64%,1009,29/4/25,1009,29/4/25
L137,LE3790,5/11/25,Pcx6,1580,191,2,1/8,#ZCB-CCB,,,,,,,,,,,187,12%,44,10/5/25,147,14/2/25,44,10/5/25
L138,LE3790,5/11/25,Pcx6,1580,441,1,1/8,#ZCB-CCB,,,,,,,,,,,187,28%,441,22/3/25,441,22/3/25
L139,LE3790,5/11/25,Pcx6,1580,444,1,1/8,#ZCB-CCB,,,,,,,,,,,187,28%,444,9/5/25,444,9/5/25
L140,LE3790,5/11/25,Pcx6,1580,448,1,1/8,#ZCB-CCB,,,,,,,,,,,187,28%,448,26/3/25,448,26/3/25
L141,LE3790,5/11/25,Pcx6,1580,131,1,1/8,#ZCB-CCB,,,,,,,,,,,187,8%,131,28/6/25,131,28/6/25
L142,LE3790,5/11/25,Pcx6,1580,586,1,1/8,#ZCB-CCB,,,,,,,,,,,187,37%,586,28/4/25,586,28/4/25
L143,LE3790,5/11/25,Pcx6,1580,28,1,1/8,#ZCB-CCB,,,,,,,,,,,187,2%,28,7/11/25,28,7/11/25
L144,LE3790,5/11/25,Pcx6,1580,543,3,1/8,#ZCB-CCB,,,,,,,,,,,187,34%,65,9/5/25,350,13/2/25,128,30/4/25,65,9/5/25
L145,LE3790,9/11/25,Pcx6,1580,182,1,1/8,#XB,,,,,,,,,,,183,12%,182,25/10/25,182,25/10/25
L146,LE3790,9/11/25,Pcx6,1580,574,1,1/8,#XB,,,,,,,,,,,183,36%,574,22/9/25,574,22/9/25
L147,LE3790,9/11/25,Pcx6,1580,243,1,1/8,#XB,,,,,,,,,,,183,15%,243,26/10/25,243,26/10/25
L148,LE3790,9/11/25,Pcx6,1580,37,1,1/8,#XB,,,,,,,,,,,183,2%,37,3/11/25,37,3/11/25
L149,LE3790,9/11/25,Pcx6,1580,,,1/8,#XB,,,,,,,,,,,183
L150,LE3790,9/11/25,Pcx6,1580,,,1/8,#XB,,,,,,,,,,,183
L151,LE3790,9/11/25,Pcx6,1580,413,1,1/8,#XB,,,,,,,,,,,183,26%,413,22/9/25,413,22/9/25
L152,LE3790,9/11/25,Pcx6,1580,280,1,1/8,#XB,,,,,,,,,,,183,18%,280,11/6/25,280,11/6/25
L153,LEfr,9/11/25,Pcx6,1580,673,1,1/8,#C2BE-RCB,,,,,,,,,,,183,43%,673,21/5/25,673,21/5/25
L154,LEfr,9/11/25,Pcx6,1580,787,1,1/8,#C2BE-RCB,,,,,,,,,,,183,50%,787,31/5/25,787,31/5/25
L155,LEfr,9/11/25,Pcx6,1580,,,1/8,#C2BE-RCB,,,,,,,,,,,183
L156,LEfr,9/11/25,Pcx6,1580,928,1,1/8,#C2BE-RCB,,,,,,,,,,,183,59%,928,15/4/25,928,15/4/25
L157,LEfr,9/11/25,Pcx6,1580,923,2,1/8,#C2BE-RCB,,,,,,,,,,,183,58%,767,24/4/25,156,13/4/25,767,24/4/25
L158,LEfr,9/11/25,Pcx6,1580,287,1,1/8,#C2BE-RCB,,,,,,,,,,,183,18%,287,28/4/25,287,28/4/25
L159,LEfr,9/11/25,Pcx6,1580,923,1,1/8,#C2BE-RCB,,,,,,,,,,,183,58%,923,28/3/25,923,28/3/25
L160,LEfr,9/11/25,Pcx6,1580,862,1,1/8,#C2BE-RCB,,,,,,,,,,,183,55%,862,13/4/25,862,13/4/25
L161,PEcorea,16/11/24,Ppx6,1580,949,2,1/8,#1CC,,,,,,,,,,,541,60%,384,22/4/25,565,27/2/25,384,22/4/25
L162,PEcorea,16/11/24,Ppx6,1580,1052,2,1/8,#1CC,,,,,,,,,,,541,67%,158,11/3/25,894,19/2/25,158,11/3/25
L163,PEcorea,16/11/24,Ppx6,1580,329,2,1/8,#1CC,,,,,,,,,,,541,21%,263,21/4/25,66,4/4/25,263,21/4/25
L164,PEcorea,16/11/24,Ppx6,1580,1071,2,1/8,#1CC,,,,,,,,,,,541,68%,164,11/3/25,907,13/2/25,164,11/3/25
L165,PEcorea,16/11/24,Ppx6,1580,1170,3,1/8,#1CC,,,,,,,,,,,541,74%,192,17/4/25,643,18/2/25,335,25/3/25,192,17/4/25
L166,PEcorea,16/11/24,Ppx6,1580,1156,2,1/8,#1CC,,,,,,,,,,,541,73%,264,14/3/25,892,20/2/25,264,14/3/25
L167,PEcorea,16/11/24,Ppx6,1580,1088,1,1/8,#1CC,,,,,,,,,,,541,69%,1088,16/2/25,1088,16/2/25
L168,PEcorea,16/11/24,Ppx6,1580,,,1/8,#1CC,,,,,,,,,,,541
L169,LE3790,16/11/24,Ppx6,1580,807,1,1/8,#XA,,,,,,,,,,,541,51%,807,12/6/25,807,12/6/25
L170,LE3790,16/11/24,Ppx6,1580,590,1,1/8,#XA,,,,,,,,,,,541,37%,590,9/6/25,590,9/6/25
L171,LE3790,16/11/24,Ppx6,1580,600,1,1/8,#XA,,,,,,,,,,,541,38%,600,9/6/25,600,9/6/25
L172,LE3790,16/11/24,Ppx6,1580,624,1,1/8,#XA,,,,,,,,,,,541,39%,624,7/6/25,624,7/6/25
L173,LE3790,16/11/24,Ppx6,1580,889,1,1/8,#XA,,,,,,,,,,,541,56%,889,31/5/25,889,31/5/25
L174,LE3790,16/11/24,Ppx6,1580,593,1,1/8,#XA,,,,,,,,,,,541,38%,593,5/6/25,593,5/6/25
L175,LE3790,16/11/24,Ppx6,1580,672,1,1/8,#XA,,,,,,,,,,,541,43%,672,31/5/25,672,31/5/25
L176,LE3790,16/11/24,Ppx6,1580,704,1,1/8,#XA,,,,,,,,,,,541,45%,704,10/5/25,704,10/5/25
L177,AA22,16/11/24,Ppx6,1580,888,6,1/8,#N2BD-B,,,,,,,,,,,541,56%,132,31/7/25,187,22/2/25,295,25/3/25,196,16/4/25,64,5/5/25,14,26/6/25,132,31/7/25
L178,AA22,16/11/24,Ppx6,1580,778,5,1/8,#N2BD-B,,,,,,,,,,,541,49%,87,4/8/25,172,2/3/25,223,20/3/25,177,10/4/25,119,1/5/25,87,4/8/25
L179,AA22,16/11/24,Ppx6,1580,435,4,1/8,#N2BD-B,,,,,,,,,,,541,28%,29,11/6/25,207,18/3/25,108,3/4/25,91,23/4/25,29,11/6/25
L180,AA22,16/11/24,Ppx6,1580,854,3,1/8,#N2BD-B,,,,,,,,,,,541,54%,307,30/4/25,242,25/3/25,305,12/4/25,307,30/4/25
L181,AA22,16/11/24,Ppx6,1580,410,4,1/8,#N2BD-B,,,,,,,,,,,541,26%,32,11/6/25,160,4/4/25,132,23/4/25,86,10/5/25,32,11/6/25
L182,AA22,16/11/24,Ppx6,1580,480,4,1/8,#N2BD-B,,,,,,,,,,,541,30%,103,22/5/25,72,8/3/25,99,8/4/25,206,28/4/25,103,22/5/25
L183,AA22,16/11/24,Ppx6,1580,411,3,1/8,#N2BD-B,,,,,,,,,,,541,26%,148,29/3/25,110,7/2/25,153,10/3/25,148,29/3/25
L184,AA22,16/11/24,Ppx6,1580,,,1/8,#N2BD-B,,,,,,,,,,,541
L185,PEcorea,21/11/24,Ppx6,1580,1202,3,1/8,#X4CB,,,,,,,,,,,536,76%,113,11/4/25,945,13/2/25,144,5/3/25,113,11/4/25
L186,PEcorea,21/11/24,Ppx6,1580,,,1/8,#X4CB,,,,,,,,,,,536
L187,PEcorea,21/11/24,Ppx6,1580,1041,3,1/8,#X4CB,,,,,,,,,,,536,66%,157,9/5/25,786,15/2/25,98,11/3/25,157,9/5/25
L188,PEcorea,21/11/24,Ppx6,1580,1293,3,1/8,#X4CB,,,,,,,,,,,536,82%,67,11/5/25,1003,18/2/25,223,17/3/25,67,11/5/25
L189,PEcorea,21/11/24,Ppx6,1580,1693,4,1/8,#X4CB,,,,,,,,,,,536,107%,212,18/4/25,47,4/2/25,993,19/2/25,441,15/3/25,212,18/4/25
L190,PEcorea,21/11/24,Ppx6,1580,1672,2,1/8,#X4CB,,,,,,,,,,,536,106%,177,15/4/25,1495,7/2/25,177,15/4/25
L191,PEcorea,21/11/24,Ppx6,1580,1445,3,1/8,#X4CB,,,,,,,,,,,536,91%,248,17/4/25,885,2/3/25,312,27/3/25,248,17/4/25
L192,PEcorea,21/11/24,Ppx6,1580,1522,3,1/8,#X4CB,,,,,,,,,,,536,96%,395,23/4/25,576,20/3/25,551,6/4/25,395,23/4/25
L193,PAb,21/11/24,Ppx6,1580,,,1/8,#S2AA-BBB,,,,,,,,,,,536
L194,PAb,21/11/24,Ppx6,1580,2480,5,1/8,#S2AA-BBB,,,,,,,,,,,536,157%,234,14/5/25,1206,10/2/25,593,13/3/25,248,3/4/25,199,24/4/25,234,14/5/25
L195,PAb,21/11/24,Ppx6,1580,2443,4,1/8,#S2AA-BBB,,,,,,,,,,,536,155%,25,11/5/25,710,20/2/25,521,19/3/25,1187,15/4/25,25,11/5/25
L196,PAb,21/11/24,Ppx6,1580,2050,4,1/8,#S2AA-BBB,,,,,,,,,,,536,130%,211,1/5/25,863,14/2/25,745,18/3/25,231,12/4/25,211,1/5/25
L197,PAb,21/11/24,Ppx6,1580,,,1/8,#S2AA-BBB,,,,,,,,,,,536
L198,PAb,21/11/24,Ppx6,1580,1588,3,1/8,#S2AA-BBB,,,,,,,,,,,536,101%,182,16/5/25,990,7/3/25,416,23/4/25,182,16/5/25
L199,PAb,21/11/24,Ppx6,1580,1442,4,1/8,#S2AA-BBB,,,,,,,,,,,536,91%,136,12/5/25,810,25/2/25,81,23/3/25,415,16/4/25,136,12/5/25
L200,PAb,21/11/24,Ppx6,1580,1998,3,1/8,#S2AA-BBB,,,,,,,,,,,536,126%,327,21/4/25,826,16/2/25,845,19/3/25,327,21/4/25
L201,PAb,21/11/24,Ppx6,1580,2523,4,1/8,#S2AA-BAA,,,,,,,,,,,536,160%,74,8/5/25,1336,22/2/25,736,25/3/25,377,16/4/25,74,8/5/25
L202,PAb,21/11/24,Ppx6,1580,900,2,1/8,#S2AA-BAA,,,,,,,,,,,536,57%,200,15/4/25,700,23/3/25,200,15/4/25
L203,PAb,21/11/24,Ppx6,1580,2316,4,1/8,#S2AA-BAA,,,,,,,,,,,536,147%,274,23/4/25,1152,18/2/25,527,17/3/25,363,4/4/25,274,23/4/25
L204,PAb,21/11/24,Ppx6,1580,2478,4,1/8,#S2AA-BAA,,,,,,,,,,,536,157%,220,5/5/25,1122,19/2/25,753,25/3/25,383,16/4/25,220,5/5/25
L205,PAb,21/11/24,Ppx6,1580,1874,3,1/8,#S2AA-BAA,,,,,,,,,,,536,119%,327,9/4/25,916,20/2/25,631,18/3/25,327,9/4/25
L206,PAb,21/11/24,Ppx6,1580,2538,4,1/8,#S2AA-BAA,,,,,,,,,,,536,161%,365,8/5/25,953,18/2/25,732,19/3/25,488,11/4/25,365,8/5/25
L207,PAb,21/11/24,Ppx6,1580,,,1/8,#S2AA-BAA,,,,,,,,,,,536
L208,PAb,21/11/24,Ppx6,1580,,,1/8,#S2AA-BAA,,,,,,,,,,,536
L209,HUn,21/11/24,Ppx6,1580,1782,5,1/8,#CHA-BDB,,,,,105,,,,,,536,113%,199,23/5/26,957,24/1/25,276,26/2/25,195,18/3/25,155,9/4/25,199,23/5/26
L210,HUn,21/11/24,Ppx6,1580,2162,6,1/8,#CHA-BDB,,,,,,,,,,,536,137%,161,26/4/25,715,8/1/25,282,27/1/25,350,16/2/25,483,13/3/25,171,5/4/25,161,26/4/25
L211,HUn,21/11/24,Ppx6,1580,,,1/8,#CHA-BDB,,,,,,,,,,,536
L212,HUn,21/11/24,Ppx6,1580,,,1/8,#CHA-BDB,,,,,,,,,,,536
L213,HUn,21/11/24,Ppx6,1580,,,1/8,#CHA-BDB,,,,,,,,,,,536
L214,HUn,21/11/24,Ppx6,1580,,,1/8,#CHA-BDB,,,,,,,,,,,536
L215,HUn,21/11/24,Ppx6,1580,1838,5,1/8,#CHA-BDB,,,,,,,,,,,536,116%,149,12/5/25,482,4/2/25,597,11/3/25,223,1/4/25,387,22/4/25,149,12/5/25
L21,,,,,1345,8,,,,,,,,,,,,,,,65,24/4/25,495,22/11/24,179,10/12/24,127,25/12/24,91,13/1/25,106,2/2/25,138,2/3/25,144,2/4/25,65,24/4/25
R24,HUn,9/10/24,Ppx6,1580,2233,7,1/8,#CHA-BC,,,,,,,,,,,578,141%,83,3/4/25,507,22/11/24,284,6/12/24,384,18/12/24,577,13/1/25,262,10/2/25,136,14/3/25,83,3/4/25
R15,,,,,1295,6,,,,,,,,,,,,,,,87,28/3/25,65,23/11/24,620,6/12/24,167,24/12/24,0,9/1/25,356,31/1/25,87,28/3/25
L23,,,,,1522,10,,,,,,,,,,,,,,,150,18/6/25,520,28/11/24,106,16/12/24,98,6/1/25,58,20/1/25,116,13/2/25,202,15/3/25,105,11/4/25,101,6/5/25,66,25/5/25,150,18/6/25
R23,HUn,9/10/24,Ppx6,1580,2340,7,1/8,#CHA-BC,,,,,,,,,,,578,148%,73,2/4/25,653,28/11/24,368,10/12/24,585,25/12/24,424,21/1/25,93,20/2/25,144,15/3/25,73,2/4/25
L24,,,,,1061,7,,,,,,,,,,,,,,,111,28/5/25,250,28/11/24,203,12/12/24,110,31/12/24,111,20/2/25,91,21/3/25,185,22/4/25,111,28/5/25
L232,HUn,28/11/24,Ppx6,1580,,,1/8,#CHA-BDC,,,,,,,,,,,529
L233,HUn,28/11/24,Ppx6,1580,2193,6,1/8,#CHA-BDC,,,,,,,,,,,529,139%,182,9/5/25,988,24/1/25,403,27/2/25,147,18/3/25,194,1/4/25,279,21/4/25,182,9/5/25
L234,HUn,28/11/24,Ppx6,1580,2406,7,1/8,#CHA-BDC,,,,,,,,,,,529,152%,89,12/5/25,1164,23/1/25,422,21/2/25,330,13/3/25,194,28/3/25,70,16/4/25,137,25/4/25,89,12/5/25
L235,HUn,28/11/24,Ppx6,1580,,,1/8,#CHA-BDC,,,,,,,,,,,529
L236,HUn,28/11/24,Ppx6,1580,2475,5,1/8,#CHA-BDC,,,,,,,,,,,529,157%,138,16/4/25,1312,24/1/25,414,11/2/25,321,4/3/25,290,25/3/25,138,16/4/25
L237,HUn,28/11/24,Ppx6,1580,2235,7,1/8,#CHA-BDC,,,,,,,,,,,529,141%,41,9/5/25,1307,30/1/25,308,5/3/25,125,20/3/25,136,1/4/25,67,9/4/25,251,22/4/25,41,9/5/25
L238,HUn,28/11/24,Ppx6,1580,2305,6,1/8,#CHA-BDC,,,,,,,,,,,529,146%,73,5/5/25,1103,14/1/25,257,4/2/25,289,19/2/25,432,11/3/25,151,1/4/25,73,5/5/25
L239,HUn,28/11/24,Ppx6,1580,2403,8,1/8,#CHA-BDC,,,,,,,,,,,529,152%,151,22/5/25,594,13/1/25,470,30/1/25,296,26/2/25,249,13/3/25,234,27/3/25,216,16/4/25,193,3/5/25,151,22/5/25
L224,PAb,28/11/24,Ppx6,1580,2407,4,1/8,#S2AA-BAC,,,,,,,,,,,529,152%,245,14/5/25,1041,4/3/25,719,3/4/25,402,23/4/25,245,14/5/25
L225,PAb,28/11/24,Ppx6,1580,,,1/8,#S2AA-BAC,,,,,,,,,,,529
L226,PAb,28/11/24,Ppx6,1580,211,1,1/8,#S2AA-BAC,,,,,,,,,,,529,13%,211,8/4/25,211,8/4/25
L227,PAb,28/11/24,Ppx6,1580,1993,3,1/8,#S2AA-BAC,,,,,,,,,,,529,126%,103,22/5/25,1512,13/3/25,378,25/4/25,103,22/5/25
L228,PAb,28/11/24,Ppx6,1580,2081,2,1/8,#S2AA-BAC,,,,,,,,,,,529,132%,626,10/5/25,1455,15/4/25,626,10/5/25
L229,PAb,28/11/24,Ppx6,1580,1464,4,1/8,#S2AA-BAC,,,,,,,,,,,529,93%,1059,5/3/25,240,28/4/25,113,30/5/25,52,25/6/25,1059,5/3/25
L230,PAb,28/11/24,Ppx6,1580,2038,4,1/8,#S2AA-BAC,,,,,,,,,,,529,129%,176,9/5/25,702,2/3/25,806,25/3/25,354,16/4/25,176,9/5/25
L231,PAb,28/11/24,Ppx6,1580,2538,4,1/8,#S2AA-BAC,,,,,,,,,,,529,161%,89,6/5/25,1224,25/2/25,983,25/3/25,242,17/4/25,89,6/5/25
L216,HEn,28/11/24,Ppx6,1580,117,1,1/8,#I4AAA,,,,,,,,,,,529,7%,117,30/1/25,117,30/1/25
L217,HEn,28/11/24,Ppx6,1580,1129,4,1/8,#I4AAA,,,,,,,,,,,529,71%,143,12/5/25,697,13/2/25,181,26/3/25,108,16/4/25,143,12/5/25
L218,HEn,28/11/24,Ppx6,1580,1228,4,1/8,#I4AAA,,,,,,,,,,,529,78%,100,23/5/25,888,28/1/25,123,20/3/25,117,29/4/25,100,23/5/25
L219,HEn,28/11/24,Ppx6,1580,1536,7,1/8,#I4AAA,,,,,,,,,,,529,97%,137,16/5/25,85,22/1/25,827,4/2/25,156,27/2/25,194,21/3/25,125,17/4/25,12,25/4/25,137,16/5/25
L220,HEn,28/11/24,Ppx6,1580,1629,5,1/8,#I4AAA,,,,,,,,,,,529,103%,88,24/4/25,625,16/1/25,474,4/2/25,171,2/3/25,271,1/4/25,88,24/4/25
L221,HEn,28/11/24,Ppx6,1580,612,4,1/8,#I4AAA,,,,,,,,,,,529,39%,104,15/5/25,303,13/2/25,115,11/4/25,90,26/4/25,104,15/5/25
L222,HEn,28/11/24,Ppx6,1580,1800,7,1/8,#I4AAA,,,,,,,,,,,529,114%,154,29/4/25,776,21/1/25,304,11/2/25,179,11/3/25,188,23/3/25,132,2/4/25,67,10/4/25,154,29/4/25
L223,HEn,28/11/24,Ppx6,1580,635,5,1/8,#I4AAA,,,,,,,,,,,529,40%,150,11/6/25,140,13/3/25,136,25/3/25,68,14/4/25,141,5/5/25,150,11/6/25
R21,HUn,9/10/24,Ppx6,1580,2485,8,1/8,#CHA-BC,,,,,,,,,,,578,157%,124,8/4/25,588,30/11/24,378,12/12/24,292,3/1/25,487,18/1/25,164,5/2/25,308,4/3/25,144,23/3/25,124,8/4/25
R17,HUn,9/10/24,Ppx6,1580,2115,7,1/8,#CHA-BC,,,,,,,,,,,578,134%,151,26/3/25,360,30/11/24,594,2/12/24,358,31/12/24,129,13/1/25,361,30/1/25,162,5/3/25,151,26/3/25
R120,PAb,25/11/24,Ppx6,1580,397,1,1/8,#52.AA-BAB,,,,,,,,,,,532,25%,397,23/4/25,397,23/4/25
R121,PAb,25/11/24,Ppx6,1580,129,1,1/8,#52.AA-BAB,,,,,,,,,,,532,8%,129,17/6/25,129,17/6/25
R122,PAb,25/11/24,Ppx6,1580,674,2,1/8,#52.AA-BAB,,,,,,,,,,,532,43%,551,15/5/25,123,24/4/25,551,15/5/25
R123,PAb,25/11/24,Ppx6,1580,481,1,1/8,#52.AA-BAB,,,,,,,,,,,532,30%,481,19/5/25,481,19/5/25
R124,PAb,25/11/24,Ppx6,1580,112,1,1/8,#52.AA-BAB,,,,,,,,,,,532,7%,112,24/4/25,112,24/4/25
R125,PAb,25/11/24,Ppx6,1580,,,1/8,#52.AA-BAB,,,,,,,,,,,532
R126,PAb,25/11/24,Ppx6,1580,,,1/8,#52.AA-BAB,,,,,,,,,,,532
R127,PAb,25/11/24,Ppx6,1580,277,1,1/8,#52.AA-BAB,,,,,,,,,,,532,18%,277,27/6/25,277,27/6/25
R104,HEg,21/11/24,Ppx6,1580,,,1/8,#CBCBG-BCC,,,,,,,,,,,536
R105,HEg,21/11/24,Ppx6,1580,1639,9,1/8,#CBCBG-BCC,,,,,,,,,,,536,104%,11,21/6/25,591,1/2/25,155,26/2/25,282,13/3/25,85,28/3/25,131,12/4/25,186,25/4/25,135,19/5/25,63,11/6/25,11,21/6/25
R106,HEg,21/11/24,Ppx6,1580,693,5,1/8,#CBCBG-BCC,,,,,,,,,,,536,44%,64,24/4/25,153,11/1/25,260,1/2/25,145,6/3/25,71,23/3/25,64,24/4/25
R107,HEg,21/11/24,Ppx6,1580,940,7,1/8,#CBCBG-BCC,,,,,,,,,,,536,59%,122,14/5/25,110,31/1/25,201,18/2/25,124,7/3/25,104,23/3/25,100,6/4/25,179,23/4/25,122,14/5/25
R108,HEg,21/11/24,Ppx6,1580,1567,7,1/8,#CBCBG-BCC,,,,,,,,,,,536,99%,42,12/8/25,638,2/2/25,89,26/2/25,267,13/3/25,316,1/4/25,90,17/4/25,125,4/5/25,42,12/8/25
R109,HEg,21/11/24,Ppx6,1580,1406,7,1/8,#CBCBG-BCC,,,,,,,,,,,536,89%,75,24/5/25,631,2/2/25,55,22/2/25,301,11/3/25,130,27/3/25,135,15/4/25,79,1/5/25,75,24/5/25
R110,HEg,21/11/24,Ppx6,1580,960,5,1/8,#CBCBG-BCC,,,,,,,,,,,536,61%,138,5/5/25,501,4/2/25,21,20/3/25,185,1/4/25,115,18/4/25,138,5/5/25
R111,HEg,21/11/24,Ppx6,1580,1187,8,1/8,#CBCBG-BCC,,,,,,,,,,,536,75%,46,30/6/25,253,25/1/25,212,19/2/25,157,10/3/25,79,28/3/25,157,13/4/25,121,29/4/25,162,19/5/25,46,30/6/25
R112,PEsal,21/11/24,Ppx6,1580,,,1/8,#V3.BA-AA,,,,,,,,,,,536
R113,PEsal,21/11/24,Ppx6,1580,920,3,1/8,#V3.BA-AA,,,,,,,,,,,536,58%,320,7/5/25,364,11/3/25,236,11/4/25,320,7/5/25
R114,PEsal,21/11/24,Ppx6,1580,764,1,1/8,#V3.BA-AA,,,,,,,,,,,536,48%,764,7/4/25,764,7/4/25
R115,PEsal,21/11/24,Ppx6,1580,1042,2,1/8,#V3.BA-AA,,,,,,,,,,,536,66%,189,23/4/25,853,13/3/25,189,23/4/25
R116,PEsal,21/11/24,Ppx6,1580,1045,4,1/8,#V3.BA-AA,,,,,,,,,,,536,66%,68,11/5/25,737,4/3/25,38,20/3/25,202,12/4/25,68,11/5/25
R117,PEsal,21/11/24,Ppx6,1580,867,2,1/8,#V3.BA-AA,,,,,,,,,,,536,55%,186,16/4/25,681,13/3/25,186,16/4/25
R118,PEsal,21/11/24,Ppx6,1580,117,1,1/8,#V3.BA-AA,,,,,,,,,,,536,7%,117,15/3/25,117,15/3/25
R119,PEsal,21/11/24,Ppx6,1580,710,3,1/8,#V3.BA-AA,,,,,,,,,,,536,45%,77,5/5/25,255,29/3/25,378,15/4/25,77,5/5/25
R96,HUn,21/11/24,Ppx6,1580,,,1/8,#CHA-BDA,,,,,,,,,,,536
R97,HUn,21/11/24,Ppx6,1580,,,1/8,#CHA-BDA,,,,,,,,,,,536
R98,HUn,21/11/24,Ppx6,1580,1989,6,1/8,#CHA-BDA,,,,,,,,,,,536,126%,197,23/4/25,823,28/1/25,148,15/2/25,299,8/3/25,208,18/3/25,314,3/4/25,197,23/4/25
R99,HUn,21/11/24,Ppx6,1580,2070,6,1/8,#CHA-BDA,,,,,,,,,,,536,131%,104,29/4/25,601,14/1/25,51,22/1/25,450,4/2/25,729,4/3/25,135,14/4/25,104,29/4/25
R100,HUn,21/11/24,Ppx6,1580,2140,4,1/8,#CHA-BDA,,,,,,,,,,,536,135%,220,15/4/25,986,24/1/25,452,4/3/25,482,25/3/25,220,15/4/25
R101,HUn,21/11/24,Ppx6,1580,,,1/8,#CHA-BDA,,,,,,,,,,,536
R102,HUn,21/11/24,Ppx6,1580,,,1/8,#CHA-BDA,,,,,,,,,,,536
R103,HUn,21/11/24,Ppx6,1580,,,1/8,#CHA-BDA,,,,,,,,,,,536
R136,HEn,25/11/24,Ppx6,1580,,,1/8,#14.AAD,,,,,,,,,,,532
R137,HEn,25/11/24,Ppx6,1580,,,1/8,#14.AAD,,,,,,,,,,,532
R138,HEn,25/11/24,Ppx6,1580,1570,8,1/8,#14.AAD,,,,,,,,,,,532,99%,146,15/5/25,660,15/1/25,237,30/1/25,240,27/2/25,123,19/3/25,84,27/3/25,30,9/4/25,50,17/4/25,146,15/5/25
R139,HEn,25/11/24,Ppx6,1580,754,3,1/8,#14.AAD,,,,,,,,,,,532,48%,88,29/4/25,550,7/2/25,116,4/4/25,88,29/4/25
R140,HEn,25/11/24,Ppx6,1580,1409,7,1/8,#14.AAD,,,,,,,,,,,532,89%,70,4/6/25,440,6/2/25,483,20/2/25,173,20/3/25,96,10/4/25,47,24/4/25,100,16/5/25,70,4/6/25
R141,HEn,25/11/24,Ppx6,1580,530,1,1/8,#14.AAD,,,,,,,,,,,532,34%,530,18/1/25,530,18/1/25
R142,HEn,25/11/24,Ppx6,1580,781,3,1/8,#14.AAD,,,,,,,,,,,532,49%,43,24/4/25,659,5/2/25,79,1/4/25,43,24/4/25
R143,HEn,25/11/24,Ppx6,1580,768,3,1/8,#14.AAD,,,,,,,,,,,532,49%,191,19/2/25,484,1/1/25,93,14/1/25,191,19/2/25
R128,PEsal,25/11/24,Ppx6,1580,2466,5,1/8,#V3.BSS->B,,,,,,,,,,,532,156%,159,11/5/25,1465,3/1/25,488,24/1/25,279,21/2/25,75,18/4/25,159,11/5/25
R129,PEsal,25/11/24,Ppx6,1580,541,1,1/8,#V3.BSS->B,,,,,,,,,,,532,34%,541,19/5/25,541,19/5/25
R130,PEsal,25/11/24,Ppx6,1580,2061,3,1/8,#V3.BSS->B,,,,,,,,,,,532,130%,469,15/4/25,1323,4/2/25,269,20/2/25,469,15/4/25
R131,PEsal,25/11/24,Ppx6,1580,1554,3,1/8,#V3.BSS->B,,,,,,,,,,,532,98%,208,1/4/25,1229,21/1/25,117,9/2/25,208,1/4/25
R132,PEsal,25/11/24,Ppx6,1580,2243,3,1/8,#V3.BSS->B,,,,,,,,,,,532,142%,335,13/3/25,1504,3/1/25,404,22/1/25,335,13/3/25
R133,PEsal,25/11/24,Ppx6,1580,1695,2,1/8,#V3.BSS->B,,,,,,,,,,,532,107%,434,10/4/25,1261,5/3/25,434,10/4/25
R134,PEsal,25/11/24,Ppx6,1580,,,1/8,#V3.BSS->B,,,,,,,,,,,532
R135,PEsal,25/11/24,Ppx6,1580,,,1/8,#V3.BSS->B,,,,,,,,,,,532
R22,HUn,9/10/24,Ppx6,1580,1742,8,1/8,#CHA-BC,,,,,,,,,,,578,110%,92,28/6/25,753,26/3/25,198,16/4/25,68,30/4/25,238,11/5/25,100,22/5/25,145,31/5/25,148,11/6/25,92,28/6/25
L240,PEcorea,5/12/24,Ppx6,1580,,,1/8,#X4CA,,,,,,,,,,,887
L241,PEcorea,5/12/24,Ppx6,1580,,,1/8,#X4CA,,,,,,,,,,,887
L242,PEcorea,5/12/24,Ppx6,1580,404,2,1/8,#X4CA,,,,,,,,,,,887,26%,58,17/4/25,346,22/1/25,58,17/4/25
L243,PEcorea,5/12/24,Ppx6,1580,2592,4,1/8,#X4CA,,,,,,,,,,,887,164%,141,28/3/25,1117,24/1/25,558,16/2/25,776,4/3/25,141,28/3/25
L244,PEcorea,5/12/24,Ppx6,1580,529,3,1/8,#X4CA,,,,,,,,,,,887,33%,168,22/4/25,69,14/2/25,292,6/4/25,168,22/4/25
L245,PEcorea,5/12/24,Ppx6,1580,,,1/8,#X4CA,,,,,,,,,,,887
L246,PEcorea,5/12/24,Ppx6,1580,1026,3,1/8,#X4CA,,,,,,,,,,,887,65%,103,19/3/25,235,4/2/25,688,27/2/25,103,19/3/25
L247,PEcorea,5/12/24,Ppx6,1580,,,1/8,#X4CA,,,,,,,,,,,887
L248,LEfr,5/12/24,Pcx6,1580,728,1,1/8,#C2BE-BBA,,,,,,,,,,,887,46%,728,7/6/25,728,7/6/25
L249,LEfr,5/12/24,Pcx6,1580,878,1,1/8,#C2BE-BBA,,,,,,,,,,,887,56%,878,7/6/25,878,7/6/25
L250,LEfr,5/12/24,Pcx6,1580,484,1,1/8,#C2BE-BBA,,,,,,,,,,,887,31%,484,11/6/25,484,11/6/25
L251,LEfr,5/12/24,Pcx6,1580,494,1,1/8,#C2BE-BBA,,,,,,,,,,,887,31%,494,29/6/25,494,29/6/25
L252,LEfr,5/12/24,Pcx6,1580,961,1,1/8,#C2BE-BBA,,,,,,,,,,,887,61%,961,10/4/25,961,10/4/25
L253,LEfr,5/12/24,Pcx6,1580,1318,1,1/8,#C2BE-BBA,,,,,,,,,,,887,83%,1318,19/5/25,1318,19/5/25
L254,LEfr,5/12/24,Pcx6,1580,1035,1,1/8,#C2BE-BBA,,,,,,,,,,,887,66%,1035,20/5/25,1035,20/5/25
L255,LEfr,5/12/24,Pcx6,1580,1207,1,1/8,#C2BE-BBA,,,,,,,,,,,887,76%,1207,13/4/25,1207,13/4/25
L256,LEm,5/12/24,Pcx6,1580,294,1,1/8,#ZCB-CCC,,,,,,,,,,,887,19%,294,28/3/25,294,28/3/25
L257,LEm,5/12/24,Pcx6,1580,695,1,1/8,#ZCB-CCC,,,,,,,,,,,887,44%,695,18/4/25,695,18/4/25
L258,LEm,5/12/24,Pcx6,1580,341,1,1/8,#ZCB-CCC,,,,,,,,,,,887,22%,341,13/11/25,341,13/11/25
L259,LEm,5/12/24,Pcx6,1580,662,1,1/8,#ZCB-CCC,,,,,,,,,,,887,42%,662,27/3/25,662,27/3/25
L260,LEm,5/12/24,Pcx6,1580,741,1,1/8,#ZCB-CCC,,,,,,,,,,,887,47%,741,25/4/25,741,25/4/25
L261,LEm,5/12/24,Pcx6,1580,378,1,1/8,#ZCB-CCC,,,,,,,,,,,887,24%,378,28/6/25,378,28/6/25
L262,LEm,5/12/24,Pcx6,1580,257,1,1/8,#ZCB-CCC,,,,,,,,,,,887,16%,257,12/6/25,257,12/6/25
L263,PCme,12/12/24,Pn3x6,1580,1383,5,1/8,#L4B-AA ng,,,,,,,,,,,880,88%,73,5/8/25,646,2/3/25,302,29/4/25,251,29/5/25,111,19/6/25,73,5/8/25
R160,PEsal,3/12/24,Ppx6,1580,,,1/8,#V3.BAAC,,,,,,,,,,,889
R161,PEsal,3/12/24,Ppx6,1580,,,1/8,#V3.BAAC,,,,,,,,,,,889
R162,PEsal,3/12/24,Ppx6,1580,1882,3,1/8,#V3.BAAC,,,,,,,,,,,889,119%,101,25/2/25,1403,14/1/25,378,30/1/25,101,25/2/25
R163,PEsal,3/12/24,Ppx6,1580,,,1/8,#V3.BAAC,,,,,,,,,,,889
R164,PEsal,3/12/24,Ppx6,1580,,,1/8,#V3.BAAC,,,,,,,,,,,889
R165,PEsal,3/12/24,Ppx6,1580,2217,4,1/8,#V3.BAAC,,,,,,,,,,,889,140%,102,13/3/25,1299,6/1/25,557,26/1/25,259,18/2/25,102,13/3/25
R166,PEsal,3/12/24,Ppx6,1580,,,1/8,#V3.BAAC,,,,,,,,,,,889
R167,PEsal,3/12/24,Ppx6,1580,,,1/8,#V3.BAAC,,,,,,,,,,,889
R144,POn,3/12/24,Ppx6,1580,,,1/8,#Z3AAA-AAC,,,,,,,,,,,889
R145,POn,3/12/24,Ppx6,1580,2015,6,1/8,#Z3AAA-AAC,,,,,,,,,,,889,128%,220,8/5/25,1086,22/1/25,333,4/2/25,77,21/2/25,86,25/3/25,213,16/4/25,220,8/5/25
R146,POn,3/12/24,Ppx6,1580,2161,8,1/8,#Z3AAA-AAC,,,,,,,,,,,889,137%,71,3/7/25,1014,27/1/25,246,12/2/25,74,25/2/25,255,4/3/25,299,23/4/25,163,29/5/25,39,16/6/25,71,3/7/25
R147,POn,3/12/24,Ppx6,1580,,,1/8,#Z3AAA-AAC,,,,,,,,,,,889
R148,POn,3/12/24,Ppx6,1580,,,1/8,#Z3AAA-AAC,,,,,,,,,,,889
R149,POn,3/12/24,Ppx6,1580,2151,6,1/8,#Z3AAA-AAC,,,,,,,,,,,889,136%,65,14/5/25,1208,13/1/25,403,27/1/25,195,14/2/25,176,28/3/25,104,21/4/25,65,14/5/25
R150,POn,3/12/24,Ppx6,1580,2126,6,1/8,#Z3AAA-AAC,,,,,,,,,,,889,135%,116,12/5/25,1219,14/1/25,458,29/1/25,108,18/2/25,81,27/2/25,144,2/4/25,116,12/5/25
R151,POn,3/12/24,Ppx6,1580,2105,5,1/8,#Z3AAA-AAC,,,,,,,,,,,889,133%,342,1/4/25,958,10/1/25,541,26/1/25,114,7/2/25,150,25/2/25,342,1/4/25
R152,BPearl,3/12/24,Ppx6,1580,1925,4,1/8,#AED-ACA,,,,,,,,,,,889,122%,139,19/3/25,992,15/1/25,474,4/2/25,320,2/3/25,139,19/3/25
R153,BPearl,3/12/24,Ppx6,1580,1777,4,1/8,#AED-ACA,,,,,,,,,,,889,112%,347,15/4/25,955,5/2/25,308,25/2/25,167,2/4/25,347,15/4/25
R154,BPearl,3/12/24,Ppx6,1580,,,1/8,#AED-ACA,,,,,,,,,,,889
R155,BPearl,3/12/24,Ppx6,1580,1109,5,1/8,#AED-ACA,,,,,,,,,,,889,70%,113,15/5/25,75,29/1/25,529,19/2/25,213,13/3/25,179,6/4/25,113,15/5/25
R156,BPearl,3/12/24,Ppx6,1580,,,1/8,#AED-ACA,,,,,,,,,,,889
R157,BPearl,3/12/24,Ppx6,1580,,,1/8,#AED-ACA,,,,,,,,,,,889
R158,BPearl,3/12/24,Ppx6,1580,,,1/8,#AED-ACA,,,,,,,,,,,889
R159,BPearl,3/12/24,Ppx6,1580,1756,4,1/8,#AED-ACA,,,,,,,,,,,889,111%,310,16/4/25,522,9/2/25,535,25/2/25,389,15/3/25,310,16/4/25
R168,HEg,10/12/24,Ppx6,1580,1518,7,1/8,#CBCBG-BCA,,,,,,,,,,,882,96%,205,4/6/25,625,10/2/25,40,5/3/25,234,18/3/25,102,8/4/25,153,24/4/25,159,16/5/25,205,4/6/25
R169,HEg,10/12/24,Ppx6,1580,1622,8,1/8,#CBCBG-BCA,,,,,,,,,,,882,103%,138,7/6/25,503,4/2/25,135,20/2/25,237,13/3/25,84,28/3/25,176,14/4/25,131,29/4/25,218,19/5/25,138,7/6/25
R170,HEg,10/12/24,Ppx6,1580,2249,10,1/8,#CBCBG-BCA,,,,,,,,,,,882,142%,38,12/8/25,335,1/2/25,925,2/3/25,209,18/3/25,178,2/4/25,86,18/4/25,193,4/5/25,167,20/5/25,27,21/6/25,91,3/7/25,38,12/8/25
R171,HEg,10/12/24,Ppx6,1580,1082,7,1/8,#CBCBG-BCA,,,,,,,,,,,882,68%,188,11/6/25,304,5/2/25,88,5/3/25,85,20/3/25,143,3/4/25,177,23/4/25,97,9/5/25,188,11/6/25
R172,HEg,10/12/24,Ppx6,1580,1716,8,1/8,#CBCBG-BCA,,,,,,,,,,,882,109%,64,20/6/25,625,4/2/25,141,26/2/25,209,15/3/25,161,1/4/25,126,17/4/25,147,30/4/25,243,19/5/25,64,20/6/25
R173,HEg,10/12/24,Ppx6,1580,1422,9,1/8,#CBCBG-BCA,,,,,,,,,,,882,90%,108,12/8/25,460,10/2/25,78,5/3/25,171,20/3/25,101,5/4/25,97,24/4/25,156,5/5/25,205,28/5/25,46,11/6/25,108,12/8/25
R174,HEg,10/12/24,Ppx6,1580,1062,6,1/8,#CBCBG-BCA,,,,,,,,,,,882,67%,36,19/6/25,134,20/2/25,242,13/3/25,220,1/4/25,209,21/4/25,221,14/5/25,36,19/6/25
R175,HEg,10/12/24,Ppx6,1580,990,8,1/8,#CBCBG-BCA,,,,,,,,,,,882,63%,55,18/6/25,70,1/2/25,157,14/2/25,170,8/3/25,118,26/3/25,93,10/4/25,144,28/4/25,183,20/5/25,55,18/6/25
R176,BPearl,10/12/24,Ppx6,1580,2067,4,1/8,#ED-ACC,,,,,,,,,,,882,131%,267,23/4/25,1059,29/1/25,348,16/2/25,393,18/3/25,267,23/4/25
R177,BPearl,10/12/24,Ppx6,1580,2846,3,1/8,#ED-ACC,,,,,,,,,,,882,180%,370,2/4/25,535,16/2/25,1941,1/3/25,370,2/4/25
R178,BPearl,10/12/24,Ppx6,1580,,,1/8,#ED-ACC,,,,,,,,,,,882
R179,BPearl,10/12/24,Ppx6,1580,2130,4,1/8,#ED-ACC,,,,,,,,,,,882,135%,203,3/5/25,744,13/2/25,614,28/2/25,569,1/4/25,203,3/5/25
R180,BPearl,10/12/24,Ppx6,1580,1686,4,1/8,#ED-ACC,,,,,,,,,,,882,107%,277,23/5/25,785,12/2/25,404,25/2/25,220,11/3/25,277,23/5/25
R181,BPearl,10/12/24,Ppx6,1580,2008,4,1/8,#ED-ACC,,,,,,,,,,,882,127%,335,21/4/25,1125,4/2/25,400,21/2/25,148,3/4/25,335,21/4/25
R182,BPearl,10/12/24,Ppx6,1580,2341,4,1/8,#ED-ACC,,,,,,,,,,,882,148%,351,19/4/25,1061,30/1/25,515,21/2/25,414,14/3/25,351,19/4/25
R183,BPearl,10/12/24,Ppx6,1580,1456,4,1/8,#ED-ACC,,,,,,,,,,,882,92%,231,9/5/25,202,31/1/25,658,19/2/25,365,11/3/25,231,9/5/25
R184>R191,LEn,10/12/24,Ppx6,1580,,,1/8,#B4R-BCA,,,,,,,,,,,882
R184,LEn,10/12/24,Ppx6,1580,620,1,1/8,#B4R-BCA,,,,,,,,,,,882,39%,620,25/5/25,620,25/5/25
R185,LEn,10/12/24,Ppx6,1580,766,1,1/8,#B4R-BCA,,,,,,,,,,,882,48%,766,16/5/25,766,16/5/25
R186,LEn,10/12/24,Ppx6,1580,555,1,1/8,#B4R-BCA,,,,,,,,,,,882,35%,555,1/6/25,555,1/6/25
R187,LEn,10/12/24,Ppx6,1580,385,1,1/8,#B4R-BCA,,,,,,,,,,,882,24%,385,22/4/25,385,22/4/25
R188,LEn,10/12/24,Ppx6,1580,96,1,1/8,#B4R-BCA,,,,,,,,,,,882,6%,96,26/7/25,96,26/7/25
R189,LEn,10/12/24,Ppx6,1580,547,1,1/8,#B4R-BCA,,,,,,,,,,,882,35%,547,31/5/25,547,31/5/25
R190,LEn,10/12/24,Ppx6,1580,701,1,1/8,#B4R-BCA,,,,,,,,,,,882,44%,701,22/5/25,701,22/5/25
R191,LEn,10/12/24,Ppx6,1580,600,1,1/8,#B4R-BCA,,,,,,,,,,,882,38%,600,31/5/25,600,31/5/25
R26,BPearl,22/10/24,Ppx6,1580,,,1/8,#EEAB-BAA,,,,,,,,,,,565
R27,BPearl,22/10/24,Ppx6,1580,2487,6,1/8,#EEAB-BAA,,,,,,,,,,,565,157%,107,2/5/25,719,20/12/24,630,7/1/25,220,29/1/25,258,20/2/25,553,15/4/25,107,2/5/25
R28,BPearl,22/10/24,Ppx6,1580,1889,6,1/8,#EEAB-BAA,,,,,,,,,,,565,120%,186,17/4/25,648,26/12/24,382,8/1/25,322,26/1/25,146,11/2/25,205,4/3/25,186,17/4/25
R29,BPearl,22/10/24,Ppx6,1580,1980,4,1/8,#EEAB-BAA,,,,,,,,,,,565,125%,465,7/5/25,1004,24/12/24,275,8/1/25,236,28/1/25,465,7/5/25
R30,BPearl,22/10/24,Ppx6,1580,2867,6,1/8,#EEAB-BAA,,,,,,,,,,,565,181%,408,18/3/25,562,14/12/24,840,31/12/24,647,13/1/25,207,28/1/25,203,25/2/25,408,18/3/25
R31,BPearl,22/10/24,Ppx6,1580,2194,5,1/8,#EEAB-BAA,,,,,,,,,,,565,139%,233,1/4/25,795,25/12/24,442,8/1/25,445,25/1/25,279,27/2/25,233,1/4/25
R32,BPearl,22/10/24,Ppx6,1580,1870,5,1/8,#EEAB-BAA,,,,,,,,,,,565,118%,88,24/4/25,701,19/12/24,432,1/1/25,284,22/1/25,365,25/2/25,88,24/4/25
L264,PCme,12/12/24,Pn3x6,1580,,,1/8,#L4B-AA ng,,,,,,,,,,,880
L265,PCme,12/12/24,Pn3x6,1580,1580,5,1/8,#L4B-AA ng,,,,,,,,,,,880,100%,62,25/7/25,575,4/3/25,304,26/3/25,459,22/5/25,180,3/6/25,62,25/7/25
L266,PCme,12/12/24,Pn3x6,1580,,,1/8,#L4B-AA ng,,,,,,,,,,,880
L267,PCme,12/12/24,Pn310x6,1415,1829,7,1/8,#L4B-AA ng,,,,,,,,,,,880,129%,163,4/8/25,547,10/2/25,185,25/3/25,418,16/5/25,256,27/5/25,231,14/6/25,29,5/7/25,163,4/8/25
L268,PCme,12/12/24,Pn310x6,1415,1240,3,1/8,#L4B-AA ng,,,,,,,,,,,880,88%,176,4/8/25,587,30/1/25,477,19/5/25,176,4/8/25
L269,PCme,12/12/24,Pn310x6,1415,1440,5,1/8,#L4B-AA ng,,,,,,,,,,,880,102%,310,26/6/25,348,4/2/25,277,5/5/25,429,15/5/25,76,5/6/25,310,26/6/25
L270,PCme,12/12/24,Pn310x6,1415,1468,4,1/8,#L4B-AA ng,,,,,,,,,,,880,104%,136,25/7/25,596,13/2/25,393,22/5/25,343,1/6/25,136,25/7/25
L271,HUn,12/12/24,Pn3x6,1580,1935,8,1/8,#CHA-BEA,,,,,,,,,,,880,122%,99,22/5/25,535,5/2/25,423,4/3/25,275,18/3/25,168,1/4/25,70,12/4/25,221,23/4/25,144,11/5/25,99,22/5/25
L272,HUn,12/12/24,Pn3x6,1580,,,1/8,#CHA-BEA,,,,,,,,,,,880
L273,HUn,12/12/24,Pn3x6,1580,2167,5,1/8,#CHA-BEA,,,,,,,,,,,880,137%,127,25/4/25,1527,4/2/25,328,13/3/25,129,27/3/25,56,9/4/25,127,25/4/25
L274,HUn,12/12/24,Pn3x6,1580,2294,8,1/8,#CHA-BEA,,,,,,,,,,,880,145%,127,9/5/25,1187,4/2/25,213,2/3/25,341,17/3/25,40,28/3/25,187,6/4/25,150,18/4/25,49,28/4/25,127,9/5/25
L275,HUn,12/12/24,Pn310x6,1415,1843,8,1/8,#CHA-BEA,,,,,,,,,,,880,130%,33,9/6/25,898,30/1/25,221,15/2/25,256,15/3/25,208,4/4/25,104,26/4/25,74,14/5/25,49,31/5/25,33,9/6/25
L276,HUn,12/12/24,Pn310x6,1415,1962,9,1/8,#CHA-BEA,,,,,,,,,,,880,139%,44,14/6/25,1078,28/1/25,173,3/3/25,64,22/3/25,147,5/4/25,111,23/4/25,104,11/5/25,145,23/5/25,96,5/6/25,44,14/6/25
L277,HUn,12/12/24,Pn310x6,1415,1172,4,1/8,#CHA-BEA,,,,,,,,,,,880,83%,115,30/4/25,625,30/1/25,346,13/3/25,86,5/4/25,115,30/4/25
L278,HUn,12/12/24,Pn310x6,1415,1654,5,1/8,#CHA-BEA,,,,,,,,,,,880,117%,165,25/4/25,794,28/1/25,134,15/2/25,324,13/3/25,237,5/4/25,165,25/4/25
L279,PAb,12/12/24,Pn3x6,1580,578,1,1/9,#S2-AA-bB,,,,,,,,,,,880,37%,578,19/5/25,578,19/5/25
L280,PAb,12/12/24,Pn3x6,1580,,,1/9,#S2-AA-bB,,,,,,,,,,,880
L281,PAb,12/12/24,Pn3x6,1580,482,1,1/9,#S2-AA-bB,,,,,,,,,,,880,31%,482,26/5/25,482,26/5/25
L282,PAb,12/12/24,Pn3x6,1580,,,1/9,#S2-AA-bB,,,,,,,,,,,880
L283,PAb,12/12/24,Pn310x6,1415,1632,3,1/9,#S2-AA-bB,,,,,,,,,,,880,115%,136,4/5/25,911,18/3/25,585,15/4/25,136,4/5/25
L284,PAb,12/12/24,Pn310x6,1415,,,1/9,#S2-AA-bB,,,,,,,,,,,880
L285,PAb,12/12/24,Pn310x6,1415,,,1/9,#S2-AA-bB,,,,,,,,,,,880
L286,PAb,12/12/24,Pn310x6,1415,348,1,1/9,#S2-AA-bB,,,,,,,,,,,880,25%,348,19/5/25,348,19/5/25
L287,PAb,12/12/24,Pn310x6,1415,1526,3,1/9,#S2-AA-bB,,,,,,,,,,,880,108%,274,15/4/25,923,4/3/25,329,1/4/25,274,15/4/25
S99,HUn,29/11/24,Pn2x6,1580,1302,3,1/8,#CHA-BEB,,,,,,,,,,,528,82%,94,26/4/25,1001,14/12/24,207,14/1/25,94,26/4/25
R55,HU24,1/11/24,Pn2x6,1580,2487,6,1/8,#F40A-BB,,,,,,,,,,,556,157%,78,25/3/25,685,16/12/24,779,8/1/25,509,27/1/25,215,19/2/25,221,13/3/25,78,25/3/25
R51,HU24,1/11/24,Pn2x6,1580,1927,4,1/8,#F40A-BB,,,,,,,,,,,556,122%,172,4/3/25,715,17/12/24,728,11/1/25,312,5/2/25,172,4/3/25
R53,HU24,1/11/24,Pn2x6,1580,2225,5,1/8,#F40A-BB,,,,,,,,,,,556,141%,143,18/3/25,787,17/12/24,707,7/1/25,490,29/1/25,98,2/3/25,143,18/3/25
R49,HU24,1/11/24,Pn2x6,1580,2361,7,1/8,#F40A-BB,,,,,,,,,,,556,149%,116,4/4/25,719,17/12/24,520,4/1/25,538,22/1/25,156,14/2/25,194,11/3/25,118,25/3/25,116,4/4/25
R54,HU24,1/11/24,Pn2x6,1580,2142,3,1/8,#F40A-BB,,,,,,,,,,,556,136%,464,4/2/25,866,17/12/24,812,10/1/25,464,4/2/25
R57,PCme,1/11/24,Pn2x6,1580,1998,7,1/8,#L4B-BAA,,,,,,,,,,,556,126%,110,28/7/25,578,14/1/25,156,15/2/25,431,2/5/25,364,15/5/25,210,10/6/25,149,25/6/25,110,28/7/25
R58,PCme,1/11/24,Pn2x6,1580,766,1,1/8,#L4B-BAA,,,,,,,,,,,556,48%,766,4/2/25,766,4/2/25
R59,PCme,1/11/24,Pn2x6,1580,1949,6,1/8,#L4B-BAA,,,,,,,,,,,556,123%,68,7/8/25,672,15/3/25,482,2/5/25,413,19/5/25,178,11/6/25,136,24/6/25,68,7/8/25
R60,PCme,1/11/24,Pn2x6,1580,,,1/8,#L4B-BAA,,,,,,,,,,,556
R61,PCme,1/11/24,Pn2x6,1580,1616,4,1/8,#L4B-BAA,,,,,,,,,,,556,102%,147,16/5/25,698,7/1/25,222,6/2/25,549,1/5/25,147,16/5/25
R62,PCme,1/11/24,Pn2x6,1580,,,1/8,#L4B-BAA,,,,,,,,,,,556
R63,PCme,1/11/24,Pn2x6,1580,1651,4,1/8,#L4B-BAA,,,,,,,,,,,556,104%,161,14/6/25,700,1/2/25,450,19/5/25,340,3/6/25,161,14/6/25
R64,PCme,1/11/24,Pn2x6,1580,1994,4,1/8,#L4B-BAA,,,,,,,,,,,556,126%,139,12/6/25,1080,29/1/25,564,19/5/25,211,30/5/25,139,12/6/25
R80,POn,11/11/24,Pn2x6,1580,,,1/8,#Z3AAA-AAA,,,,,,,,,,,546
R81,POn,11/11/24,Pn2x6,1580,,,1/8,#Z3AAA-AAA,,,,,,,,,,,546
R82,POn,11/11/24,Pn2x6,1580,2174,9,1/8,#Z3AAA-AAA,,,,,,,,,,,546,138%,61,18/6/25,327,25/12/24,521,7/1/25,391,23/1/25,232,15/2/25,254,13/3/25,177,15/4/25,128,14/5/25,83,2/6/25,61,18/6/25
R83,POn,11/11/24,Pn2x6,1580,2433,8,1/8,#Z3AAA-AAA,,,,,,,,,,,546,154%,117,14/6/25,1055,26/12/24,443,9/1/25,194,24/1/25,190,13/2/25,187,15/3/25,133,18/4/25,114,6/6/25,117,14/6/25
R84,POn,11/11/24,Pn2x6,1580,,,1/8,#Z3AAA-AAA,,,,,,,,,,,546
R85,POn,11/11/24,Pn2x6,1580,2326,8,1/8,#Z3AAA-AAA,,,,,,,,,,,546,147%,228,6/8/25,766,24/12/24,553,10/1/25,257,28/1/25,228,6/3/25,78,21/4/25,84,20/5/25,132,25/6/25,228,6/8/25
R86,POn,11/11/24,Pn2x6,1580,,,1/8,#Z3AAA-AAA,,,,,,,,,,,546
R87,POn,11/11/24,Pn2x6,1580,,,1/8,#Z3AAA-AAA,,,,,,,,,,,546
R50,HU24,1/11/24,Pn2x6,1580,1503,4,1/8,#F40A-BB,,,,,,,,,,,556,95%,73,7/4/25,671,28/1/25,514,27/2/25,245,21/3/25,73,7/4/25
R52,HU24,1/11/24,Pn2x6,1580,118,1,1/8,#F40A-BB,,,,,,,,,,,556,7%,118,27/2/25,118,27/2/25
R56,HU24,1/11/24,Pn2x6,1580,1719,3,1/8,#F40A-BB,,,,,,,,,,,556,109%,309,4/3/25,524,2/1/25,886,28/1/25,309,4/3/25
R65,BPearl,1/11/24,Pn2x6,1580,2195,5,1/8,#BAB-PAC,,,,,,,,,,,556,139%,314,29/3/25,772,6/1/25,451,18/1/25,557,18/2/25,101,15/3/25,314,29/3/25
R66,BPearl,1/11/24,Pn2x6,1580,78,1,1/8,#BAB-PAC,,,,,,,,,,,556,5%,78,25/3/25,78,25/3/25
R67,BPearl,1/11/24,Pn2x6,1580,,,1/8,#BAB-PAC,,,,,,,,,,,556
R68,BPearl,1/11/24,Pn2x6,1580,,,1/8,#BAB-PAC,,,,,,,,,,,556
R69,BPearl,1/11/24,Pn2x6,1580,1700,4,1/8,#BAB-PAC,,,,,,,,,,,556,108%,510,15/4/25,702,1/2/25,104,25/2/25,384,15/3/25,510,15/4/25
R70,BPearl,1/11/24,Pn2x6,1580,,,1/8,#BAB-PAC,,,,,,,,,,,556
R71,BPearl,1/11/24,Pn2x6,1580,,,1/8,#BAB-PAC,,,,,,,,,,,556
R192,POm,17/12/24,Pn310×6,,,,1/8,#GA.AAF-CB,,,,,,,,,,,875
R193,POm,17/12/24,Pn310×6,,,,1/8,#GA.AAF-CB,,,,,,,,,,,875
R194,POm,17/12/24,Pn3×6,,,,1/8,#GA.AAF-CB,,,,,,,,,,,875
R195,POm,17/12/24,Pn3×6,,,,1/8,#GA.AAF-CB,,,,,,,,,,,875
R196,POm,17/12/24,Pn3×6,,,,1/8,#GA.AAF-CB,,,,,,,,,,,875
R197,POm,17/12/24,Pn310×6,,,,1/8,#GA.AAF-CB,,,,,,,,,,,875
R198,POm,17/12/24,Pn310×6,,1289,4,1/8,#GA.AAF-CB,,,,,,,,,,,875,,143,18/4/25,780,29/1/25,208,21/2/25,158,18/3/25,143,18/4/25
R199,POm,17/12/24,Pn3×6,,940,3,1/8,#GA.AAF-CB,,,,,,,,,,,875,,259,2/5/25,370,7/3/25,311,1/4/25,259,2/5/25
R200,POn,17/12/24,Pn310×6,,,,1/8,#Z3.AAA-ACB,,,,,,,,,,,875
R201,POn,17/12/24,Pn3×6,,1598,7,1/8,#Z3.AAA-ACB,,,,,,,,,,,875,,91,12/6/25,697,10/3/25,236,26/3/25,177,7/4/25,84,23/4/25,102,5/5/25,211,19/5/25,91,12/6/25
R202,POn,17/12/24,Pn310×6,,1966,6,1/8,#Z3.AAA-ACB,,,,,,,,,,,875,,151,7/6/25,863,5/2/25,331,19/2/25,147,7/3/25,293,1/4/25,181,5/5/25,151,7/6/25
R203,POn,17/12/24,Pn3×6,,,,1/8,#Z3.AAA-ACB,,,,,,,,,,,875
R204,POn,17/12/24,Pn3×6,,2165,5,1/8,#Z3.AAA-ACB,,,,,,,,,,,875,,88,21/4/25,1541,7/2/25,138,26/2/25,289,13/3/25,109,5/4/25,88,21/4/25
R205,POn,17/12/24,Pn3×6,,,,1/8,#Z3.AAA-ACB,,,,,,,,,,,875
R206,POn,17/12/24,Pn310×6,,,,1/8,#Z3.AAA-ACB,,,,,,,,,,,875
R207,POn,17/12/24,Pn310×6,,,,1/8,#Z3.AAA-ACB,,,,,,,,,,,875
R212,PAb,17/12/24,Pn3×6,,,,1/8,#52.AA-BCD,,,,,,,,,,,875
R213,PAb,17/12/24,Pn3×6,,,,1/8,#52.AA-BCD,,,,,,,,,,,875
R214,PAb,17/12/24,Pn3×6,,,,1/8,#52.AA-BCD,,,,,,,,,,,875
R215,PAb,17/12/24,Pn3×6,,,,1/8,#52.AA-BCD,,,,,,,,,,,875
R208,PAb,17/12/24,Pn310×6,,568,2,1/8,#52.AA-BCD,,,,,,,,,,,875,,179,3/5/25,389,21/3/25,179,3/5/25
R209,PAb,17/12/24,Pn310×6,,,,1/8,#52.AA-BCD,,,,,,,,,,,875
R210,PAb,17/12/24,Pn310×6,,,,1/8,#52.AA-BCD,,,,,,,,,,,875
R211,PAb,17/12/24,Pn310×6,,1105,4,1/8,#52.AA-BCD,,,,,,,,,,,875,,84,11/5/25,664,14/3/25,227,7/4/25,130,23/4/25,84,11/5/25
R72,BPearl,11/11/24,Pn2×6,,1978,5,1/8,#ED-ACA,,,,,,,,,,,546,,250,14/4/25,1072,30/1/25,313,20/2/25,95,2/3/25,248,25/3/25,250,14/4/25
R73,BPearl,11/11/24,Pn2×6,,1247,4,1/8,#ED-ACA,,,,,,,,,,,546,,247,22/4/25,149,11/2/25,363,28/2/25,488,17/3/25,247,22/4/25
R74,BPearl,11/11/24,Pn2×6,,3975,5,1/8,#ED-ACA,,,,,,,,,,,546,,133,12/5/25,2991,25/1/25,526,15/2/25,165,10/3/25,160,4/4/25,133,12/5/25
R75,BPearl,11/11/24,Pn2×6,,1464,3,1/8,#ED-ACA,,,,,,,,,,,546,,387,13/4/25,610,15/2/25,467,11/3/25,387,13/4/25
R76,BPearl,11/11/24,Pn2×6,,,,1/8,#ED-ACA,,,,,,,,,,,546
R77,BPearl,11/11/24,Pn2×6,,,,1/8,#ED-ACA,,,,,,,,,,,546
R78,BPearl,11/11/24,Pn2×6,,,,1/8,#ED-ACA,,,,,,,,,,,546
R79,BPearl,11/11/24,Pn2×6,,1812,5,1/8,#ED-ACA,,,,,,,,,,,546,,212,5/5/25,723,12/2/25,315,28/2/25,250,15/3/25,312,1/4/25,212,5/5/25
Ff475,,,,,31,1,,,,,,,,,,,,,,,31,1/1/25,31,1/1/25
S81,POn,26/11/24,Pn2x6,1580,2001,6,1/9,#Z3AAA-AAB,,,,,,,,,,,531,127%,134,21/4/25,1105,6/1/25,417,21/1/25,156,7/2/25,59,27/2/25,130,28/3/25,134,21/4/25
S79,POn,26/11/24,Pn2x6,1580,2132,8,1/9,#Z3AAA-AAB,,,,,,,,,,,531,135%,63,22/5/25,1157,6/1/25,351,22/1/25,142,4/2/25,152,21/2/25,39,15/3/25,130,9/4/25,98,1/5/25,63,22/5/25
S78,POn,26/11/24,Pn2x6,1580,1937,5,1/9,#Z3AAA-AAB,,,,,,,,,,,531,123%,52,24/4/25,1067,6/1/25,394,22/1/25,212,7/2/25,212,4/3/25,52,24/4/25
S76,POn,26/11/24,Pn2x6,1580,2275,7,1/9,#Z3AAA-AAB,,,,,,,,,,,531,144%,191,8/5/25,516,7/1/25,704,30/1/25,387,19/2/25,78,7/3/25,283,29/3/25,116,18/4/25,191,8/5/25
S77,POn,26/11/24,Pn2x6,1580,2172,7,1/9,#Z3AAA-AAB,,,,,,,,,,,531,137%,123,19/6/25,1019,8/1/25,386,22/1/25,226,4/2/25,110,25/2/25,127,6/4/25,181,5/5/25,123,19/6/25
S319,PCme,28/4/25,Pn3x6,1580,265,2,1/8,#L4B-AAC,,,,,,,,,,,379,17%,57,6/11/25,208,8/1/25,57,6/11/25
S100,HUn,29/11/24,Pn2x6,1580,2108,4,1/8,#CHA-BEB,,,,,,,,,,,528,133%,310,1/4/25,789,9/1/25,585,2/2/25,424,7/3/25,310,1/4/25
S91,HEn,29/11/24,Pn2x6,1580,1582,7,1/8,#I4-AAB,,,,,,,,,,,528,100%,145,15/5/25,407,9/1/25,610,30/1/25,161,22/2/25,150,15/3/25,44,28/3/25,65,28/4/25,145,15/5/25
S82,POn,26/11/24,Pn2x6,1580,1971,6,1/9,#Z3AAA-AAB,,,,,,,,,,,531,125%,55,23/4/25,1142,10/1/25,396,26/1/25,144,6/2/25,150,2/3/25,84,1/4/25,55,23/4/25
S80,POn,26/11/24,Pn2x6,1580,2174,7,1/9,#Z3AAA-AAB,,,,,,,,,,,531,138%,38,2/5/25,1150,10/1/25,468,26/1/25,195,11/2/25,81,28/2/25,113,22/3/25,129,10/4/25,38,2/5/25
R10,HEg,,,,676,2,,,,,,,,,,,,,,,184,2/4/25,492,13/1/25,184,2/4/25
S95,HUn,29/11/24,Pn2x6,1580,2250,6,1/8,#CHA-BEB,,,,,,,,,,,528,142%,17,30/4/25,1017,13/1/25,557,4/2/25,311,4/3/25,208,23/3/25,140,10/4/25,17,30/4/25
R90,PCme,11/11/24,Pn3x6,1580,1748,6,1/8,#L4B-BAB,,,,,,,,,,,546,111%,93,7/8/25,1086,14/1/25,33,1/5/25,237,14/5/25,213,25/5/25,86,30/7/25,93,7/8/25
R94,PCme,11/11/24,Pn3x6,1580,2000,7,1/8,#L4B-BAB,,,,,,,,,,,546,127%,67,7/8/25,808,14/1/25,358,8/2/25,316,26/5/25,289,9/6/25,47,3/7/25,115,23/7/25,67,7/8/25
R95,PCme,11/11/24,Pn3x6,1580,1852,3,1/8,#L4B-BAB,,,,,,,,,,,546,117%,249,17/6/25,923,15/1/25,680,9/6/25,249,17/6/25
R248,PAb,15/1/25,Pn3x6,1580,,,1/8,#S2-AA-BCD,,,,,,,,,,,480
R249,PAb,15/1/25,Pn3x6,1580,332,1,1/8,#S2-AA-BCD,,,,,,,,,,,480,21%,332,25/5/25,332,25/5/25
R250,PAb,15/1/25,Pn3x6,1580,,,1/8,#S2-AA-BCD,,,,,,,,,,,480
R251,PAb,15/1/25,Pn3x6,1580,206,1,1/8,#S2-AA-BCD,,,,,,,,,,,480,13%,206,31/5/25,206,31/5/25
R252,PAb,15/1/25,Pn310x6,1415,902,1,1/8,#S2-AA-BCD,,,,,,,,,,,480,64%,902,19/5/25,902,19/5/25
R253,PAb,15/1/25,Pn310x6,1415,532,1,1/8,#S2-AA-BCD,,,,,,,,,,,480,38%,532,11/5/25,532,11/5/25
R254,PAb,15/1/25,Pn310x6,1415,186,1,1/8,#S2-AA-BCD,,,,,,,,,,,480,13%,186,14/6/25,186,14/6/25
R255,PAb,15/1/25,Pn310x6,1415,761,2,1/8,#S2-AA-BCD,,,,,,,,,,,480,54%,213,10/6/25,548,14/5/25,213,10/6/25
R256,PEcorea,15/1/25,Pn3x6,1580,,,1/8,4EX4-AA,,,,,,,,,,,480
R257,PEcorea,15/1/25,Pn3x6,1580,136,1,1/8,4EX4-AA,,,,,,,,,,,480,9%,136,26/4/25,136,26/4/25
R258,PEcorea,15/1/25,Pn3x6,1580,,,1/8,4EX4-AA,,,,,,,,,,,480
R259,PEcorea,15/1/25,Pn3x6,1580,,,1/8,4EX4-AA,,,,,,,,,,,480
R260,PEcorea,15/1/25,Pn310x6,1415,447,2,1/8,4EX4-AA,,,,,,,,,,,480,32%,67,28/5/25,380,23/4/25,67,28/5/25
R261,PEcorea,15/1/25,Pn310x6,1415,,,1/8,4EX4-AA,,,,,,,,,,,480
R262,PEcorea,15/1/25,Pn310x6,1415,,,1/8,4EX4-AA,,,,,,,,,,,480
R263,PEcorea,15/1/25,Pn310x6,1415,,,1/8,4EX4-AA,,,,,,,,,,,480
R240,HEg,15/1/25,Pn3x6,1580,25,1,1/8,#CBCBG-BCB,,,,,,,,,,,480,2%,25,2/4/25,25,2/4/25
R241,HEg,15/1/25,Pn3x6,1580,603,3,1/8,#CBCBG-BCB,,,,,,,,,,,480,38%,86,15/4/25,214,14/3/25,303,28/3/25,86,15/4/25
R242,HEg,15/1/25,Pn3x6,1580,,,1/8,#CBCBG-BCB,,,,,,,,,,,480
R243,HEg,15/1/25,Pn3x6,1580,,,1/8,#CBCBG-BCB,,,,,,,,,,,480
R244,HEg,15/1/25,Pn310x6,1415,419,3,1/8,#CBCBG-BCB,,,,,,,,,,,480,30%,37,28/4/25,314,20/3/25,68,9/4/25,37,28/4/25
R245,HEg,15/1/25,Pn310x6,1415,799,6,1/8,#CBCBG-BCB,,,,,,,,,,,480,56%,22,9/6/25,512,18/3/25,151,2/4/25,32,24/4/25,40,7/5/25,42,22/5/25,22,9/6/25
R246,HEg,15/1/25,Pn310x6,1415,174,1,1/8,#CBCBG-BCB,,,,,,,,,,,480,12%,174,18/3/25,174,18/3/25
R247,HEg,15/1/25,Pn310x6,1415,212,2,1/8,#CBCBG-BCB,,,,,,,,,,,480,15%,46,4/4/25,166,20/3/25,46,4/4/25
R216,POn,3/1/25,Pn3x6,1580,,,1/8,#Z3-AAA-ACA,,,,,,,,,,,492
R217,POn,3/1/25,Pn3x6,1580,1380,4,1/8,#Z3-AAA-ACA,,,,,,,,,,,492,87%,171,11/6/25,1045,19/2/25,104,15/4/25,60,4/5/25,171,11/6/25
R218,POn,3/1/25,Pn3x6,1580,,,1/8,#Z3-AAA-ACA,,,,,,,,,,,492
R219,POn,3/1/25,Pn3x6,1580,96,1,1/8,#Z3-AAA-ACA,,,,,,,,,,,492,6%,96,24/4/25,96,24/4/25
R220,POn,3/1/25,Pn310x6,1415,19,1,1/8,#Z3-AAA-ACA,,,,,,,,,,,492,1%,19,24/4/25,19,24/4/25
R221,POn,3/1/25,Pn310x6,1415,1264,5,1/8,#Z3-AAA-ACA,,,,,,,,,,,492,89%,38,30/5/25,972,20/2/25,104,12/4/25,26,25/4/25,124,9/5/25,38,30/5/25
R222,POn,3/1/25,Pn310x6,1415,1480,5,1/8,#Z3-AAA-ACA,,,,,,,,,,,492,105%,157,22/5/25,850,21/2/25,138,8/3/25,212,27/3/25,123,17/4/25,157,22/5/25
R223,POn,3/1/25,Pn310x6,1415,1690,5,1/8,#Z3-AAA-ACA,,,,,,,,,,,492,119%,235,24/5/25,748,15/2/25,231,4/3/25,201,17/3/25,275,21/4/25,235,24/5/25
R224,HUn,3/1/25,Pn3x6,1580,1207,7,1/8,#Z3-AAA-ACA,,,,,,,,,,,492,76%,116,4/7/25,229,17/4/25,202,26/4/25,170,8/5/25,137,19/5/25,76,28/5/25,277,9/6/25,116,4/7/25
R225,HUn,3/1/25,Pn3x6,1580,,,1/8,#Z3-AAA-ACA,,,,,,,,,,,492
R226,HUn,3/1/25,Pn3x6,1580,,,1/8,#Z3-AAA-ACA,,,,,,,,,,,492
R227,HUn,3/1/25,Pn3x6,1580,,,1/8,#Z3-AAA-ACA,,,,,,,,,,,492
R228,HUn,3/1/25,Pn3x6,1580,1734,9,1/8,#Z3-AAA-ACA,,,,,,,,,,,492,110%,30,29/7/25,318,1/4/25,401,15/4/25,174,28/4/25,101,9/5/25,228,20/5/25,146,4/6/25,111,12/6/25,225,27/6/25,30,29/7/25
R229,HUn,3/1/25,Pn310x6,1415,969,5,1/8,#CHA-BEC,,,,,,,,,,,492,68%,145,17/6/25,486,29/4/25,113,16/5/25,79,25/5/25,146,5/6/25,145,17/6/25
R230,HUn,3/1/25,Pn310x6,1415,,,1/8,#CHA-BEC,,,,,,,,,,,492
R231,HUn,3/1/25,Pn310x6,1415,1491,10,1/8,#CHA-BEC,,,,,,,,,,,492,105%,72,24/7/25,495,29/3/25,189,22/4/25,142,2/5/25,137,14/5/25,44,23/5/25,143,1/6/25,102,10/6/25,64,20/6/25,103,28/6/25,72,24/7/25
R232,PEsal,3/1/25,Pn310x6,1415,,,1/8,#V3BABA,,,,,,,,,,,492
R233,PEsal,3/1/25,Pn310x6,1415,,,1/8,#V3BABA,,,,,,,,,,,492
R234,PEsal,3/1/25,Pn310x6,1415,1473,2,1/8,#V3BABA,,,,,,,,,,,492,104%,175,26/4/25,1298,11/3/25,175,26/4/25
R235,PEsal,3/1/25,Pn310x6,1415,898,1,1/8,#V3BABA,,,,,,,,,,,492,63%,898,5/3/25,898,5/3/25
R236,PEsal,3/1/25,Pn3x6,1580,935,2,1/8,#V3BABA,,,,,,,,,,,492,59%,252,18/4/25,683,4/4/25,252,18/4/25
R237,PEsal,3/1/25,Pn3x6,1580,-71,1,1/8,#V3BABA,,,,,,,,,,,492,-4%,-71,23/4/25,-71,23/4/25
R238,PEsal,3/1/25,Pn3x6,1580,1853,3,1/8,#V3BABA,,,,,,,,,,,492,117%,375,3/4/25,1217,4/3/25,261,14/3/25,375,3/4/25
R239,PEsal,3/1/25,Pn3x6,1580,1463,2,1/8,#V3BABA,,,,,,,,,,,492,93%,929,5/3/25,534,20/2/25,929,5/3/25
R88,PCme,11/11/24,Pn3x6,1580,1422,3,1/8,#L4B-BAB,,,,,,,,,,,546,90%,117,30/7/25,752,4/2/25,553,3/6/25,117,30/7/25
R89,PCme,11/11/24,Pn3x6,1580,1794,4,1/8,#L4B-BAB,,,,,,,,,,,546,114%,53,16/7/25,948,31/1/25,533,30/5/25,260,14/6/25,53,16/7/25
R91,PCme,11/11/24,Pn3x6,1580,1765,5,1/8,#L4B-BAB,,,,,,,,,,,546,112%,97,25/6/25,985,4/2/25,256,10/5/25,265,23/5/25,162,11/6/25,97,25/6/25
R92,PCme,11/11/24,Pn3x6,1580,1890,5,1/8,#L4B-BAB,,,,,,,,,,,546,120%,102,20/6/25,876,26/1/25,402,28/4/25,343,23/5/25,167,5/6/25,102,20/6/25
R93,PCme,11/11/24,Pn3x6,1580,,,1/8,#L4B-BAB,,,,,,,,,,,546
G5,,,,,158,1,,,,,,,,,,,,,,,158,18/1/25,158,18/1/25
R280,PAb,21/1/25,Pn3x6,1580,,,1/8,G2#S2-AA-E,,,,,,,,,,,474
R281,PAb,21/1/25,Pn3x6,1580,,,1/8,G2#S2-AA-E,,,,,,,,,,,474
R282,PAb,21/1/25,Pn3x6,1580,,,1/8,G2#S2-AA-E,,,,,,,,,,,474
R283,PAb,21/1/25,Pn3x6,1580,,,1/8,G2#S2-AA-E,,,,,,,,,,,474
R284,PAb,21/1/25,Pn3x6,1580,,,1/8,G2#S2-AA-E,,,,,,,,,,,474
R285,PAb,21/1/25,Pn310x6,1415,,,1/8,G2#S2-AA-E,,,,,,,,,,,474
R286,PAb,21/1/25,Pn310x6,1415,,,1/8,G2#S2-AA-E,,,,,,,,,,,474
R287,PAb,21/1/25,Pn310x6,1415,,,1/8,G2#S2-AA-E,,,,,,,,,,,474
R272,PEkorea,21/1/25,Pn310x6,1415,284,1,1/8,#X4.D-C,,,,,,,,,,,474,20%,284,22/4/25,284,22/4/25
R273,PEkorea,21/1/25,Pn310x6,1415,,,1/8,#X4.D-C,,,,,,,,,,,474
R274,PEkorea,21/1/25,Pn310x6,1415,67,1,1/8,#X4.D-C,,,,,,,,,,,474,5%,67,29/4/25,67,29/4/25
R275,PEkorea,21/1/25,Pn310x6,1415,,,1/8,#X4.D-C,,,,,,,,,,,474
R276,PEkorea,21/1/25,Pn3x6,1580,,,1/8,#X4.D-C,,,,,,,,,,,474
R277,PEkorea,21/1/25,Pn3x6,1580,,,1/8,#X4.D-C,,,,,,,,,,,474
R278,PEkorea,21/1/25,Pn3x6,1580,219,1,1/8,#X4.D-C,,,,,,,,,,,474,14%,219,23/4/25,219,23/4/25
R279,PEkorea,21/1/25,Pn3x6,1580,,,1/8,#X4.D-C,,,,,,,,,,,474
R264,BPearl,21/1/25,Pn310x6,1415,869,3,1/8,#CD-AE-A,,,,,,,,,,,474,61%,102,25/5/25,467,1/4/25,300,14/4/25,102,25/5/25
R265,BPearl,21/1/25,Pn310x6,1415,966,3,1/8,#CD-AE-A,,,,,,,,,,,474,68%,143,3/5/25,394,2/4/25,429,15/4/25,143,3/5/25
R266,BPearl,21/1/25,Pn310x6,1415,113,1,1/8,#CD-AE-A,,,,,,,,,,,474,8%,113,8/1/26,113,8/1/26
R267,BPearl,21/1/25,Pn310x6,1415,366,1,1/8,#CD-AE-A,,,,,,,,,,,474,26%,366,14/4/25,366,14/4/25
R268,BPearl,21/1/25,Pn3x6,1580,510,2,1/8,#CD-AE-A,,,,,,,,,,,474,32%,105,30/4/25,405,17/4/25,105,30/4/25
R269,BPearl,21/1/25,Pn3x6,1580,288,1,1/8,#CD-AE-A,,,,,,,,,,,474,18%,288,15/12/25,288,15/12/25
R270,BPearl,21/1/25,Pn3x6,1580,641,2,1/8,#CD-AE-A,,,,,,,,,,,474,41%,295,6/5/25,346,18/4/25,295,6/5/25
R271,BPearl,21/1/25,Pn310x6,1415,359,3,1/8,#CD-AE-A,,,,,,,,,,,474,25%,59,12/6/25,131,1/5/25,169,23/5/25,59,12/6/25
L288,PCme,27/12/24,Pn3x6,1580,1967,6,1/8,L4B-BBB,,,,,,,,,,,865,124%,73,27/6/25,604,18/2/25,374,25/3/25,175,8/4/25,546,19/5/25,195,30/5/25,73,27/6/25
L289,PCme,27/12/24,Pn3x6,1580,2127,6,1/8,L4B-BBB,,,,,,,,,,,865,135%,244,4/8/25,509,13/3/25,491,25/3/25,361,2/5/25,504,19/5/25,18,12/6/25,244,4/8/25
L290,PCme,27/12/24,Pn3x6,1580,1652,3,1/8,L4B-BBB,,,,,,,,,,,865,105%,738,7/6/25,850,19/2/25,64,26/5/25,738,7/6/25
L291,PCme,27/12/24,Pn3x6,1580,1642,4,1/8,L4B-BBB,,,,,,,,,,,865,104%,232,14/6/25,389,15/2/25,329,3/5/25,692,14/5/25,232,14/6/25
L292,PCme,27/12/24,Pn310x6,1415,1326,5,1/8,L4B-BBB,,,,,,,,,,,865,94%,143,15/6/25,434,13/3/25,295,25/3/25,229,16/5/25,225,4/6/25,143,15/6/25
L293,PCme,27/12/24,Pn310x6,1415,432,1,1/8,L4B-BBB,,,,,,,,,,,865,31%,432,20/5/25,432,20/5/25
L294,PCme,27/12/24,Pn310x6,1415,,,1/8,L4B-BBB,,,,,,,,,,,865
L295,PCme,27/12/24,Pn310x6,1415,999,2,1/8,L4B-BBB,,,,,,,,,,,865,71%,183,5/6/25,816,22/3/25,183,5/6/25
L296,BPearl,27/12/24,Pn3x6,1580,,,1/8,#ED-ADA,,,,,,,,,,,865
L297,BPearl,27/12/24,Pn3x6,1580,,,1/8,#ED-ADA,,,,,,,,,,,865
L298,BPearl,27/12/24,Pn3x6,1580,1766,3,1/8,#ED-ADA,,,,,,,,,,,865,112%,341,1/4/25,932,22/2/25,493,10/3/25,341,1/4/25
L299,BPearl,27/12/24,Pn310x6,1415,2612,7,1/8,#ED-ADA,,,,,,,,,,,865,185%,48,12/5/25,1224,21/2/25,479,5/3/25,209,20/3/25,208,28/3/25,99,9/4/25,345,18/4/25,48,12/5/25
L300,BPearl,27/12/24,Pn310x6,1415,,,1/8,#ED-ADA,,,,,,,,,,,865
L301,BPearl,27/12/24,Pn310x6,1415,,,1/8,#ED-ADA,,,,,,,,,,,865
L302,BPearl,27/12/24,Pn310x6,1415,1652,4,1/8,#ED-ADA,,,,,,,,,,,865,117%,139,18/4/25,557,25/2/25,515,11/3/25,441,1/4/25,139,18/4/25
L303,PAb,27/12/24,Pn3x6,1580,,,1/8,#S2-AA-BCA,,,,,,,,,,,865
L304,PAb,27/12/24,Pn3x6,1580,,,1/8,#S2-AA-BCA,,,,,,,,,,,865
L305,PAb,27/12/24,Pn3x6,1580,1064,2,1/8,#S2-AA-BCA,,,,,,,,,,,865,67%,279,24/5/25,785,26/4/25,279,24/5/25
L306,PAb,27/12/24,Pn3x6,1580,484,2,1/8,#S2-AA-BCA,,,,,,,,,,,865,31%,61,13/6/25,423,16/5/25,61,13/6/25
L307,PAb,27/12/24,Pn310x6,1415,507,2,1/8,#S2-AA-BCA,,,,,,,,,,,865,36%,117,10/6/25,390,16/5/25,117,10/6/25
L308,PAb,27/12/24,Pn310x6,1415,,,1/8,#S2-AA-BCA,,,,,,,,,,,865
L309,PAb,27/12/24,Pn310x6,1415,774,2,1/8,#S2-AA-BCA,,,,,,,,,,,865,55%,250,24/5/25,524,24/4/25,250,24/5/25
L310,PAb,27/12/24,Pn310x6,1415,621,2,1/8,#S2-AA-BCA,,,,,,,,,,,865,44%,72,6/6/25,549,7/5/25,72,6/6/25
L311,LEfr,7/1/25,Pcx6,1580,581,1,1/8,#C2BEC-BAB,,,,,,,,,,,488,37%,581,3/7/25,581,3/7/25
L312,LEfr,7/1/25,Pcx6,1580,601,1,1/8,#C2BEC-BAB,,,,,,,,,,,488,38%,601,29/6/25,601,29/6/25
L313,LEfr,7/1/25,Pcx6,1580,1140,2,1/8,#C2BEC-BAB,,,,,,,,,,,488,72%,1105,26/10/25,35,31/7/25,1105,26/10/25
L314,LEfr,7/1/25,Pcx6,1580,780,1,1/8,#C2BEC-BAB,,,,,,,,,,,488,49%,780,30/5/25,780,30/5/25
L315,LEfr,7/1/25,Pcx6,1580,,,1/8,#C2BEC-BAB,,,,,,,,,,,488
L316,LEfr,7/1/25,Pcx6,1580,398,1,1/8,#C2BEC-BAB,,,,,,,,,,,488,25%,398,4/7/25,398,4/7/25
L317,LEfr,7/1/25,Pcx6,1580,755,1,1/8,#C2BEC-BAB,,,,,,,,,,,488,48%,755,5/10/25,755,5/10/25
L318,LEfr,7/1/25,Pcx6,1580,622,1,1/8,#C2BEC-BAB,,,,,,,,,,,488,39%,622,30/10/25,622,30/10/25
L319,HEn,7/1/25,Pn3x6,1580,458,3,1/8,#I4-ABC,,,,,,,,,,,488,29%,65,11/4/25,258,5/3/25,135,25/3/25,65,11/4/25
L320,HEn,7/1/25,Pn3x6,1580,32,1,1/8,#I4-ABC,,,,,,,,,,,488,2%,32,25/3/25,32,25/3/25
L321,HEn,7/1/25,Pn3x6,1580,185,1,1/8,#I4-ABC,,,,,,,,,,,488,12%,185,18/3/25,185,18/3/25
L322,HEn,7/1/25,Pn3x6,1580,366,2,1/8,#I4-ABC,,,,,,,,,,,488,23%,67,24/4/25,299,18/3/25,67,24/4/25
L323,HEn,7/1/25,Pn310x6,1415,428,3,1/8,#I4-ABC,,,,,,,,,,,488,30%,42,24/4/25,286,18/3/25,100,5/4/25,42,24/4/25
L324,HEn,7/1/25,Pn310x6,1415,346,2,1/8,#I4-ABC,,,,,,,,,,,488,24%,135,22/4/25,211,21/3/25,135,22/4/25
L325,HEn,7/1/25,Pn310x6,1415,169,1,1/8,#I4-ABC,,,,,,,,,,,488,12%,169,11/3/25,169,11/3/25
L326,HEn,7/1/25,Pn310x6,1415,284,1,1/8,#I4-ABC,,,,,,,,,,,488,20%,284,18/3/25,284,18/3/25
S85,HEn,29/11/24,Pn2x6,1580,877,7,1/8,#I4-AAB,,,,,,,,,,,528,56%,65,11/6/25,76,24/1/25,184,16/2/25,166,11/3/25,190,1/4/25,116,24/4/25,80,16/5/25,65,11/6/25
S89,HEn,29/11/24,Pn2x6,1580,243,1,1/8,#I4-AAB,,,,,,,,,,,528,15%,243,29/1/25,243,29/1/25
S139,PEcorea,10/12/24,Pn2x6,1580,1116,4,1/8,#X4CC,,,,,,,,,,,882,71%,53,28/4/25,616,29/1/25,337,27/2/25,110,15/4/25,53,28/4/25
L327,HEn,9/1/25,Pn3x6,1580,,,1/8,#I4-ABD,,,,,,,,,,,486
L328,HEn,9/1/25,Pn3x6,1580,,,1/8,#I4-ABD,,,,,,,,,,,486
L329,HEn,9/1/25,Pn3x6,1580,,,1/8,#I4-ABD,,,,,,,,,,,486
L330,HEn,9/1/25,Pn3x6,1580,,,1/8,#I4-ABD,,,,,,,,,,,486
L331,HEn,9/1/25,Pn310x6,1415,455,3,1/8,#I4-ABD,,,,,,,,,,,486,32%,76,16/5/25,236,18/4/25,143,1/5/25,76,16/5/25
L332,HEn,9/1/25,Pn310x6,1415,233,1,1/8,#I4-ABD,,,,,,,,,,,486,16%,233,27/3/25,233,27/3/25
L333,HEn,9/1/25,Pn310x6,1415,80,1,1/8,#I4-ABD,,,,,,,,,,,486,6%,80,22/6/25,80,22/6/25
L334,HEn,9/1/25,Pn310x6,1415,94,1,1/8,#I4-ABD,,,,,,,,,,,486,7%,94,25/4/25,94,25/4/25
L335,LEfr,9/1/25,Pcx6,1580,1092,1,1/8,#CZBEC-BAA,,,,,,,,,,,486,69%,1092,31/5/25,1092,31/5/25
L336,LEfr,9/1/25,Pcx6,1580,920,1,1/8,#CZBEC-BAA,,,,,,,,,,,486,58%,920,30/9/25,920,30/9/25
L337,LEfr,9/1/25,Pcx6,1580,,,1/8,#CZBEC-BAA,,,,,,,,,,,486
L338,LEfr,9/1/25,Pcx6,1580,887,1,1/8,#CZBEC-BAA,,,,,,,,,,,486,56%,887,25/5/25,887,25/5/25
L339,LEfr,9/1/25,Pcx6,1580,340,1,1/8,#CZBEC-BAA,,,,,,,,,,,486,22%,340,29/6/25,340,29/6/25
L340,LEfr,9/1/25,Pcx6,1580,188,1,1/8,#CZBEC-BAA,,,,,,,,,,,486,12%,188,28/6/25,188,28/6/25
L341,LEfr,9/1/25,Pcx6,1580,1143,2,1/8,#CZBEC-BAA,,,,,,,,,,,486,72%,170,8/2/26,973,10/5/25,170,8/2/26
L342,LEfr,9/1/25,Pcx6,1580,361,1,1/8,#CZBEC-BAA,,,,,,,,,,,486,23%,361,4/7/25,361,4/7/25
L343,PSn,9/1/25,Pn3x6,1580,,,1/8,#I4BCB-CAA,,,,,,,,,,,486
L344,PSn,9/1/25,Pn3x6,1580,,,1/8,#I4BCB-CAA,,,,,,,,,,,486
L345,PSn,9/1/25,Pn3x6,1580,,,1/8,#I4BCB-CAA,,,,,,,,,,,486
L346,PSn,9/1/25,Pn3x6,1580,1539,5,1/8,#I4BCB-CAA,,,,,,,,,,,486,97%,38,27/6/25,645,1/4/25,212,18/4/25,228,7/5/25,416,26/5/25,38,27/6/25
L347,PSn,9/1/25,Pn3x6,1580,,,1/8,#I4BCB-CAA,,,,,,,,,,,486
L348,PSn,9/1/25,Pn3x6,1580,,,1/8,#I4BCB-CAA,,,,,,,,,,,486
L349,PSn,9/1/25,Pn3x6,1580,1522,7,1/8,#I4BCB-CAA,,,,,,,,,,,486,96%,26,5/7/25,416,4/3/25,336,20/3/25,75,4/5/25,222,20/5/25,398,5/6/25,49,24/6/25,26,5/7/25
L350,PSn,9/1/25,Pn3x6,1580,,,1/8,#I4BCB-CAA,,,,,,,,,,,486
L359,LEfr,24/1/25,Pcx6,1580,,,1/8,#CZBEC-BAC,,,,,,,,,,,471
L360,LEfr,24/1/25,Pcx6,1580,424,1,1/8,#CZBEC-BAC,,,,,,,,,,,471,27%,424,3/10/25,424,3/10/25
L361,LEfr,24/1/25,Pcx6,1580,,,1/8,#CZBEC-BAC,,,,,,,,,,,471
L362,LEfr,24/1/25,Pcx6,1580,331,1,1/8,#CZBEC-BAC,,,,,,,,,,,471,21%,331,4/7/25,331,4/7/25
L363,LEfr,24/1/25,Pcx6,1580,464,2,1/8,#CZBEC-BAC,,,,,,,,,,,471,29%,196,1/12/25,268,30/11/25,196,1/12/25
L364,LEfr,24/1/25,Pcx6,1580,194,1,1/8,#CZBEC-BAC,,,,,,,,,,,471,12%,194,1/12/25,194,1/12/25
L365,LEfr,24/1/25,Pcx6,1580,,,1/8,#CZBEC-BAC,,,,,,,,,,,471
L366,LEfr,24/1/25,Pcx6,1580,406,1,1/8,#CZBEC-BAC,,,,,,,,,,,471,26%,406,7/2/26,406,7/2/26
L367,BPearl,24/1/25,Pn310x6,1415,717,3,1/8,#ED-AEB,,,,,,,,,,,471,51%,112,9/5/25,330,3/4/25,275,18/4/25,112,9/5/25
L368,BPearl,24/1/25,Pn310x6,1415,1090,3,1/8,#ED-AEB,,,,,,,,,,,471,77%,176,7/5/25,697,25/3/25,217,19/4/25,176,7/5/25
L369,BPearl,24/1/25,Pn310x6,1415,,,1/8,#ED-AEB,,,,,,,,,,,471
L370,BPearl,24/1/25,Pn310x6,1415,539,2,1/8,#ED-AEB,,,,,,,,,,,471,38%,308,17/4/25,231,6/4/25,308,17/4/25
L371,BPearl,24/1/25,Pn3x6,1580,,,1/8,#ED-AEB,,,,,,,,,,,471
L372,BPearl,24/1/25,Pn3x6,1580,,,1/8,#ED-AEB,,,,,,,,,,,471
L373,BPearl,24/1/25,Pn3x6,1580,673,3,1/8,#ED-AEB,,,,,,,,,,,471,43%,122,24/4/25,370,29/3/25,181,12/4/25,122,24/4/25
L374,BPearl,24/1/25,Pn3x6,1580,,,1/8,#ED-AEB,,,,,,,,,,,471
S83,POn,26/11/24,Pn2x6,1580,,,1/9,#Z3AAA-AAB,,,,,,,,,,,531
S84,POn,26/11/24,Pn2x6,1580,,,1/9,#Z3AAA-AAB,,,,,,,,,,,531
S86,HEn,29/11/24,Pn2x6,1580,641,4,1/8,#I4-AAB,,,,,,,,,,,528,41%,30,14/6/25,446,16/2/25,129,10/4/25,36,12/5/25,30,14/6/25
S87,HEn,29/11/24,Pn2x6,1580,1323,7,1/8,#I4-AAB,,,,,,,,,,,528,84%,47,1/7/25,118,10/2/25,523,4/3/25,233,20/3/25,246,23/4/25,69,14/5/25,87,10/6/25,47,1/7/25
S88,HEn,29/11/24,Pn2x6,1580,1317,5,1/8,#I4-AAB,,,,,,,,,,,528,83%,73,12/6/25,402,13/2/25,442,13/3/25,232,14/4/25,168,8/5/25,73,12/6/25
S90,HEn,29/11/24,Pn2x6,1580,1202,6,1/8,#I4-AAB,,,,,,,,,,,528,76%,104,9/5/25,321,5/2/25,431,4/3/25,197,21/3/25,85,9/4/25,64,29/4/25,104,9/5/25
S92,HEn,29/11/24,Pn2x6,1580,1657,6,1/8,#I4-AAB,,,,,,,,,,,528,105%,223,24/5/25,188,5/2/25,730,5/3/25,249,25/3/25,132,9/4/25,135,24/4/25,223,24/5/25
S93,HUn,29/11/24,Pn2x6,1580,,,1/8,#CHA-BEB,,,,,,,,,,,528
S94,HUn,29/11/24,Pn2x6,1580,,,1/8,#CHA-BEB,,,,,,,,,,,528
S96,HUn,29/11/24,Pn2x6,1580,,,1/8,#CHA-BEB,,,,,,,,,,,528
S97,HUn,29/11/24,Pn2x6,1580,,,1/8,#CHA-BEB,,,,,,,,,,,528
S98,HUn,29/11/24,Pn2x6,1580,,,1/8,#CHA-BEB,,,,,,,,,,,528
S101,LEfr,4/12/24,Pcx6,1580,604,1,1/9,#C2BE-BBB,,,,,,,,,,,888,38%,604,20/6/25,604,20/6/25
S102,LEfr,4/12/24,Pcx6,1580,596,1,1/9,#C2BE-BBB,,,,,,,,,,,888,38%,596,20/6/25,596,20/6/25
S103,LEfr,4/12/24,Pcx6,1580,314,1,1/9,#C2BE-BBB,,,,,,,,,,,888,20%,314,29/6/25,314,29/6/25
S104,LEfr,4/12/24,Pcx6,1580,460,1,1/9,#C2BE-BBB,,,,,,,,,,,888,29%,460,21/6/25,460,21/6/25
S105,LEfr,4/12/24,Pcx6,1580,1063,1,1/9,#C2BE-BBB,,,,,,,,,,,888,67%,1063,7/5/25,1063,7/5/25
S106,LEfr,4/12/24,Pcx6,1580,993,1,1/9,#C2BE-BBB,,,,,,,,,,,888,63%,993,21/4/25,993,21/4/25
S107,LEfr,4/12/24,Pcx6,1580,1000,1,1/9,#C2BE-BBB,,,,,,,,,,,888,63%,1000,10/5/25,1000,10/5/25
S108,LEfr,4/12/24,Pcx6,1580,758,1,1/9,#C2BE-BBB,,,,,,,,,,,888,48%,758,21/6/25,758,21/6/25
S109,LEfr,4/12/24,Pcx6,1580,987,1,1/9,#C2BE-BBB,,,,,,,,,,,888,62%,987,19/6/25,987,19/6/25
S110,LEfr,6/12/24,Pcx6,1580,942,1,1/8,#C2BE-BBC,,,,,,,,,,,886,60%,942,25/5/25,942,25/5/25
S111,LEfr,6/12/24,Pcx6,1580,234,1,1/8,#C2BE-BBC,,,,,,,,,,,886,15%,234,21/6/25,234,21/6/25
S112,LEfr,6/12/24,Pcx6,1580,873,1,1/8,#C2BE-BBC,,,,,,,,,,,886,55%,873,25/5/25,873,25/5/25
S113,LEfr,6/12/24,Pcx6,1580,456,1,1/8,#C2BE-BBC,,,,,,,,,,,886,29%,456,30/4/25,456,30/4/25
S114,LEfr,6/12/24,Pcx6,1580,912,3,1/8,#C2BE-BBC,,,,,,,,,,,886,58%,66,25/7/25,409,16/5/25,437,21/6/25,66,25/7/25
S115,LEfr,6/12/24,Pcx6,1580,655,1,1/8,#C2BE-BBC,,,,,,,,,,,886,41%,655,19/6/25,655,19/6/25
S116,LEfr,6/12/24,Pcx6,1580,1220,1,1/8,#C2BE-BBC,,,,,,,,,,,886,77%,1220,7/4/25,1220,7/4/25
S117,LEfr,6/12/24,Pcx6,1580,1080,1,1/8,#C2BE-BBC,,,,,,,,,,,886,68%,1080,1/4/25,1080,1/4/25
S118,TVt,6/12/24,Pcx6,1580,204,2,1/8,#S3-CBA,,,,,,,,,,,886,13%,122,6/8/25,82,25/6/25,122,6/8/25
S119,TVt,6/12/24,Pcx6,1580,,,1/8,#S3-CBA,,,,,,,,,,,886
S120,TVt,6/12/24,Pcx6,1580,200,1,1/8,#S3-CBA,,,,,,,,,,,886,13%,200,21/6/25,200,21/6/25
S121,TVt,6/12/24,Pcx6,1580,,,1/8,#S3-CBA,,,,,,,,,,,886
S122,TVt,6/12/24,Pcx6,1580,87,1,1/8,#S3-CBA,,,,,,,,,,,886,6%,87,21/6/25,87,21/6/25
S123,TVt,6/12/24,Pcx6,1580,143,2,1/8,#S3-CBA,,,,,,,,,,,886,9%,89,4/8/25,54,30/5/25,89,4/8/25
S124,TVt,6/12/24,Pcx6,1580,248,2,1/8,#S3-CBA,,,,,,,,,,,886,16%,39,22/7/25,209,15/6/25,39,22/7/25
S125,TVt,6/12/24,Pcx6,1580,107,2,1/8,#S3-CBA,,,,,,,,,,,886,7%,24,28/7/25,83,6/6/25,24,28/7/25
S126,PAb,10/12/24,Pn3x6,1580,1327,3,1/8,#S2AA-BBC,,,,,,,,,,,882,84%,251,24/5/25,910,21/4/25,166,5/5/25,251,24/5/25
S127,PAb,10/12/24,Pn3x6,1580,,,1/8,#S2AA-BBC,,,,,,,,,,,882
S128,PAb,10/12/24,Pn3x6,1580,,,1/8,#S2AA-BBC,,,,,,,,,,,882
S129,PAb,10/12/24,Pn3x6,1580,1412,4,1/8,#S2AA-BBC,,,,,,,,,,,882,89%,160,28/4/25,184,13/3/25,214,3/4/25,854,16/4/25,160,28/4/25
S130,PAb,10/12/24,Pn3x6,1580,,,1/8,#S2AA-BBC,,,,,,,,,,,882
S134,PEcorea,10/12/24,Pn3x6,1580,1570,3,1/8,#X4CC,,,,,,,,,,,882,99%,289,23/4/25,690,4/3/25,591,5/4/25,289,23/4/25
S135,PEcorea,10/12/24,Pn3x6,1580,,,1/8,#X4CC,,,,,,,,,,,882
S136,PEcorea,10/12/24,Pn3x6,1580,521,3,1/8,#X4CC,,,,,,,,,,,882,33%,18,12/5/25,65,18/3/25,438,4/4/25,18,12/5/25
S137,PEcorea,10/12/24,Pn3x6,1580,,,1/8,#X4CC,,,,,,,,,,,882
S138,PEcorea,10/12/24,Pn3x6,1580,,,1/8,#X4CC,,,,,,,,,,,882
S140,PEcorea,10/12/24,Pn310x6,1415,823,1,1/8,#X4CC,,,,,,,,,,,882,58%,823,5/3/25,823,5/3/25
S141,PEcorea,10/12/24,Pn310x6,1415,808,1,1/8,#X4CC,,,,,,,,,,,882,57%,808,5/3/25,808,5/3/25
S142,HEn,10/12/24,Pn3x6,1580,613,3,1/8,#I4AAC,,,,,,,,,,,882,39%,77,2/4/25,441,16/2/25,95,11/3/25,77,2/4/25
S143,HEn,10/12/24,Pn3x6,1580,514,2,1/8,#I4AAC,,,,,,,,,,,882,33%,55,8/3/25,459,16/2/25,55,8/3/25
S144,HEn,10/12/24,Pn3x6,1580,421,3,1/8,#I4AAC,,,,,,,,,,,882,27%,69,12/4/25,285,14/2/25,67,13/3/25,69,12/4/25
S145,HEn,10/12/24,Pn3x6,1580,,,1/8,#I4AAC,,,,,,,,,,,882
S146,HEn,10/12/24,Pn3x6,1580,,,1/8,#I4AAC,,,,,,,,,,,882
S147,HEn,10/12/24,Pn3x6,1580,457,2,1/8,#I4AAC,,,,,,,,,,,882,29%,106,25/3/25,351,21/2/25,106,25/3/25
S148,HEn,10/12/24,Pn3x6,1580,,,1/8,#I4AAC,,,,,,,,,,,882
S149,HEn,10/12/24,Pn310x6,1415,362,2,1/8,#I4AAC,,,,,,,,,,,882,26%,90,21/3/25,272,2/3/25,90,21/3/25
S151,PEcorea,23/12/24,Pn3x6,1580,,,1/9,#X4DB,,,,,,,,,,,869
S152,PEcorea,23/12/24,Pn3x6,1580,,,1/9,#X4DB,,,,,,,,,,,869
S153,PEcorea,23/12/24,Pn3x6,1580,344,1,1/9,#X4DB,,,,,,,,,,,869,22%,344,14/4/25,344,14/4/25
S154,PEcorea,23/12/24,Pn3x6,1580,688,3,1/9,#X4DB,,,,,,,,,,,869,44%,205,25/4/25,279,26/3/25,204,4/4/25,205,25/4/25
S155,PEcorea,23/12/24,Pn3x6,1580,,,1/9,#X4DB,,,,,,,,,,,869
S156,PEcorea,23/12/24,Pn3x6,1580,1015,3,1/9,#X4DB,,,,,,,,,,,869,64%,157,17/4/25,802,11/3/25,56,4/4/25,157,17/4/25
S157,PEcorea,23/12/24,Pn3x6,1580,525,2,1/9,#X4DB,,,,,,,,,,,869,33%,184,17/4/25,341,5/3/25,184,17/4/25
S158,PEcorea,23/12/24,Pn3x6,1580,,,1/9,#X4DB,,,,,,,,,,,869
S159,PEcorea,23/12/24,Pn3x6,1580,,,1/9,#X4DB,,,,,,,,,,,869
S160,PEcorea,26/12/24,Pn3x6,1580,585,3,1/9,#V3BABB,,,,,,,,,,,866,37%,39,12/5/25,272,13/3/25,274,23/4/25,39,12/5/25
S161,PEcorea,26/12/24,Pn3x6,1580,,,1/9,#V3BABB,,,,,,,,,,,866
S162,PEcorea,26/12/24,Pn3x6,1580,,,1/9,#V3BABB,,,,,,,,,,,866
S163,PEcorea,26/12/24,Pn3x6,1580,1263,2,1/9,#V3BABB,,,,,,,,,,,866,80%,582,17/3/25,681,4/3/25,582,17/3/25
S164,PEcorea,26/12/24,Pn3x6,1580,1091,3,1/9,#V3BABB,,,,,,,,,,,866,69%,92,28/4/25,725,20/3/25,274,13/4/25,92,28/4/25
S165,PEcorea,26/12/24,Pn3x6,1580,,,1/9,#V3BABB,,,,,,,,,,,866
S166,PEcorea,26/12/24,Pn3x6,1580,1310,3,1/9,#V3BABB,,,,,,,,,,,866,83%,214,9/5/25,907,4/3/25,189,17/4/25,214,9/5/25
S167,PEcorea,26/12/24,Pn3x6,1580,1230,3,1/9,#V3BABB,,,,,,,,,,,866,78%,199,16/4/25,246,5/3/25,785,1/4/25,199,16/4/25
S168,PEcorea,26/12/24,Pn3x6,1580,1616,1,1/9,#V3BABB,,,,,,,,,,,866,102%,1616,18/2/25,1616,18/2/25
S169,Bpearl,26/12/24,Pn3x6,1580,1669,4,1/8,#ED-AEC,,,,,,,,,,,866,106%,109,23/4/25,867,21/2/25,485,7/3/25,208,2/4/25,109,23/4/25
S170,Bpearl,26/12/24,Pn3x6,1580,1092,4,1/8,#ED-AEC,,,,,,,,,,,866,69%,183,30/5/25,656,4/3/25,102,21/4/25,151,12/5/25,183,30/5/25
S171,Bpearl,26/12/24,Pn3x6,1580,,,1/8,#ED-AEC,,,,,,,,,,,866
S172,Bpearl,26/12/24,Pn3x6,1580,,,1/8,#ED-AEC,,,,,,,,,,,866
S173,Bpearl,26/12/24,Pn3x6,1580,1196,4,1/8,#ED-AEC,,,,,,,,,,,866,76%,135,19/4/25,391,25/2/25,302,10/3/25,368,1/4/25,135,19/4/25
S174,Bpearl,26/12/24,Pn3x6,1580,,,1/8,#ED-AEC,,,,,,,,,,,866
S175,Bpearl,26/12/24,Pn3x6,1580,,,1/8,#ED-AEC,,,,,,,,,,,866
S176,Bpearl,26/12/24,Pn3x6,1580,,,1/8,#ED-AEC,,,,,,,,,,,866
S177,HEn,21/1/25,Pn3x6,1580,103,1,1/9,#ED-AEC,,,,,,,,,,,474,7%,103,8/4/25,103,8/4/25
S178,HEn,21/1/25,Pn3x6,1580,,,1/9,#ED-AEC,,,,,,,,,,,474
S179,HEn,21/1/25,Pn3x6,1580,,,1/9,#ED-AEC,,,,,,,,,,,474
S180,HEn,21/1/25,Pn3x6,1580,250,3,1/9,#ED-AEC,,,,,,,,,,,474,16%,29,8/5/25,85,15/3/25,136,29/3/25,29,8/5/25
S181,HEn,21/1/25,Pn3x6,1580,516,2,1/9,#ED-AEC,,,,,,,,,,,474,33%,68,18/4/25,448,28/3/25,68,18/4/25
S182,HEn,21/1/25,Pn3x6,1580,81,1,1/9,#ED-AEC,,,,,,,,,,,474,5%,81,9/4/25,81,9/4/25
S183,HEn,21/1/25,Pn3x6,1580,155,2,1/9,#ED-AEC,,,,,,,,,,,474,10%,41,22/4/25,114,1/4/25,41,22/4/25
S184,HEn,21/1/25,Pn3x6,1580,130,2,1/9,#ED-AEC,,,,,,,,,,,474,8%,25,18/4/25,105,4/4/25,25,18/4/25
S185,HEn,21/1/25,Pn3x6,1580,529,4,1/9,#ED-AEC,,,,,,,,,,,474,33%,47,16/5/25,55,15/3/25,365,1/4/25,62,29/4/25,47,16/5/25
S186,PEcorea,21/1/25,Pn3x6,1580,794,1,1/9,#F3AGC,,,,,,,,,,,474,50%,794,15/4/25,794,15/4/25
S187,PEcorea,21/1/25,Pn3x6,1580,,,1/9,#F3AGC,,,,,,,,,,,474
S188,PEcorea,21/1/25,Pn3x6,1580,,,1/9,#F3AGC,,,,,,,,,,,474
S189,PEcorea,21/1/25,Pn3x6,1580,601,1,1/9,#F3AGC,,,,,,,,,,,474,38%,601,2/4/25,601,2/4/25
S190,PEcorea,21/1/25,Pn3x6,1580,,,1/9,#F3AGC,,,,,,,,,,,474
S191,PEcorea,21/1/25,Pn3x6,1580,1121,3,1/9,#F3AGC,,,,,,,,,,,474,71%,201,17/4/25,700,14/3/25,220,2/4/25,201,17/4/25
S192,PEcorea,21/1/25,Pn3x6,1580,937,2,1/9,#F3AGC,,,,,,,,,,,474,59%,254,17/4/25,683,2/4/25,254,17/4/25
S193,PEcorea,21/1/25,Pn3x6,1580,1144,2,1/9,#F3AGC,,,,,,,,,,,474,72%,325,18/4/25,819,1/4/25,325,18/4/25
S194,PEcorea,21/1/25,Pn3x6,1580,,,1/9,#F3AGC,,,,,,,,,,,474
S195,PCme,21/1/25,Pn3x6,1580,,,1/9,#L4B-BBC,,,,,,,,,,,474
S196,PCme,21/1/25,Pn3x6,1580,1460,4,1/9,#L4B-BBC,,,,,,,,,,,474,92%,170,15/6/25,682,11/3/25,215,3/5/25,393,19/5/25,170,15/6/25
S197,PCme,21/1/25,Pn3x6,1580,,,1/9,#L4B-BBC,,,,,,,,,,,474
S198,PCme,21/1/25,Pn3x6,1580,,,1/9,#L4B-BBC,,,,,,,,,,,474
S199,PCme,21/1/25,Pn3x6,1580,1561,4,1/9,#L4B-BBC,,,,,,,,,,,474,99%,159,22/6/25,1107,1/4/25,203,30/4/25,92,9/6/25,159,22/6/25
S200,PCme,21/1/25,Pn3x6,1580,,,1/9,#L4B-BBC,,,,,,,,,,,474
S201,PCme,21/1/25,Pn3x6,1580,,,1/9,#L4B-BBC,,,,,,,,,,,474
S202,PCme,21/1/25,Pn3x6,1580,1287,4,1/9,#L4B-BBC,,,,,,,,,,,474,81%,267,18/6/25,506,18/3/25,404,15/5/25,110,30/5/25,267,18/6/25
S203,PCme,21/1/25,Pn3x6,1580,,,1/9,#L4B-BBC,,,,,,,,,,,474
S204,PEtun,31/1/25,Pn3x6,1580,27,1,1/9,#I2BB-BAB,,,,,,,,,,,464,2%,27,18/4/25,27,18/4/25
S205,PEtun,31/1/25,Pn3x6,1580,,,1/9,#I2BB-BAB,,,,,,,,,,,464
S206,PEtun,31/1/25,Pn3x6,1580,,,1/9,#I2BB-BAB,,,,,,,,,,,464
S207,PEtun,31/1/25,Pn3x6,1580,945,2,1/9,#I2BB-BAB,,,,,,,,,,,464,60%,477,24/4/25,468,3/4/25,477,24/4/25
S208,PEtun,31/1/25,Pn3x6,1580,190,1,1/9,#I2BB-BAB,,,,,,,,,,,464,12%,190,22/3/25,190,22/3/25
S209,PEtun,31/1/25,Pn3x6,1580,,,1/9,#I2BB-BAB,,,,,,,,,,,464
S210,PEtun,31/1/25,Pn3x6,1580,,,1/9,#I2BB-BAB,,,,,,,,,,,464
S211,PEtun,31/1/25,Pn310x6,1415,462,2,1/9,#I2BB-BAB,,,,,,,,,,,464,33%,214,23/5/25,248,5/4/25,214,23/5/25
S212,PEtun,31/1/25,Pn310x6,1415,236,1,1/9,#I2BB-BAB,,,,,,,,,,,464,17%,236,5/4/25,236,5/4/25
S222,PTc,31/1/25,Pn3x6,1580,295,1,1/9,#?I-AA,,,,,,,,,,,464,19%,295,4/4/25,295,4/4/25
S223,PTc,31/1/25,Pn3x6,1580,354,1,1/9,#?I-AA,,,,,,,,,,,464,22%,354,1/4/25,354,1/4/25
S224,PTc,31/1/25,Pn3x6,1580,233,2,1/9,#?I-AA,,,,,,,,,,,464,15%,61,28/5/25,172,5/4/25,61,28/5/25
S225,PTc,31/1/25,Pn3x6,1580,,,1/9,#?I-AA,,,,,,,,,,,464
S226,PTc,31/1/25,Pn310x6,1415,,,1/9,#?I-AA,,,,,,,,,,,464
S227,PTc,31/1/25,Pn310x6,1415,,,1/9,#?I-AA,,,,,,,,,,,464
S228,PTc,31/1/25,Pn310x6,1415,253,2,1/9,#?I-AA,,,,,,,,,,,464,18%,155,24/4/25,98,26/3/25,155,24/4/25
S229,PTc,31/1/25,Pn310x6,1415,356,1,1/9,#?I-AA,,,,,,,,,,,464,25%,356,15/3/25,356,15/3/25
S230,PTc,31/1/25,Pn310x6,1415,448,2,1/9,#?I-AA,,,,,,,,,,,464,32%,111,8/4/25,337,15/3/25,111,8/4/25
S213,POn,31/1/25,Pn3x6,1580,1223,6,1/9,#Z3AAA-AC-ABC,,,,,,,,,,,464,77%,89,27/7/25,411,4/5/25,253,14/5/25,128,25/5/25,238,5/6/25,104,21/6/25,89,27/7/25
S214,POn,31/1/25,Pn3x6,1580,727,4,1/9,#Z3AAA-AC-ABC,,,,,,,,,,,464,46%,126,28/6/25,239,16/5/25,149,3/6/25,213,11/6/25,126,28/6/25
S215,POn,31/1/25,Pn3x6,1580,1512,6,1/9,#Z3AAA-AC-ABC,,,,,,,,,,,464,96%,118,21/7/25,549,14/5/25,155,25/5/25,319,3/6/25,103,13/6/25,268,24/6/25,118,21/7/25
S216,POn,31/1/25,Pn3x6,1580,2219,9,1/9,#Z3AAA-AC-ABC,,,,,,,,,,,464,140%,31,7/8/25,430,25/4/25,268,7/5/25,570,15/5/25,217,25/5/25,325,3/6/25,165,13/6/25,111,24/6/25,102,4/7/25,31,7/8/25
S217,POn,31/1/25,Pn3x6,1580,1862,7,1/9,#Z3AAA-AC-ABC,,,,,,,,,,,464,118%,50,4/8/25,713,25/4/25,154,7/5/25,510,15/5/25,174,3/6/25,136,13/6/25,125,30/6/25,50,4/8/25
S218,POn,31/1/25,Pn3x6,1580,1608,8,1/9,#Z3AAA-AC-ABC,,,,,,,,,,,464,102%,43,29/6/25,537,2/4/25,400,18/4/25,75,28/4/25,257,9/5/25,149,20/5/25,98,4/6/25,49,14/6/25,43,29/6/25
S219,POn,31/1/25,Pn310x6,1415,,,1/9,#Z3AAA-AC-ABC,,,,,,,,,,,464
S220,POn,31/1/25,Pn310x6,1415,,,1/9,#Z3AAA-AC-ABC,,,,,,,,,,,464
S221,POn,31/1/25,Pn310x6,1415,,,1/9,#Z3AAA-AC-ABC,,,,,,,,,,,464
L383,HU22,31/1/25,Pn3x6,1580,1201,4,1/8,#B2DD-CB,,,,,,,,,,,464,76%,228,19/5/25,491,3/4/25,416,18/4/25,66,9/5/25,228,19/5/25
L384,HU22,31/1/25,Pn3x6,1580,2523,5,1/8,#B2DD-CB,,,,,,,,,,,464,160%,53,20/6/25,748,15/4/25,241,24/4/25,275,4/5/25,1206,19/5/25,53,20/6/25
L385,HU22,31/1/25,Pn3x6,1580,,,1/8,#B2DD-CB,,,,,,,,,,,464
L386,HU22,31/1/25,Pn3x6,1580,1301,6,1/8,#B2DD-CB,,,,,,,,,,,464,82%,39,3/7/25,402,24/4/25,135,5/5/25,243,14/5/25,293,22/5/25,189,9/6/25,39,3/7/25
L387,HU22,31/1/25,Pn310x6,1415,,,1/8,#B2DD-CB,,,,,,,,,,,464
L388,HU22,31/1/25,Pn310x6,1415,1609,6,1/8,#B2DD-CB,,,,,,,,,,,464,114%,236,15/5/25,701,21/3/25,110,1/4/25,378,14/4/25,79,26/4/25,105,7/5/25,236,15/5/25
L389,HU22,31/1/25,Pn310x6,1415,43,1,1/8,#B2DD-CB,,,,,,,,,,,464,3%,43,24/6/25,43,24/6/25
L390,HU22,31/1/25,Pn310x6,1415,,,1/8,#B2DD-CB,,,,,,,,,,,464
L391,AA22,31/1/25,Pn3x6,1580,684,3,1/8,#NIBC-BCB,,,,,,,,,,,464,43%,151,12/6/25,240,15/5/25,293,26/5/25,151,12/6/25
L392,AA22,31/1/25,Pn3x6,1580,317,3,1/8,#NIBC-BCB,,,,,,,,,,,464,20%,38,5/6/25,143,10/5/25,136,24/5/25,38,5/6/25
L393,AA22,31/1/25,Pn3x6,1580,,,1/8,#NIBC-BCB,,,,,,,,,,,464
L394,AA22,31/1/25,Pn3x6,1580,,,1/8,#NIBC-BCB,,,,,,,,,,,464
L395,AA22,31/1/25,Pn310x6,1415,,,1/8,#NIBC-BCB,,,,,,,,,,,464
L396,AA22,31/1/25,Pn310x6,1415,,,1/8,#NIBC-BCB,,,,,,,,,,,464
L397,AA22,31/1/25,Pn310x6,1415,133,3,1/8,#NIBC-BCB,,,,,,,,,,,464,9%,53,11/6/25,21,14/5/25,59,25/5/25,53,11/6/25
L398,AA22,31/1/25,Pn310x6,1415,758,3,1/8,#NIBC-BCB,,,,,,,,,,,464,54%,107,4/8/25,379,19/5/25,272,2/6/25,107,4/8/25
L399,HEn,31/1/25,Pn3x6,1580,,,1/8,#I4-ABB,,,,,,,,,,,464
L400,HEn,31/1/25,Pn3x6,1580,,,1/8,#I4-ABB,,,,,,,,,,,464
L401,HEn,31/1/25,Pn3x6,1580,68,1,1/8,#I4-ABB,,,,,,,,,,,464,4%,68,30/6/25,68,30/6/25
L402,HEn,31/1/25,Pn3x6,1580,446,3,1/8,#I4-ABB,,,,,,,,,,,464,28%,57,4/7/25,274,14/6/25,115,26/6/25,57,4/7/25
L403,HEn,31/1/25,Pn310x6,1415,697,3,1/8,#I4-ABB,,,,,,,,,,,464,49%,122,25/6/25,220,20/5/25,355,6/6/25,122,25/6/25
L404,HEn,31/1/25,Pn310x6,1415,87,1,1/8,#I4-ABB,,,,,,,,,,,464,6%,87,11/6/25,87,11/6/25
L405,HEn,31/1/25,Pn310x6,1415,267,2,1/8,#I4-ABB,,,,,,,,,,,464,19%,71,9/6/25,196,20/5/25,71,9/6/25
L406,HEn,31/1/25,Pn310x6,1415,742,4,1/8,#I4-ABB,,,,,,,,,,,464,52%,75,9/5/25,484,21/3/25,111,9/4/25,72,30/4/25,75,9/5/25
R35,LEfr,4/9/25,0,,808,2,1/8,#C2BE-RB,,,,,,,,,,,250,,46,25/2/25,762,4/2/25,46,25/2/25
SS55,,,,,436,1,,,,,,,,,,,,,,,436,18/2/25,436,18/2/25
R40,LEfr,4/9/25,0,,1022,1,1/8,#C2BE-RB,,,,,,,,,,,250,,1022,18/2/25,1022,18/2/25
R344,POm,18/2/25,Pn3x6,1580,,,1/8,#G2-AAF-CCA,,,,,,,,,,,449
R345,POm,18/2/25,Pn3x6,1580,,,1/8,#G2-AAF-CCA,,,,,,,,,,,449
R346,POm,18/2/25,Pn3x6,1580,,,1/8,#G2-AAF-CCA,,,,,,,,,,,449
R347,POm,18/2/25,Pn3x6,1580,,,1/8,#G2-AAF-CCA,,,,,,,,,,,449
R348,POm,18/2/25,Pn310x6,1415,752,3,1/8,#G2-AAF-CCA,,,,,,,,,,,449,53%,282,13/6/25,291,15/5/25,179,26/5/25,282,13/6/25
R349,POm,18/2/25,Pn310x6,1415,,,1/8,#G2-AAF-CCA,,,,,,,,,,,449
R350,POm,18/2/25,Pn310x6,1415,171,1,1/8,#G2-AAF-CCA,,,,,,,,,,,449,12%,171,24/4/25,171,24/4/25
R351,POm,18/2/25,Pn310x6,1415,,,1/8,#G2-AAF-CCA,,,,,,,,,,,449
R336,HU22,18/2/25,Pn3x6,1580,,,1/8,#B2DD-CA-D,,,,,,,,,,,449
R337,HU22,18/2/25,Pn3x6,1580,739,4,1/8,#B2DD-CA-D,,,,,,,,,,,449,47%,267,25/6/25,237,29/5/25,107,7/6/25,128,15/6/25,267,25/6/25
R338,HU22,18/2/25,Pn3x6,1580,1015,4,1/8,#B2DD-CA-D,,,,,,,,,,,449,64%,41,28/7/25,410,5/6/25,383,22/6/25,181,30/6/25,41,28/7/25
R339,HU22,18/2/25,Pn3x6,1580,1369,4,1/8,#B2DD-CA-D,,,,,,,,,,,449,87%,93,3/7/25,586,4/5/25,608,25/5/25,82,11/6/25,93,3/7/25
R340,HU22,18/2/25,Pn310x6,1415,2000,5,1/8,#B2DD-CA-D,,,,,,,,,,,449,141%,105,3/7/25,620,23/4/25,447,11/5/25,471,28/5/25,357,11/6/25,105,3/7/25
R341,HU22,18/2/25,Pn310x6,1415,1555,6,1/8,#B2DD-CA-D,,,,,,,,,,,449,110%,109,24/6/25,962,19/4/25,121,14/5/25,223,22/5/25,24,30/5/25,116,9/6/25,109,24/6/25
R342,HU22,18/2/25,Pn310x6,1415,1413,5,1/8,#B2DD-CA-D,,,,,,,,,,,449,100%,78,26/6/25,787,24/4/25,205,14/5/25,204,30/5/25,139,16/6/25,78,26/6/25
R343,HU22,18/2/25,Pn310x6,1415,1977,6,1/8,#B2DD-CA-D,,,,,,,,,,,449,140%,110,24/6/25,848,21/4/25,128,6/5/25,387,14/5/25,190,27/5/25,314,9/6/25,110,24/6/25
R312,HU22,4/2/25,Pn3x6,1580,1624,3,1/8,#B2DD-DD-DAB,,,,,,,,,,,463,103%,137,16/5/25,876,1/4/25,611,26/4/25,137,16/5/25
R313,HU22,4/2/25,Pn3x6,1580,1842,5,1/8,#B2DD-DD-DAB,,,,,,,,,,,463,117%,73,28/6/25,524,15/4/25,135,25/4/25,395,4/5/25,715,14/5/25,73,28/6/25
R314,HU22,4/2/25,Pn3x6,1580,1135,3,1/8,#B2DD-DD-DAB,,,,,,,,,,,463,72%,180,25/6/25,528,9/5/25,427,3/6/25,180,25/6/25
R315,HU22,4/2/25,Pn3x6,1580,1698,3,1/8,#B2DD-DD-DAB,,,,,,,,,,,463,107%,73,3/7/25,557,7/5/25,1068,24/5/25,73,3/7/25
R316,HU22,4/2/25,Pn310x6,1415,1625,6,1/8,#B2DD-DD-DAB,,,,,,,,,,,463,115%,125,26/5/25,662,2/4/25,129,10/4/25,265,23/4/25,105,2/5/25,339,11/5/25,125,26/5/25
R317,HU22,4/2/25,Pn310x6,1415,1689,4,1/8,#B2DD-DD-DAB,,,,,,,,,,,463,119%,449,22/5/25,652,7/4/25,362,24/4/25,226,4/5/25,449,22/5/25
R318,HU22,4/2/25,Pn310x6,1415,1635,8,1/8,#B2DD-DD-DAB,,,,,,,,,,,463,116%,112,3/7/25,421,16/4/25,189,25/4/25,130,7/5/25,265,19/5/25,115,31/5/25,291,9/6/25,112,24/6/25,112,3/7/25
R319,HU22,4/2/25,Pn310x6,1415,1729,7,1/8,#B2DD-DD-DAB,,,,,,,,,,,463,122%,67,25/6/25,538,15/4/25,186,23/4/25,199,6/5/25,265,14/5/25,302,23/5/25,172,11/6/25,67,25/6/25
R320,PSn,4/2/25,Pn3x6,1580,,,1/8,#I4-BCB-CAB,,,,,,,,,,,463
R321,PSn,4/2/25,Pn3x6,1580,,,1/8,#I4-BCB-CAB,,,,,,,,,,,463
R322,PSn,4/2/25,Pn3x6,1580,,,1/8,#I4-BCB-CAB,,,,,,,,,,,463
R323,PSn,4/2/25,Pn3x6,1580,,,1/8,#I4-BCB-CAB,,,,,,,,,,,463
R324,PSn,4/2/25,Pn310x6,1415,,,1/8,#I4-BCB-CAB,,,,,,,,,,,463
R325,PSn,4/2/25,Pn310x6,1415,,,1/8,#I4-BCB-CAB,,,,,,,,,,,463
R326,PSn,4/2/25,Pn310x6,1415,,,1/8,#I4-BCB-CAB,,,,,,,,,,,463
R327,PSn,4/2/25,Pn310x6,1415,,,1/8,#I4-BCB-CAB,,,,,,,,,,,463
R328,PAb,4/2/25,Pn3x6,1580,375,1,1/8,#S2.AA-BDC,,,,,,,,,,,463,24%,375,11/6/25,375,11/6/25
R329,PAb,4/2/25,Pn3x6,1580,514,1,1/8,#S2.AA-BDC,,,,,,,,,,,463,33%,514,31/5/25,514,31/5/25
R330,PAb,4/2/25,Pn3x6,1580,,,1/8,#S2.AA-BDC,,,,,,,,,,,463
R331,PAb,4/2/25,Pn3x6,1580,64,1,1/8,#S2.AA-BDC,,,,,,,,,,,463,4%,64,4/6/25,64,4/6/25
R332,PAb,4/2/25,Pn310x6,1415,794,2,1/8,#S2.AA-BDC,,,,,,,,,,,463,56%,262,28/5/25,532,4/5/25,262,28/5/25
R333,PAb,4/2/25,Pn310x6,1415,1044,2,1/8,#S2.AA-BDC,,,,,,,,,,,463,74%,362,24/5/25,682,29/4/25,362,24/5/25
R334,PAb,4/2/25,Pn310x6,1415,1275,2,1/8,#S2.AA-BDC,,,,,,,,,,,463,90%,630,24/5/25,645,29/4/25,630,24/5/25
R335,PAb,4/2/25,Pn310x6,1415,1204,3,1/8,#S2.AA-BDC,,,,,,,,,,,463,85%,101,11/6/25,784,29/4/25,319,24/5/25,101,11/6/25
R42,LEm,4/9/25,0,,330,3,1/8,#ZCB-CCA,,,,,,,,,,,250,,90,14/5/25,229,20/2/25,11,24/4/25,90,14/5/25
SS162,,,,,277,1,,,,,,,,,,,,,,,277,22/2/25,277,22/2/25
R38,LEfr,4/9/25,0,,592,1,1/8,#C2BE-RB,,,,,,,,,,,250,,592,27/2/25,592,27/2/25
R37,LEfr,4/9/25,0,,780,2,1/8,#C2BE-RB,,,,,,,,,,,250,,61,5/6/25,719,2/3/25,61,5/6/25
R36,LEfr,4/9/25,0,,622,1,1/8,#C2BE-RB,,,,,,,,,,,250,,622,2/3/25,622,2/3/25
R39,LEfr,4/9/25,0,,642,1,1/8,#C2BE-RB,,,,,,,,,,,250,,642,2/3/25,642,2/3/25
R48,LEm,4/9/25,0,,221,1,1/8,#ZCB-CCA,,,,,,,,,,,250,,221,8/3/25,221,8/3/25
SS50,,,,,826,2,,,,,,,,,,,,,,,329,6/4/25,497,10/3/25,329,6/4/25
L454,PEsal,27/2/25,Pn3x7,,1936,3,1/8,#V3-BACA,,,,,,,,,,,440,,141,26/1/26,1515,18/12/25,280,7/1/26,141,26/1/26
L455,PEsal,27/2/25,Pn3x7,,,,1/8,#V3-BACA,,,,,,,,,,,440
L456,PEsal,27/2/25,Pn3x7,,,,1/8,#V3-BACA,,,,,,,,,,,440
L457,PEsal,27/2/25,Pn3x7,,2267,3,1/8,#V3-BACA,,,,,,,,,,,440,,433,8/1/26,1564,10/12/25,270,25/12/25,433,8/1/26
L458,PEsal,27/2/25,Pn3x7,,,,1/8,#V3-BACA,,,,,,,,,,,440
L459,PEsal,27/2/25,Pn3x7,,1824,2,1/8,#V3-BACA,,,,,,,,,,,440,,95,25/12/25,1729,4/12/25,95,25/12/25
L460,PEsal,27/2/25,Pn3x7,,1887,3,1/8,#V3-BACA,,,,,,,,,,,440,,146,7/3/26,1213,14/1/26,528,1/2/26,146,7/3/26
L461,PEsal,27/2/25,Pn3x7,,818,2,1/8,#V3-BACA,,,,,,,,,,,440,,348,9/1/26,470,5/12/25,348,9/1/26
R376,HEn,26/2/25,Pn3x6,1580,473,2,1/8,#I4AEB,,,,,,,,,,,441,30%,104,28/5/25,369,14/5/25,104,28/5/25
R377,HEn,26/2/25,Pn3x6,1580,671,3,1/8,#I4AEB,,,,,,,,,,,441,42%,60,4/6/25,193,7/5/25,418,16/5/25,60,4/6/25
R378,HEn,26/2/25,Pn3x6,1580,587,2,1/8,#I4AEB,,,,,,,,,,,441,37%,236,11/5/25,351,1/5/25,236,11/5/25
R379,HEn,26/2/25,Pn3x6,1580,758,2,1/8,#I4AEB,,,,,,,,,,,441,48%,155,14/6/25,603,1/5/25,155,14/6/25
L407,LE3790,13/2/25,Pcx7,,836,2,1/8,#A2BAB-AAA,,,,,,,,,,,454,,168,27/1/26,668,16/10/25,168,27/1/26
L408,LE3790,13/2/25,Pcx7,,579,1,1/8,#A2BAB-AAA,,,,,,,,,,,454,,579,12/10/25,579,12/10/25
L409,LE3790,13/2/25,Pcx7,,1063,2,1/8,#A2BAB-AAA,,,,,,,,,,,454,,1005,12/10/25,58,1/10/25,1005,12/10/25
L410,LE3790,13/2/25,Pcx7,,1369,1,1/8,#A2BAB-AAA,,,,,,,,,,,454,,1369,9/10/25,1369,9/10/25
L411,LE3790,13/2/25,Pcx7,,1367,2,1/8,#A2BAB-AAA,,,,,,,,,,,454,,1210,12/10/25,157,30/9/25,1210,12/10/25
L412,LE3790,13/2/25,Pcx7,,1504,1,1/8,#A2BAB-AAA,,,,,,,,,,,454,,1504,6/10/25,1504,6/10/25
L413,LE3790,13/2/25,Pcx7,,894,1,1/8,#A2BAB-AAA,,,,,,,,,,,454,,894,4/10/25,894,4/10/25
L414,LE3790,13/2/25,Pcx7,,1397,1,1/8,#A2BAB-AAA,,,,,,,,,,,454,,1397,6/10/25,1397,6/10/25
L415,LEfr,14/2/25,Pcx7,,745,2,1/8,#C2BEC-DAB,,,,,,,,,,,453,,655,5/12/25,90,1/10/25,655,5/12/25
L416,LEfr,14/2/25,Pcx7,,967,4,1/8,#C2BEC-DAB,,,,,,,,,,,453,,392,7/2/26,258,9/5/25,106,1/10/25,211,26/1/26,392,7/2/26
L417,LEfr,14/2/25,Pcx7,,1352,1,1/8,#C2BEC-DAB,,,,,,,,,,,453,,1352,3/10/25,1352,3/10/25
L418,LEfr,14/2/25,Pcx7,,275,2,1/8,#C2BEC-DAB,,,,,,,,,,,453,,158,17/10/25,117,1/10/25,158,17/10/25
L419,LEfr,14/2/25,Pcx7,,880,1,1/8,#C2BEC-DAB,,,,,,,,,,,453,,880,10/10/25,880,10/10/25
L420,LEfr,14/2/25,Pcx7,,598,1,1/8,#C2BEC-DAB,,,,,,,,,,,453,,598,11/11/25,598,11/11/25
L421,LEfr,14/2/25,Pcx7,,1030,1,1/8,#C2BEC-DAB,,,,,,,,,,,453,,1030,4/10/25,1030,4/10/25
L422,PEtun,14/2/25,Pn3x7,,1187,3,1/8,#I2BB-BAB,,,,,,,,,,,453,,123,5/5/25,559,26/3/25,505,17/4/25,123,5/5/25
L423,PEtun,14/2/25,Pn3x7,,1380,2,1/8,#I2BB-BAB,,,,,,,,,,,453,,562,1/2/26,818,8/12/25,562,1/2/26
L424,PEtun,14/2/25,Pn3x7,,1210,2,1/8,#I2BB-BAB,,,,,,,,,,,453,,545,7/12/25,665,23/11/25,545,7/12/25
L425,PEtun,14/2/25,Pn3x7,,1211,3,1/8,#I2BB-BAB,,,,,,,,,,,453,,47,13/4/26,829,13/12/25,335,23/3/26,47,13/4/26
L426,PEtun,14/2/25,Pn3x7,,581,2,1/8,#I2BB-BAB,,,,,,,,,,,453,,147,11/1/26,434,3/12/25,147,11/1/26
L427,PEtun,14/2/25,Pn3x7,,1541,2,1/8,#I2BB-BAB,,,,,,,,,,,453,,550,2/1/26,991,13/12/25,550,2/1/26
L428,PEtun,14/2/25,Pn3x7,,1702,3,1/8,#I2BB-BAB,,,,,,,,,,,453,,200,12/2/26,964,29/12/25,538,19/1/26,200,12/2/26
L429,PEtun,14/2/25,Pn3x7,,1419,2,1/8,#I2BB-BAB,,,,,,,,,,,453,,693,4/2/26,726,14/1/26,693,4/2/26
L430,LEfr,20/2/25,Pcx7,,1395,2,1/8,#C2BEC-DAC,,,,,,,,,,,447,,1338,23/10/25,57,1/10/25,1338,23/10/25
L431,LEfr,20/2/25,Pcx7,,1102,1,1/8,#C2BEC-DAC,,,,,,,,,,,447,,1102,22/9/25,1102,22/9/25
L432,LEfr,20/2/25,Pcx7,,1300,1,1/8,#C2BEC-DAC,,,,,,,,,,,447,,1300,1/10/25,1300,1/10/25
L433,LEfr,20/2/25,Pcx7,,1369,1,1/8,#C2BEC-DAC,,,,,,,,,,,447,,1369,7/10/25,1369,7/10/25
L434,LEfr,20/2/25,Pcx7,,945,1,1/8,#C2BEC-DAC,,,,,,,,,,,447,,945,4/11/25,945,4/11/25
L435,LEfr,20/2/25,Pcx7,,967,1,1/8,#C2BEC-DAC,,,,,,,,,,,447,,967,4/10/25,967,4/10/25
L436,LEfr,20/2/25,Pcx7,,1525,1,1/8,#C2BEC-DAC,,,,,,,,,,,447,,1525,16/10/25,1525,16/10/25
L437,LEfr,20/2/25,Pcx7,,1065,1,1/8,#C2BEC-DAC,,,,,,,,,,,447,,1065,20/11/25,1065,20/11/25
L438,BPearl,20/2/25,Pn3x7,,1910,3,1/8,#ED-ADC,,,,,,,,,,,447,,183,4/1/26,938,2/12/25,789,18/12/25,183,4/1/26
L439,BPearl,20/2/25,Pn3x7,,1967,4,1/8,#ED-ADC,,,,,,,,,,,447,,154,9/1/26,1301,2/12/25,275,16/12/25,237,28/12/25,154,9/1/26
L440,BPearl,20/2/25,Pn3x7,,1552,3,1/8,#ED-ADC,,,,,,,,,,,447,,136,27/12/25,1018,11/11/25,398,7/12/25,136,27/12/25
L441,BPearl,20/2/25,Pn3x7,,2434,5,1/8,#ED-ADC,,,,,,,,,,,447,,105,22/1/26,286,19/5/25,253,3/6/25,1143,1/12/25,647,7/1/26,105,22/1/26
L442,BPearl,20/2/25,Pn3x7,,501,1,1/8,#ED-ADC,,,,,,,,,,,447,,501,18/12/25,501,18/12/25
L443,BPearl,20/2/25,Pn3x7,,1711,3,1/8,#ED-ADC,,,,,,,,,,,447,,308,7/1/26,995,1/12/25,408,18/12/25,308,7/1/26
L444,BPearl,20/2/25,Pn3x7,,419,3,1/8,#ED-ADC,,,,,,,,,,,447,,50,12/1/26,170,10/12/25,199,22/12/25,50,12/1/26
L445,BPearl,20/2/25,Pn3x7,,721,3,1/8,#ED-ADC,,,,,,,,,,,447,,124,7/1/26,128,11/11/25,469,13/12/25,124,7/1/26
L446,PCme,20/2/25,Pn3x6,1580,1132,5,1/8,#L4B-BCA,,,,,,,,,,,447,72%,129,1/7/25,296,15/5/25,301,27/5/25,202,7/6/25,204,20/6/25,129,1/7/25
L447,PCme,20/2/25,Pn3x6,1580,,,1/8,#L4B-BCA,,,,,,,,,,,447
L448,PCme,20/2/25,Pn3x6,1580,831,5,1/8,#L4B-BCA,,,,,,,,,,,447,53%,59,25/7/25,258,28/5/25,208,11/6/25,153,22/6/25,153,5/7/25,59,25/7/25
L449,PCme,20/2/25,Pn3x6,1580,674,3,1/8,#L4B-BCA,,,,,,,,,,,447,43%,150,23/7/25,356,4/5/25,168,16/6/25,150,23/7/25
L450,PCme,20/2/25,Pn3x6,1580,,,1/8,#L4B-BCA,,,,,,,,,,,447
L451,PCme,20/2/25,Pn3x6,1580,1102,6,1/8,#L4B-BCA,,,,,,,,,,,447,70%,128,4/8/25,239,22/5/25,238,4/6/25,193,16/6/25,154,28/6/25,150,21/7/25,128,4/8/25
L452,PCme,20/2/25,Pn3x6,1580,1642,7,1/8,#L4B-BCA,,,,,,,,,,,447,104%,81,5/8/25,397,26/4/25,387,11/5/25,288,24/5/25,202,7/6/25,226,17/6/25,61,29/6/25,81,5/8/25
L453,PCme,20/2/25,Pn3x6,1580,,,1/8,#L4B-BCA,,,,,,,,,,,447
L462,LEfr,27/2/25,Pcx7,,1667,2,1/8,#C2BEC-DAAA,,,,,,,,,,,440,,952,30/10/25,715,14/10/25,952,30/10/25
L463,LEfr,27/2/25,Pcx7,,1194,1,1/8,#C2BEC-DAAA,,,,,,,,,,,440,,1194,8/10/25,1194,8/10/25
L464,LEfr,27/2/25,Pcx7,,1138,2,1/8,#C2BEC-DAAA,,,,,,,,,,,440,,62,13/11/25,1076,28/10/25,62,13/11/25
L465,LEfr,27/2/25,Pcx7,,920,1,1/8,#C2BEC-DAAA,,,,,,,,,,,440,,920,15/10/25,920,15/10/25
L466,LEfr,27/2/25,Pcx7,,901,1,1/8,#C2BEC-DAAA,,,,,,,,,,,440,,901,24/11/25,901,24/11/25
L467,LEfr,27/2/25,Pcx7,,521,1,1/8,#C2BEC-DAAA,,,,,,,,,,,440,,521,25/11/25,521,25/11/25
L468,LEfr,27/2/25,Pcx7,,807,1,1/8,#C2BEC-DAAA,,,,,,,,,,,440,,807,2/1/26,807,2/1/26
L469,LEfr,27/2/25,Pn3x7,,893,1,1/8,#C2BEC-DAAA,,,,,,,,,,,440,,893,1/10/25,893,1/10/25
L470,HEn,4/3/25,Pn3x6,1580,544,3,1/8,#I4AEA,,,,,,,,,,,433,34%,72,25/5/25,109,25/4/25,363,11/5/25,72,25/5/25
L471,HEn,4/3/25,Pn3x6,1580,608,5,1/8,#I4AEA,,,,,,,,,,,433,38%,25,5/7/25,103,8/4/25,59,1/5/25,279,16/5/25,142,30/5/25,25,5/7/25
L472,HEn,4/3/25,Pn3x6,1580,920,3,1/8,#I4AEA,,,,,,,,,,,433,58%,134,16/5/25,451,18/4/25,335,29/4/25,134,16/5/25
L473,HEn,4/3/25,Pn3x6,1580,33,1,1/8,#I4AEA,,,,,,,,,,,433,2%,33,26/4/25,33,26/4/25
R380,HEn,4/3/25,Pn310x6,1415,232,1,1/8,#I4AEA,,,,,,,,,,,433,16%,232,29/4/25,232,29/4/25
R381,HEn,4/3/25,Pn310x6,1415,628,2,1/8,#I4AEA,,,,,,,,,,,433,44%,195,20/5/25,433,5/5/25,195,20/5/25
R382,HEn,4/3/25,Pn310x6,1415,563,3,1/8,#I4AEA,,,,,,,,,,,433,40%,21,10/6/25,297,7/5/25,245,22/5/25,21,10/6/25
R383,HEn,4/3/25,Pn310x6,1415,104,1,1/8,#I4AEA,,,,,,,,,,,433,7%,104,29/4/25,104,29/4/25
R304,AA22,27/1/25,Pn310x6,1415,,,1/8,#NIBC-BCA,,,,,,,,,,,468
R305,AA22,27/1/25,Pn310x6,1415,,,1/8,#NIBC-BCA,,,,,,,,,,,468
R306,AA22,27/1/25,Pn310x6,1415,437,3,1/8,#NIBC-BCA,,,,,,,,,,,468,31%,141,11/6/25,196,9/5/25,100,23/5/25,141,11/6/25
R307,AA22,27/1/25,Pn310x6,1415,,,1/8,#NIBC-BCA,,,,,,,,,,,468
R308,AA22,27/1/25,Pn3x6,1580,646,3,1/8,#NIBC-BCA,,,,,,,,,,,468,41%,115,13/6/25,345,19/5/25,186,31/5/25,115,13/6/25
R309,AA22,27/1/25,Pn3x6,1580,389,3,1/8,#NIBC-BCA,,,,,,,,,,,468,25%,39,25/6/25,192,25/5/25,158,5/6/25,39,25/6/25
R310,AA22,27/1/25,Pn3x6,1580,,,1/8,#NIBC-BCA,,,,,,,,,,,468
R311,AA22,27/1/25,Pn3x6,1580,480,2,1/8,#NIBC-BCA,,,,,,,,,,,468,30%,223,1/6/25,257,19/5/25,223,1/6/25
R288,POn,27/1/25,Pn3x6,1580,1824,6,1/8,#Z3-AAA-AC-ABCD,,,,,,,,,,,468,115%,182,3/7/25,458,23/4/25,317,2/5/25,269,11/5/25,350,1/6/25,248,14/6/25,182,3/7/25
R289,POn,27/1/25,Pn3x6,1580,770,6,1/8,#Z3-AAA-AC-ABCD,,,,,,,,,,,468,49%,32,13/12/25,564,29/9/25,38,20/10/25,50,28/10/25,46,7/11/25,40,25/11/25,32,13/12/25
R290,POn,27/1/25,Pn3x6,1580,1721,8,1/8,#Z3-AAA-AC-ABCD,,,,,,,,,,,468,109%,167,30/7/25,774,11/5/25,134,24/5/25,313,3/6/25,119,13/6/25,109,24/6/25,77,4/7/25,28,21/7/25,167,30/7/25
R291,POn,27/1/25,Pn3x6,1580,1791,5,1/8,#Z3-AAA-AC-ABCD,,,,,,,,,,,468,113%,37,13/12/25,899,11/5/25,603,28/5/25,151,26/6/25,101,22/7/25,37,13/12/25
R292,POn,27/1/25,Pn310x6,1415,1518,7,1/8,#Z3-AAA-AC-ABCD,,,,,,,,,,,468,107%,122,3/7/25,443,17/4/25,170,25/4/25,258,6/5/25,225,19/5/25,118,29/5/25,182,13/6/25,122,3/7/25
R293,POn,27/1/25,Pn310x6,1415,1509,8,1/8,#Z3-AAA-AC-ABCD,,,,,,,,,,,468,107%,55,29/7/25,348,5/4/25,292,16/4/25,161,25/4/25,247,7/5/25,164,23/5/25,140,3/6/25,102,18/6/25,55,29/7/25
R294,POn,27/1/25,Pn310x6,1415,1398,7,1/8,#Z3-AAA-AC-ABCD,,,,,,,,,,,468,99%,82,5/7/25,398,17/4/25,330,26/4/25,136,7/5/25,125,16/5/25,201,27/5/25,126,13/6/25,82,5/7/25
R295,POn,27/1/25,Pn310x6,1415,1456,6,1/8,#Z3-AAA-AC-ABCD,,,,,,,,,,,468,103%,136,2/8/25,895,14/5/25,192,1/6/25,89,11/6/25,43,21/6/25,101,25/7/25,136,2/8/25
R296,HU22,27/1/25,Pn310x6,1415,1381,7,1/8,#B2-DD-CAC,,,,,,,,,,,468,98%,31,19/6/25,406,16/4/25,165,25/4/25,433,4/5/25,213,22/5/25,57,31/5/25,76,9/6/25,31,19/6/25
R297,HU22,27/1/25,Pn310x6,1415,,,1/8,#B2-DD-CAC,,,,,,,,,,,468
R298,HU22,27/1/25,Pn310x6,1415,,,1/8,#B2-DD-CAC,,,,,,,,,,,468
R299,HU22,27/1/25,Pn310x6,1415,1138,6,1/8,#B2-DD-CAC,,,,,,,,,,,468,80%,128,3/7/25,303,10/5/25,162,19/5/25,70,2/6/25,326,10/6/25,149,25/6/25,128,3/7/25
R300,HU22,27/1/25,Pn3x6,1580,1823,7,1/8,#B2-DD-CAC,,,,,,,,,,,468,115%,70,3/7/25,489,17/4/25,130,25/4/25,424,10/5/25,145,25/5/25,212,3/6/25,353,12/6/25,70,3/7/25
R301,HU22,27/1/25,Pn3x6,1580,1617,4,1/8,#B2-DD-CAC,,,,,,,,,,,468,102%,146,30/6/25,432,5/5/25,993,24/5/25,46,22/6/25,146,30/6/25
R302,HU22,27/1/25,Pn3x6,1580,1146,2,1/8,#B2-DD-CAC,,,,,,,,,,,468,73%,35,25/7/25,1111,26/5/25,35,25/7/25
R303,HU22,27/1/25,Pn3x6,1580,,,1/8,#B2-DD-CAC,,,,,,,,,,,468
R360,PAb,25/2/25,Pn310x6,1415,,,1/8,#S2AA-BFA,,,,,,,,,,,442
R361,PAb,25/2/25,Pn310x6,1415,,,1/8,#S2AA-BFA,,,,,,,,,,,442
R362,PAb,25/2/25,Pn310x6,1415,29,1,1/8,#S2AA-BFA,,,,,,,,,,,442,2%,29,3/12/25,29,3/12/25
R363,PAb,25/2/25,Pn310x6,1415,463,1,1/8,#S2AA-BFA,,,,,,,,,,,442,33%,463,13/6/25,463,13/6/25
R364,PAb,25/2/25,Pn3x6,1580,645,1,1/8,#S2AA-BFA,,,,,,,,,,,442,41%,645,12/6/25,645,12/6/25
R365,PAb,25/2/25,Pn3x6,1580,129,1,1/8,#S2AA-BFA,,,,,,,,,,,442,8%,129,5/6/25,129,5/6/25
R366,PAb,25/2/25,Pn3x6,1580,,,1/8,#S2AA-BFA,,,,,,,,,,,442
R367,PAb,25/2/25,Pn3x6,1580,,,1/8,#S2AA-BFA,,,,,,,,,,,442
S132,,,,,1673,5,,,,,,,,,,,,,,,35,26/5/25,530,13/3/25,768,2/4/25,56,22/4/25,284,8/5/25,35,26/5/25
R33,LEfr,4/9/25,0,,933,1,1/8,#C2BE-RB,,,,,,,,,,,250,,933,13/3/25,933,13/3/25
L482,PCme,15/3/25,Pnx6,,145,1,1/8,#L4B-BEA,,,,,,,,,,,422,,145,15/11/25,145,15/11/25
L483,PCme,15/3/25,Pnx6,,,,1/8,#L4B-BEA,,,,,,,,,,,422
L484,PCme,15/3/25,Pnx6,,478,3,1/8,#L4B-BEA,,,,,,,,,,,422,,117,3/12/25,258,2/10/25,103,17/10/25,117,3/12/25
L485,PCme,15/3/25,Pnx6,,,,1/8,#L4B-BEA,,,,,,,,,,,422
L478,PCme,15/3/25,Pn10x6,,1494,7,1/8,#L4B-BEA,,,,,,,,,,,422,,134,8/8/25,390,5/5/25,276,16/5/25,282,28/5/25,148,11/6/25,195,21/6/25,69,5/7/25,134,8/8/25
L479,PCme,15/3/25,Pn10x6,,1538,6,1/8,#L4B-BEA,,,,,,,,,,,422,,26,24/7/25,584,29/4/25,407,11/5/25,260,25/5/25,175,11/6/25,86,25/6/25,26,24/7/25
L480,PCme,15/3/25,Pn10x6,,1440,5,1/8,#L4B-BEA,,,,,,,,,,,422,,40,29/6/25,764,10/5/25,406,23/5/25,174,6/6/25,56,19/6/25,40,29/6/25
L481,PCme,15/3/25,Pn10x6,,1005,4,1/8,#L4B-BEA,,,,,,,,,,,422,,105,3/7/25,373,29/5/25,359,10/6/25,168,20/6/25,105,3/7/25
L486,PSn,15/3/25,Pn10x6,,,,1/8,#I4-BCBCAC,,,,,,,,,,,422
L487,PSn,15/3/25,Pn10x6,,935,3,1/8,#I4-BCBCAC,,,,,,,,,,,422,,230,21/7/25,601,3/6/25,104,28/6/25,230,21/7/25
L488,PSn,15/3/25,Pn10x6,,1263,5,1/8,#I4-BCBCAC,,,,,,,,,,,422,,249,26/7/25,504,23/5/25,284,14/6/25,144,28/6/25,82,16/7/25,249,26/7/25
L489,PSn,15/3/25,Pn10x6,,590,3,1/8,#I4-BCBCAC,,,,,,,,,,,422,,102,19/7/25,188,4/6/25,300,17/6/25,102,19/7/25
L490,PSn,15/3/25,Pnx6,,64,1,1/8,#I4-BCBCAC,,,,,,,,,,,422,,64,4/8/25,64,4/8/25
L491,PSn,15/3/25,Pnx6,,1147,4,1/8,#I4-BCBCAC,,,,,,,,,,,422,,61,4/8/25,688,14/6/25,70,1/7/25,328,21/7/25,61,4/8/25
L492,PSn,15/3/25,Pnx6,,992,4,1/8,#I4-BCBCAC,,,,,,,,,,,422,,186,5/8/25,618,3/6/25,134,25/6/25,54,3/7/25,186,5/8/25
L493,PSn,15/3/25,Pnx6,,,,1/8,#I4-BCBCAC,,,,,,,,,,,422
L494,POm,15/3/25,Pn10x6,,1089,4,1/8,#G2AAB-AAB,,,,,,,,,,,422,,109,4/7/25,425,14/5/25,262,24/5/25,293,14/6/25,109,4/7/25
L495,POm,15/3/25,Pn10x6,,1414,3,1/8,#G2AAB-AAB,,,,,,,,,,,422,,172,3/7/25,961,9/5/25,281,26/5/25,172,3/7/25
L496,POm,15/3/25,Pn10x6,,1089,3,1/8,#G2AAB-AAB,,,,,,,,,,,422,,56,3/7/25,671,8/5/25,362,29/5/25,56,3/7/25
L497,POm,15/3/25,Pn10x6,,1240,2,1/8,#G2AAB-AAB,,,,,,,,,,,422,,51,1/12/25,1189,20/11/25,51,1/12/25
L498,POm,15/3/25,Pnx6,,931,2,1/8,#G2AAB-AAB,,,,,,,,,,,422,,161,1/12/25,770,30/11/25,161,1/12/25
L499,POm,15/3/25,Pnx6,,1510,2,1/8,#G2AAB-AAB,,,,,,,,,,,422,,175,23/11/25,1335,15/10/25,175,23/11/25
L500,POm,15/3/25,Pnx6,,1344,3,1/8,#G2AAB-AAB,,,,,,,,,,,422,,347,24/6/25,832,14/5/25,165,10/6/25,347,24/6/25
L501,POm,15/3/25,Pnx6,,1471,2,1/8,#G2AAB-AAB,,,,,,,,,,,422,,537,24/5/25,934,6/5/25,537,24/5/25
R41,LEm,4/9/25,0,,435,1,1/8,#ZCB-CCA,,,,,,,,,,,250,,435,18/3/25,435,18/3/25
L586,HEg,29/4/25,Pn3x6,1580,726,1,1/8,#CBCBG-BF,,,,,,,,,,,378,46%,726,1/4/25,726,1/4/25
R44,LEm,4/9/25,0,,324,1,1/8,#ZCB-CCA,,,,,,,,,,,250,,324,1/4/25,324,1/4/25
L377,,,,,1347,4,,,,,,,,,,,,,,,240,22/5/25,547,3/4/25,209,18/4/25,351,1/5/25,240,22/5/25
L502-L505,PEtun,21/3/25,BPcx6 unicorn,,,,1/8,#?BBBB-BC,,,,,,,,,,,416
L502,PEtun,21/3/25,BPcx6 unicorn,,862,2,1/8,#?BBBB-BC,,,,,,,,,,,416,,286,30/12/25,576,10/12/25,286,30/12/25
L503,PEtun,21/3/25,BPcx6 unicorn,,1366,3,1/8,#?BBBB-BC,,,,,,,,0,,,416,,39,2/4/26,995,24/1/26,332,12/2/26,39,2/4/26
L504,PEtun,21/3/25,BPcx6 unicorn,,891,2,1/8,#?BBBB-BC,,,,,,,,,,,416,,160,18/2/26,731,29/1/26,160,18/2/26
L505,PEtun,21/3/25,BPcx6 unicorn,,997,2,1/8,#?BBBB-BC,,,,,,,,,,,416,,213,18/2/26,784,26/1/26,213,18/2/26
L506,PEtun,21/3/25,BPnx7 unicorn,,1493,4,1/8,#?BBBB-BC,,,,,,,,,,,416,,140,1/4/26,381,31/12/25,749,2/1/26,223,27/1/26,140,1/4/26
L507,PEtun,21/3/25,BPnx7 unicorn,,144,1,1/8,#?BBBB-BC,,,,,,,,,,,416,,144,12/3/26,144,12/3/26
L508,PEtun,21/3/25,BPnx7 unicorn,,1551,3,1/8,#?BBBB-BC,,,,,,,,,,,416,,74,22/02,1013,29/12/25,464,22/1/26,74,22/02
L509,PEtun,21/3/25,BPnx7 unicorn,,1607,3,1/8,#?BBBB-BC,,,,,,,,,,,416,,73,26/1/26,1219,6/12/25,315,27/12/25,73,26/1/26
L510,LE3790,21/3/25,Pcx7,,1331,1,1/8,#A2BAB-AA-AB,,,,,,,,,,,416,,1331,6/10/25,1331,6/10/25
L511,LE3790,21/3/25,Pcx7,,,,1/8,#A2BAB-AA-AB,,,,,,,,,,,416
L512,LE3790,21/3/25,Pcx7,,632,1,1/8,#A2BAB-AA-AB,,,,,,,,,,,416,,632,13/12/25,632,13/12/25
L513,LE3790,21/3/25,Pcx7,,1160,1,1/8,#A2BAB-AA-AB,,,,,,,,,,,416,,1160,7/10/25,1160,7/10/25
L514,LE3790,21/3/25,Pcx7,,596,2,1/8,#A2BAB-AA-AB,,,,,,,,,,,416,,23,23/11/25,573,17/10/25,23,23/11/25
L515,LE3790,21/3/25,Pcx7,,810,1,1/8,#A2BAB-AA-AB,,,,,,,,,,,416,,810,13/12/25,810,13/12/25
L516,LE3790,21/3/25,Pcx7,,585,2,1/8,#A2BAB-AA-AB,,,,,,,,,,,416,,39,19/2/26,546,11/1/26,39,19/2/26
L517,LE3790,21/3/25,Pcx7,,899,1,1/8,#A2BAB-AA-AB,,,,,,,,,,,416,,899,7/12/25,899,7/12/25
L518,HU22,21/3/25,Pn3x6,1580,2046,3,1/8,#B2DD-CD,,,,,,,,,,,416,129%,148,3/7/25,858,3/5/25,1040,19/5/25,148,3/7/25
L519,HU22,21/3/25,Pn3x6,1580,2408,6,1/8,#B2DD-CD,,,,,,,,,,,416,152%,581,7/1/26,1051,7/5/25,375,29/5/25,239,10/6/25,33,26/6/25,129,3/7/25,581,7/1/26
L520,HU22,21/3/25,Pn3x6,1580,,,1/8,#B2DD-CD,,,,,,,,,,,416
L521,HU22,21/3/25,Pn3x6,1580,,,1/8,#B2DD-CD,,,,,,,,,,,416
L522,HU22,21/3/25,Pn3x6,1580,1873,5,1/8,#B2DD-CD,,,,,,,,,,,416,119%,40,1/7/25,1126,9/5/25,329,25/5/25,334,9/6/25,44,20/6/25,40,1/7/25
L523,HU22,21/3/25,Pn3x6,1580,,,1/8,#B2DD-CD,,,,,,,,,,,416
L524,HU22,21/3/25,Pn3x6,1580,170,1,1/8,#B2DD-CD,,,,,,,,,,,416,11%,170,8/12/25,170,8/12/25
L526,HU22,1/4/25,Pn3x6,1580,1074,6,1/8,#B2DD-CD,,,,,,,,,,,406,68%,29,18/12/25,735,13/10/25,231,21/10/25,25,9/11/25,21,20/11/25,33,2/12/25,29,18/12/25
L527,HU22,1/4/25,Pn3x6,1580,-1795,3,1/8,#B2DD-CD,,,,,,,,,,,406,-114%,39,16/11/25,-2051,22/9/25,217,10/10/25,39,16/11/25
L528,HU22,1/4/25,Pn3x6,1580,743,3,1/8,#B2DD-CD,,,,,,,,,,,406,47%,172,5/7/25,323,10/6/25,248,20/6/25,172,5/7/25
L529,HU22,1/4/25,Pn3x6,1580,822,3,1/8,#B2DD-CD,,,,,,,,,,,406,52%,110,31/7/25,498,7/6/25,214,1/7/25,110,31/7/25
L530,HU22,1/4/25,Pn3x6,1580,1058,6,1/8,#B2DD-CD,,,,,,,,,,,406,67%,47,25/12/25,555,12/10/25,82,24/10/25,213,2/11/25,76,23/11/25,85,4/12/25,47,25/12/25
L531,HU22,1/4/25,Pn3x6,1580,1566,9,1/8,#B2DD-CD,,,,,,,,,,,406,99%,308,7/1/26,311,26/9/25,187,6/10/25,341,15/10/25,236,23/10/25,65,2/11/25,26,10/11/25,57,20/11/25,35,30/11/25,308,7/1/26
L532,HU22,1/4/25,Pn3x6,1580,1357,3,1/8,#B2DD-CD,,,,,,,,,,,406,86%,200,23/7/25,726,3/6/25,431,25/6/25,200,23/7/25
L533,HU22,1/4/25,Pn3x6,1580,1027,4,1/8,#B2DD-CD,,,,,,,,,,,406,65%,308,7/1/26,477,28/10/25,182,6/11/25,60,29/11/25,308,7/1/26
L534,HEn,1/4/25,Pn3x6,1580,912,3,1/8,#I4-AFA,,,,,,,,,,,406,58%,39,19/12/25,758,9/11/25,115,23/11/25,39,19/12/25
L535,HEn,1/4/25,Pn3x6,1580,,,1/8,#I4-AFA,,,,,,,,,,,406
L536,HEn,1/4/25,Pn3x6,1580,,,1/8,#I4-AFA,,,,,,,,,,,406
L537,HEn,1/4/25,Pn3x6,1580,430,3,1/8,#I4-AFA,,,,,,,,,,,406,27%,29,31/12/25,360,16/11/25,41,7/12/25,29,31/12/25
L538,HEn,1/4/25,Pn3x6,1580,,,1/8,#I4-AFA,,,,,,,,,,,406
L539,HEn,1/4/25,Pn3x6,1580,,,1/8,#I4-AFA,,,,,,,,,,,406
L540,HEn,1/4/25,Pn3x6,1580,371,2,1/8,#I4-AFA,,,,,,,,,,,406,23%,37,25/6/25,334,11/6/25,37,25/6/25
L541,HEn,1/4/25,Pn3x6,1580,642,5,1/8,#I4-AFA,,,,,,,,,,,406,41%,15,18/12/25,425,15/10/25,153,24/10/25,32,8/11/25,17,20/11/25,15,18/12/25
L542-L549,PCme,1/4/25,Pn3x6,1580,,,1/8,#L4B-BED,,,,,,,,,,,406
L542,PCme,1/4/25,Pn3x6,1580,,,1/8,#L4B-BED,,,,,,,,,,,406
L543,PCme,1/4/25,Pn3x6,1580,,,1/8,#L4B-BED,,,,,,,,,,,406
L544,PCme,1/4/25,Pn3x6,1580,,,1/8,#L4B-BED,,,,,,,,,,,406
L545,PCme,1/4/25,Pn3x6,1580,1165,4,1/8,#L4B-BED,,,,,,,,,,,406,74%,284,19/7/25,321,5/6/25,440,15/6/25,120,5/7/25,284,19/7/25
L546,PCme,1/4/25,Pn3x6,1580,,,1/8,#L4B-BED,,,,,,,,,,,406
L547,PCme,1/4/25,Pn3x6,1580,257,1,1/8,#L4B-BED,,,,,,,,,,,406,16%,257,25/6/25,257,25/6/25
L548,PCme,1/4/25,Pn3x6,1580,263,1,1/8,#L4B-BED,,,,,,,,,,,406,17%,263,2/8/25,263,2/8/25
L549,PCme,1/4/25,Pn3x6,1580,,,1/8,#L4B-BED,,,,,,,,,,,406
R448,AA22,4/4/25,Pn3x6A,,937,3,1/8,#N2-BD4ACA,,,,,,,,,,,403,,230,4/8/25,409,7/6/25,298,21/6/25,230,4/8/25
R449,AA22,4/4/25,Pn3x6A,,595,4,1/8,#N2-BD4ACA,,,,,,,,,,,403,,31,12/8/25,183,12/6/25,286,25/6/25,95,28/7/25,31,12/8/25
R450,AA22,4/4/25,Pn3x6A,,,,1/8,#N2-BD4ACA,,,,,,,,,,,403
R451,AA22,4/4/25,Pn3x6A,,1020,5,1/8,#N2-BD4ACA,,,,,,,,,,,403,,26,30/12/25,320,7/10/25,452,20/10/25,113,8/11/25,109,29/11/25,26,30/12/25
R354,,,,,384,3,,,,,,,,,,,,,,,84,24/5/25,174,17/4/25,126,26/4/25,84,24/5/25
R404,POn,18/3/25,Pn310x6,1415,1753,6,1/8,#Z3AAA-BAAA,,,,,,,,,,,419,124%,87,17/1/26,849,18/4/25,264,5/5/25,243,19/5/25,109,5/6/25,201,26/6/25,87,17/1/26
R9,,,,,527,1,,,,,,,,,,,,,,,527,19/4/25,527,19/4/25
R405,POn,18/3/25,Pn310x6,1415,1549,5,1/8,#Z3AAA-BAAA,,,,,,,,,,,419,109%,242,11/6/25,654,21/4/25,329,1/5/25,131,11/5/25,193,23/5/25,242,11/6/25
R401,POn,18/3/25,Pn310x6,1415,1838,4,1/8,#Z3AAA-BAAA,,,,,,,,,,,419,130%,295,11/6/25,918,22/4/25,407,7/5/25,218,22/5/25,295,11/6/25
R392,PEsal,18/3/25,Pn3x6,1580,,,1/8,#V3BAC-AB,,,,,,,,,,,419
R393,PEsal,18/3/25,Pn3x6,1580,2116,2,1/8,#V3BAC-AB,,,,,,,,,,,419,134%,498,3/1/26,1618,12/12/25,498,3/1/26
R394,PEsal,18/3/25,Pn3x6,1580,1684,2,1/8,#V3BAC-AB,,,,,,,,,,,419,107%,766,20/12/25,918,7/12/25,766,20/12/25
R395,PEsal,18/3/25,Pn3x6,1580,1523,2,1/8,#V3BAC-AB,,,,,,,,,,,419,96%,417,20/1/26,1106,18/12/25,417,20/1/26
R396,PEsal,18/3/25,Pn3x6,1580,,,1/8,#V3BAC-AB,,,,,,,,,,,419
R397,PEsal,18/3/25,Pn3x6,1580,1651,2,1/8,#V3BAC-AB,,,,,,,,,,,419,104%,262,5/2/26,1389,27/12/25,262,5/2/26
R398,PEsal,18/3/25,Pn3x6,1580,1576,2,1/8,#V3BAC-AB,,,,,,,,,,,419,100%,504,24/1/26,1072,18/12/25,504,24/1/26
R399,PEsal,18/3/25,Pn3x6,1580,1694,3,1/8,#V3BAC-AB,,,,,,,,,,,419,107%,33,11/1/26,1319,5/12/25,342,20/12/25,33,11/1/26
R463,POm,15/4/25,Pn3x6,1580,1510,3,1/8,#G2AAF-AAD,,,,,,,,,,,392,96%,308,7/1/26,1111,19/11/25,91,21/12/25,308,7/1/26
R464,POm,15/4/25,Pn3x6,1580,1553,2,1/8,#G2AAF-AAD,,,,,,,,,,,392,98%,460,6/1/26,1093,11/11/25,460,6/1/26
R465,POm,15/4/25,Pn3x6,1580,840,4,1/8,#G2AAF-AAD,,,,,,,,,,,392,53%,63,24/3/26,543,3/12/25,183,9/1/26,51,16/2/26,63,24/3/26
R466,POm,15/4/25,Pn3x6,1580,1359,3,1/8,#G2AAF-AAD,,,,,,,,,,,392,86%,97,12/1/26,1089,19/10/25,173,28/12/25,97,12/1/26
R467,POm,15/4/25,Pn3x6,1580,,,1/8,#G2AAF-AAD,,,,,,,,,,,392
R468,POm,15/4/25,Pn3x6,1580,1488,3,1/8,#G2AAF-AAD,,,,,,,,,,,392,94%,90,6/1/26,1064,6/10/25,334,21/11/25,90,6/1/26
R469,POm,15/4/25,Pn3x6,1580,,,1/8,#G2AAF-AAD,,,,,,,,,,,392
R470,POm,15/4/25,Pn3x6,1580,440,2,1/8,#G2AAF-AAD,,,,,,,,,,,392,28%,74,30/12/25,366,23/11/25,74,30/12/25
R400,POn,18/3/25,Pn310x6,1415,1611,5,1/8,#Z3AAA-BAAA,,,,,,,,,,,419,114%,36,25/7/25,1222,5/5/25,172,25/5/25,66,5/6/25,115,13/6/25,36,25/7/25
R402,POn,18/3/25,Pn310x6,1415,2041,6,1/8,#Z3AAA-BAAA,,,,,,,,,,,419,144%,204,2/12/25,817,28/4/25,205,8/5/25,293,19/5/25,202,4/6/25,320,26/6/25,204,2/12/25
R403,POn,18/3/25,Pn310x6,1415,1317,5,1/8,#Z3AAA-BAAA,,,,,,,,,,,419,93%,142,28/7/25,717,29/4/25,157,9/5/25,191,3/6/25,110,19/6/25,142,28/7/25
R406,POn,18/3/25,Pn310x6,1415,1741,5,1/8,#Z3AAA-BAAA,,,,,,,,,,,419,123%,103,30/7/25,952,6/5/25,420,19/5/25,111,30/5/25,155,13/6/25,103,30/7/25
R407,POn,18/3/25,Pn310x6,1415,1969,5,1/8,#Z3AAA-BAAA,,,,,,,,,,,419,139%,133,28/7/25,537,10/5/25,344,22/5/25,436,1/6/25,519,18/6/25,133,28/7/25
R384,LEfr,18/3/25,Pc×7,,1069,1,1/8,#ZF2BCC-DBB,,,,,,,,,,,419,,1069,6/12/25,1069,6/12/25
R385,LEfr,18/3/25,Pc×7,,555,1,1/8,#ZF2BCC-DBB,,,,,,,,,,,419,,555,8/2/26,555,8/2/26
R386,LEfr,18/3/25,Pc×7,,998,1,1/8,#ZF2BCC-DBB,,,,,,,,,,,419,,998,6/12/25,998,6/12/25
R387,LEfr,18/3/25,Pc×7,,1096,1,1/8,#ZF2BCC-DBB,,,,,,,,,,,419,,1096,19/11/25,1096,19/11/25
R388,LEfr,18/3/25,Pc×7,,1011,2,1/8,#ZF2BCC-DBB,,,,,,,,,,,419,,35,3/2/26,976,17/1/26,35,3/2/26
R389,LEfr,18/3/25,Pc×7,,541,2,1/8,#ZF2BCC-DBB,,,,,,,,,,,419,,31,10/3/26,510,19/2/26,31,10/3/26
R390,LEfr,18/3/25,Pc×7,,1027,2,1/8,#ZF2BCC-DBB,,,,,,,,,,,419,,57,10/12/25,970,30/11/25,57,10/12/25
R391,LEfr,18/3/25,Pc×7,,625,2,1/8,#ZF2BCC-DBB,,,,,,,,,,,419,,362,31/1/26,263,1/10/25,362,31/1/26
R471,PCme,15/4/25,Pn3×6,,,,1/8,#L4B-AAB,,,,,,,,,,,392
R472,PCme,15/4/25,Pn3×6,,,,1/8,#L4B-AAB,,,,,,,,,,,392
R473,PCme,15/4/25,Pn3×6,,,,1/8,#L4B-AAB,,,,,,,,,,,392
R474,PCme,15/4/25,Pn3×6,,,,1/8,#L4B-AAB,,,,,,,,,,,392
R475,PCme,15/4/25,Pn3×6,,,,1/8,#L4B-AAB,,,,,,,,,,,392
R476,PCme,15/4/25,Pn3×6,,,,1/8,#L4B-AAB,,,,,,,,,,,392
R477,PCme,15/4/25,Pn3×6,,,,1/8,#L4B-AAB,,,,,,,,,,,392
R478,PCme,15/4/25,Pn3×6,,,,1/8,#L4B-AAB,,,,,,,,,,,392
R487,HU22,24/4/25,Pn3×6,,1361,4,1/8,#B2-DD-C-E,,,,,,,,,,,383,,20,20/11/25,970,29/9/25,204,20/10/25,167,7/11/25,20,20/11/25
R488,HU22,24/4/25,Pn3×6,,450,2,1/8,#B2-DD-C-E,,,,,,,,,,,383,,44,20/12/25,406,23/11/25,44,20/12/25
R489,HU22,24/4/25,Pn3×6,,1493,5,1/8,#B2-DD-C-E,,,,,,,,,,,383,,111,1/3/26,993,24/9/25,215,6/10/25,143,19/10/25,31,7/11/25,111,1/3/26
R490,HU22,24/4/25,Pn3×6,,,,1/8,#B2-DD-C-E,,,,,,,,,,,383
R491,HU22,24/4/25,Pn3×6,,1620,7,1/8,#B2-DD-C-E,,,,,,,,,,,383,,43,31/12/25,830,3/10/25,220,15/10/25,284,23/10/25,59,7/11/25,54,16/11/25,130,25/11/25,43,31/12/25
R492,HU22,24/4/25,Pn3×6,,1879,4,1/8,#B2-DD-C-E,,,,,,,,,,,383,,135,13/11/25,1290,22/9/25,120,7/10/25,334,19/10/25,135,13/11/25
R479,POm,24/4/25,Pn3×6,,92,1,1/8,#G2-AAF-ACAB,,,,,,,,,,,383,,92,2/11/25,92,2/11/25
R480,POm,24/4/25,Pn3×6,,,,1/8,#G2-AAF-ACAB,,,,,,,,,,,383
R481,POm,24/4/25,Pn3×6,,603,6,1/8,#G2-AAF-ACAB,,,,,,,,,,,383,,67,6/3/26,92,7/12/25,244,19/12/25,88,3/1/26,56,1/2/26,56,17/2/26,67,6/3/26
R482,POm,24/4/25,Pn3×6,,921,3,1/8,#G2-AAF-ACAB,,,,,,,,,,,383,,33,20/2/26,579,3/12/25,309,11/1/26,33,20/2/26
R483,POm,24/4/25,Pn3×6,,,,1/8,#G2-AAF-ACAB,,,,,,,,,,,383
R484,POm,24/4/25,Pn3×6,,,,1/8,#G2-AAF-ACAB,,,,,,,,,,,383
S251,HEn,14/2/25,Pn310x6,1415,182,1,1/10,#14AO-A,,,,,,,,,,,453,13%,182,25/4/25,182,25/4/25
L477,,,,,494,2,,,,,,,,,,,,,,,107,14/5/25,387,28/4/25,107,14/5/25
S286,PSn,26/6/25,Ppx7,1850,1540,7,1/10,#A4BCB->CBA,,,,,,,,,,,320,83%,69,6/8/25,161,29/4/25,611,9/5/25,188,24/5/25,152,12/6/25,269,25/6/25,90,21/7/25,69,6/8/25
R353,,,,,200,2,,,,,,,,,,,,,,,68,11/5/25,132,29/4/25,68,11/5/25
L550,POm,17/4/25,Pn3x6,1580,,,1/8,#G2AAF-ACA,,,,,,,,,,,390
L551,POm,17/4/25,Pn3x6,1580,1271,2,1/8,#G2AAF-ACA,,,,,,,,,,,390,80%,173,30/11/25,1098,18/11/25,173,30/11/25
L552,POm,17/4/25,Pn3x6,1580,1399,3,1/8,#G2AAF-ACA,,,,,,,,,,,390,89%,84,31/12/25,998,15/11/25,317,25/11/25,84,31/12/25
L553,POm,17/4/25,Pn3x6,1580,,,1/8,#G2AAF-ACA,,,,,,,,,,,390
L554,POm,17/4/25,BPcx6 unicorn,,1611,5,1/8,#G2AAF-ACA,,,,,,,,,,,390,,91,19/2/26,1051,29/10/25,222,15/11/25,206,10/12/25,41,29/1/26,91,19/2/26
L555,POm,17/4/25,BPcx6 unicorn,,1022,2,1/8,#G2AAF-ACA,,,,,,,,,,,390,,571,22/6/25,451,5/6/25,571,22/6/25
L556,POm,17/4/25,BPcx6 unicorn,,1858,6,1/8,#G2AAF-ACA,,,,,,,,,,,390,,84,18/2/26,1118,3/11/25,348,20/11/25,74,13/12/25,172,8/1/26,62,1/2/26,84,18/2/26
L557,POm,17/4/25,BPcx6 unicorn,,1415,5,1/8,#G2AAF-ACA,,,,,,,,,,,390,,57,6/4/26,777,21/11/25,332,14/12/25,163,8/1/26,86,16/2/26,57,6/4/26
L558,PSn,17/4/25,BPcx6 unicorn,,763,4,1/8,#A4BCB-CBB,,,,,,,,,,,390,,74,4/8/25,424,18/6/25,105,4/7/25,160,16/7/25,74,4/8/25
L559,PSn,17/4/25,BPcx6 unicorn,,,,1/8,#A4BCB-CBB,,,,,,,,,,,390
L560,PSn,17/4/25,Pn3x6,1580,153,2,1/8,#A4BCB-CBB,,,,,,,,,,,390,10%,34,17/10/25,119,26/9/25,34,17/10/25
L561,PSn,17/4/25,Pn3x6,1580,114,2,1/8,#A4BCB-CBB,,,,,,,,,,,390,7%,63,4/11/25,51,19/10/25,63,4/11/25
L562,PSn,17/4/25,Pn3x6,1580,419,4,1/8,#A4BCB-CBB,,,,,,,,,,,390,27%,126,19/11/25,120,9/10/25,85,23/10/25,88,4/11/25,126,19/11/25
L563,PSn,17/4/25,Pn3x6,1580,366,3,1/8,#A4BCB-CBB,,,,,,,,,,,390,23%,136,15/11/25,164,15/10/25,66,4/11/25,136,15/11/25
L564,PSn,17/4/25,Pn3x6,1580,386,6,1/8,#A4BCB-CBB,,,,,,,,,,,390,24%,28,1/12/25,138,9/10/25,80,23/10/25,69,6/11/25,47,17/11/25,24,30/11/25,28,1/12/25
L565,PSn,17/4/25,Pn3x6,1580,157,3,1/8,#A4BCB-CBB,,,,,,,,,,,390,10%,32,9/11/25,103,10/10/25,22,25/10/25,32,9/11/25
L566,HUlcb,18/4/25,Pn3x6,1580,,,1/8,#X2B-2BA,,,,,,,,,,,389
L567,HUlcb,18/4/25,Pn3x6,1580,,,1/8,#X2B-2BA,,,,,,,,,,,389
L568,HUlcb,18/4/25,Pn3x6,1580,68,1,1/8,#X2B-2BA,,,,,,,,,,,389,4%,68,2/11/25,68,2/11/25
L569,HUlcb,18/4/25,Pn3x6,1580,512,3,1/8,#X2B-2BA,,,,,,,,,,,389,32%,11,18/11/25,340,12/10/25,161,8/11/25,11,18/11/25
L572,HUlcb,18/4/25,BPcx6 unicorn,,,,1/8,#X2B-2BA,,,,,,,,,,,389
L573,HUlcb,18/4/25,BPcx6 unicorn,,1426,3,1/8,#X2B-2BA,,,,,,,,,,,389,,456,9/11/25,373,31/5/25,597,18/6/25,456,9/11/25
L570,HUlcb,18/4/25,Pn3x6,1580,,,1/8,#X2B-2BA,,,,,,,,,,,389
L571,HUlcb,18/4/25,Pn3x6,1580,836,4,1/8,#X2B-2BA,,,,,,,,,,,389,53%,186,8/12/25,251,17/10/25,50,30/10/25,349,10/11/25,186,8/12/25
L574,HU22,29/4/25,Pn3x6,1580,1212,5,1/8,#B2DD-CB,,,,,,,,,,,378,77%,55,11/1/26,264,3/10/25,671,12/10/25,116,23/11/25,106,5/12/25,55,11/1/26
L575,HU22,29/4/25,Pn3x6,1580,,,1/8,#B2DD-CB,,,,,,,,,,,378
L576,HU22,29/4/25,Pn3x6,1580,,,1/8,#B2DD-CB,,,,,,,,,,,378
L577,HU22,29/4/25,Pn3x6,1580,1474,6,1/8,#B2DD-CB,,,,,,,,,,,378,93%,66,2/1/26,709,2/11/25,214,10/11/25,238,18/11/25,140,27/11/25,107,16/12/25,66,2/1/26
L578,HU22,29/4/25,Pn3x6,1580,335,2,1/8,#B2DD-CB,,,,,,,,,,,378,21%,93,12/12/25,242,17/11/25,93,12/12/25
L579,HU22,29/4/25,Pn3x6,1580,708,4,1/8,#B2DD-CB,,,,,,,,,,,378,45%,62,9/1/26,431,27/11/25,151,11/12/25,64,25/12/25,62,9/1/26
L580,HU22,29/4/25,Pn3x6,1580,1386,5,1/8,#B2DD-CB,,,,,,,,,,,378,88%,59,24/12/25,951,19/10/25,114,11/11/25,156,20/11/25,106,10/12/25,59,24/12/25
L581,HEg,29/4/25,Pn3x6,1580,,,1/8,#CBCBG-BF,,,,,,,,,,,378
L582,HEg,29/4/25,Pn3x6,1580,,,1/8,#CBCBG-BF,,,,,,,,,,,378
L583,HEg,29/4/25,Pn3x6,1580,159,1,1/8,#CBCBG-BF,,,,,,,,,,,378,10%,159,10/11/25,159,10/11/25
L584,HEg,29/4/25,Pn3x6,1580,287,1,1/8,#CBCBG-BF,,,,,,,,,,,378,18%,287,16/6/25,287,16/6/25
L585,HEg,29/4/25,Pn3x6,1580,,,1/8,#CBCBG-BF,,,,,,,,,,,378
L587,HEg,29/4/25,Pn3x6,1580,,,1/8,#CBCBG-BF,,,,,,,,,,,378
L588,HEg,29/4/25,Pn3x6,1580,,,1/8,#CBCBG-BF,,,,,,,,,,,378
L589,HCpp,29/4/25,Pn3x6,1580,47,1,1/8,#WAA,,,,,,,,,,,378,3%,47,7/11/25,47,7/11/25
L590,HCpp,29/4/25,Pn3x6,1580,1308,4,1/8,#WAA,,,,,,,,,,,378,83%,555,8/11/25,582,30/9/25,144,12/10/25,27,25/10/25,555,8/11/25
L591,HCpp,29/4/25,Pn3x6,1580,945,5,1/8,#WAA,,,,,,,,,,,378,60%,36,8/12/25,634,3/10/25,168,15/10/25,46,23/10/25,61,23/11/25,36,8/12/25
L592,HCpp,29/4/25,Pn3x6,1580,563,2,1/8,#WAA,,,,,,,,,,,378,36%,85,20/11/25,478,3/11/25,85,20/11/25
L593,HCpp,29/4/25,Pn3x6,1580,,,1/8,#WAA,,,,,,,,,,,378
L594,HCpp,29/4/25,Pn3x6,1580,223,2,1/8,#WAA,,,,,,,,,,,378,14%,124,11/11/25,99,9/10/25,124,11/11/25
L595,HCpp,29/4/25,Pn3x6,1580,608,1,1/8,#WAA,,,,,,,,,,,378,38%,608,15/6/25,608,15/6/25
L596,HCpp,29/4/25,Pn3x6,1580,622,1,1/8,#WAA,,,,,,,,,,,378,39%,622,4/6/25,622,4/6/25
R355,,,,,233,2,,,,,,,,,,,,,,,67,16/5/25,166,1/5/25,67,16/5/25
L474,,,,,481,2,,,,,,,,,,,,,,,243,16/5/25,238,1/5/25,243,16/5/25
R358,,,,,477,2,,,,,,,,,,,,,,,41,20/5/25,436,5/5/25,41,20/5/25
LL77,,,,,57,1,,,,,,,,,,,,,,,57,7/5/25,57,7/5/25
S262,POn,26/6/25,Ppx7,1850,2347,6,1/10,#Z3AAA-BAB,,,,,,,,,,,320,127%,37,7/8/25,1399,9/5/25,416,22/5/25,192,7/6/25,92,17/6/25,211,30/6/25,37,7/8/25
R370,,,,,873,6,,,,,,,,,,,,,,,41,5/8/25,61,10/5/25,374,24/5/25,235,4/6/25,84,14/6/25,78,26/6/25,41,5/8/25
R429,,,,,1366,2,,,,,,,,,,,,,,,112,13/6/25,1254,11/5/25,112,13/6/25
R356,,,,,76,1,,,,,,,,,,,,,,,76,11/5/25,76,11/5/25
S288,PSn,26/6/25,Ppx7,1850,2700,6,1/10,#A4BCB->CBA,,,,,,,,,,,320,146%,245,30/7/25,678,12/5/25,207,4/6/25,818,15/6/25,452,28/6/25,300,21/7/25,245,30/7/25
R428,,,,,1712,3,,,,,,,,,,,,,,,102,12/6/25,1162,14/5/25,448,23/5/25,102,12/6/25
R426,,,,,1842,3,,,,,,,,,,,,,,,250,9/6/25,1258,15/5/25,334,25/5/25,250,9/6/25
S278,HEg,26/6/25,Ppx7,1850,288,1,1/10,#CBCBG-BDA,,,,,,,,,,,320,16%,288,15/5/25,288,15/5/25
R357,,,,,435,3,,,,,,,,,,,,,,,42,18/6/25,256,15/5/25,137,4/6/25,42,18/6/25
S276,HEg,26/6/25,Ppx7,1850,103,1,1/10,#CBCBG-BDA,,,,,,,,,,,320,6%,103,16/5/25,103,16/5/25
R430,,,,,1390,1,,,,,,,,,,,,,,,1390,19/5/25,1390,19/5/25
S271,HEg,26/6/25,Ppx7,1850,116,1,1/10,#CBCBG-BDA,,,,,,,,,,,320,6%,116,19/5/25,116,19/5/25
R431,,,,,2083,3,,,,,,,,,,,,,,,497,26/6/25,1300,22/5/25,286,1/6/25,497,26/6/25
R371,,,,,1776,5,,,,,,,,,,,,,,,143,7/8/25,1039,24/5/25,350,5/6/25,131,18/6/25,113,30/6/25,143,7/8/25
S274,HEg,26/6/25,Ppx7,1850,147,1,1/10,#CBCBG-BDA,,,,,,,,,,,320,8%,147,25/5/25,147,25/5/25
R499,,,,,271,1,,,,,,,,,,,,,,,271,25/5/25,271,25/5/25
R425,,,,,2014,3,,,,,,,,,,,,,,,278,28/6/25,1220,26/5/25,516,5/6/25,278,28/6/25
S283,PSn,26/6/25,Ppx7,1850,1710,4,1/10,#A4BCB->CBA,,,,,,,,,,,320,92%,64,7/1/26,598,30/5/25,369,21/6/25,679,19/7/25,64,7/1/26
R368,,,,,1055,3,,,,,,,,,,,,,,,65,24/7/25,679,1/6/25,311,12/6/25,65,24/7/25
S267,POn,26/6/25,Ppx7,1850,2187,3,1/10,#Z3AAA-BAB,,,,,,,,,,,320,118%,197,28/7/25,1344,2/6/25,646,20/6/25,197,28/7/25
S289,PSn,26/6/25,Ppx7,1850,758,2,1/10,#A4BCB->CBA,,,,,,,,,,,320,41%,132,11/8/25,626,3/6/25,132,11/8/25
S270,HEg,26/6/25,Ppx7,1850,99,1,1/10,#CBCBG-BDA,,,,,,,,,,,320,5%,99,3/6/25,99,3/6/25
R369,,,,,611,2,,,,,,,,,,,,,,,95,3/7/25,516,4/6/25,95,3/7/25
S265,POn,26/6/25,Ppx7,1850,2404,4,1/10,#Z3AAA-BAB,,,,,,,,,,,320,130%,480,28/7/25,750,7/6/25,795,18/6/25,379,4/7/25,480,28/7/25
R43,LEm,4/9/25,0,,283,1,1/8,#ZCB-CCA,,,,,,,,,,,250,,283,7/6/25,283,7/6/25
R445,,,,,1151,4,,,,,,,,,,,,,,,60,5/8/25,572,9/6/25,478,26/6/25,41,27/7/25,60,5/8/25
L476,,,,,222,1,,,,,,,,,,,,,,,222,11/6/25,222,11/6/25
L353,,,,,189,1,,,,,,,,,,,,,,,189,11/6/25,189,11/6/25
R 400,,,,,115,1,,,,,,,,,,,,,,,115,13/6/25,115,13/6/25
S318,HUn,28/4/25,Pn3x6,1580,1409,7,1/9,#CHADAB,,,,,,,,,,,379,89%,53,14/3/26,230,16/6/25,499,30/11/25,217,1/12/25,68,18/12/25,162,30/12/25,180,2/2/26,53,14/3/26
L621,LE3790,6/6/25,Pcx7,,,,1/8,#A2BAB-BAB,,,,,,,,,,,340
L622,LE3790,6/6/25,Pcx7,,,,1/8,#A2BAB-BAB,,,,,,,,,,,340
L623,LE3790,6/6/25,Pcx7,,,,1/8,#A2BAB-BAB,,,,,,,,,,,340
L624,LE3790,6/6/25,Pcx7,,,,1/8,#A2BAB-BAB,,,,,,,,,,,340
L625,LE3790,6/6/25,Pcx7,,,,1/8,#A2BAB-BAB,,,,,,,,,,,340
L626,LE3790,6/6/25,Pcx7,,,,1/8,#A2BAB-BAB,,,,,,,,,,,340
L627,LE3790,6/6/25,Pcx7,,,,1/8,#A2BAB-BAB,,,,,,,,,,,340
L628,LE3790,6/6/25,Pcx7,,,,1/8,#A2BAB-BAB,,,,,,,,,,,340
R510,,,,,525,1,,,,,,,,,,,,,,,525,16/6/25,525,16/6/25
R518,,,,,314,1,,,,,,,,,,,,,,,314,17/6/25,314,17/6/25
S316,HUn,28/4/25,Pn3x6,1580,927,2,1/9,#CHADAB,,,,,,,,,,,379,59%,209,26/7/25,718,19/6/25,209,26/7/25
L354,,,,,214,1,,,,,,,,,,,,,,,214,21/6/25,214,21/6/25
L357,,,,,39,1,,,,,,,,,,,,,,,39,21/6/25,39,21/6/25
S273,HEg,26/6/25,Ppx7,1850,96,1,1/10,#CBCBG-BDA,,,,,,,,,,,320,5%,96,24/6/25,96,24/6/25
R453,,,,,439,1,,,,,,,,,,,,,,,439,25/6/25,439,25/6/25
L358,,,,,77,1,,,,,,,,,,,,,,,77,25/6/25,77,25/6/25
L355,,,,,151,1,,,,,,,,,,,,,,,151,25/6/25,151,25/6/25
R504,,,,,629,1,,,,,,,,,,,,,,,629,26/6/25,629,26/6/25
R421,,,,,225,1,,,,,,,,,,,,,,,225,30/6/25,225,30/6/25
S258,HEn,14/2/25,Pn3x6,1580,229,1,1/10,#14AO-A,,,,,,,,,,,453,14%,229,19/7/25,229,19/7/25
R433,,,,,900,2,,,,,,,,,,,,,,,297,7/8/25,603,21/7/25,297,7/8/25
R46,LEm,4/9/25,0,,29,1,1/8,#ZCB-CCA,,,,,,,,,,,250,,29,21/7/25,29,21/7/25
R47,LEm,4/9/25,0,,29,1,1/8,#ZCB-CCA,,,,,,,,,,,250,,29,21/7/25,29,21/7/25
L644,LEfr,27/6/25,Pcx7,,1489,1,1/8,#C2-BER-DCSA,,,,,,,,,,,319,,1489,10/2/26,1489,10/2/26
L645,LEfr,27/6/25,Pcx7,,1564,1,1/8,#C2-BER-DCSA,,,,,,,,,,,319,,1564,20/12/25,1564,20/12/25
L646,LEfr,27/6/25,Pcx7,,1417,2,1/8,#C2-BER-DCSA,,,,,,,,,,,319,,82,2/2/26,1335,12/12/25,82,2/2/26
L647,LEfr,27/6/25,Pcx7,,963,1,1/8,#C2-BER-DCSA,,,,,,,,,,,319,,963,11/12/25,963,11/12/25
L648,LEfr,27/6/25,Pcx7,,1517,1,1/8,#C2-BER-DCSA,,,,,,,,,,,319,,1517,20/12/25,1517,20/12/25
L649,LEfr,27/6/25,Pcx7,,1305,1,1/8,#C2-BER-DCSA,,,,,,,,,,,319,,1305,7/2/26,1305,7/2/26
L650,LEfr,27/6/25,Pcx7,,988,2,1/8,#C2-BER-DCSA,,,,,,,,,,,319,,89,6/3/26,899,17/2/26,89,6/3/26
L651,LEfr,27/6/25,Pcx7,,1529,1,1/8,#C2-BER-DCSA,,,,,,,,,,,319,,1529,26/1/26,1529,26/1/26
L652,PAb,27/6/25,Pn3x7,,233,2,1/8,#S2AA-ABA,,,,,,,,,,,319,,114,7/1/26,119,16/11/25,114,7/1/26
L653,PAb,27/6/25,Pn3x7,,1382,2,1/8,#S2AA-ABA,,,,,,,,,,,319,,170,25/11/25,1212,17/10/25,170,25/11/25
L654,PAb,27/6/25,Pn3x7,,1071,2,1/8,#S2AA-ABA,,,,,,,,,,,319,,223,13/12/25,848,27/11/25,223,13/12/25
L655,PAb,27/6/25,Pn3x7,,,,1/8,#S2AA-ABA,,,,,,,,,,,319
L656,PAb,27/6/25,Pn3x7,,,,1/8,#S2AA-ABA,,,,,,,,,,,319
L657,PAb,27/6/25,Pn3x7,,,,1/8,#S2AA-ABA,,,,,,,,,,,319
L658,PAb,27/6/25,Pn3x7,,,,1/8,#S2AA-ABA,,,,,,,,,,,319
L659,PAb,27/6/25,Pn3x7,,660,1,1/8,#S2AA-ABA,,,,,,,,,,,319,,660,24/11/25,660,24/11/25
L661,LE3790,28/6/25,Pn3x7,,,,1/8,#A2BAB-BASC,,,,,,,,,,,318
L662,LE3790,28/6/25,Pn3x7,,739,2,1/8,#A2BAB-BASC,,,,,,,,,,,318,,412,26/1/26,327,12/1/26,412,26/1/26
L663,LE3790,28/6/25,Pn3x7,,996,1,1/8,#A2BAB-BASC,,,,,,,,,,,318,,996,2/2/26,996,2/2/26
L664,LE3790,28/6/25,Pn3x7,,1153,1,1/8,#A2BAB-BASC,,,,,,,,,,,318,,1153,14/2/26,1153,14/2/26
L665,LE3790,28/6/25,Pn3x7,,1440,2,1/8,#A2BAB-BASC,,,,,,,,,,,318,,378,27/1/26,1062,29/11/25,378,27/1/26
L666,LE3790,28/6/25,Pn3x7,,1166,1,1/8,#A2BAB-BASC,,,,,,,,,,,318,,1166,3/12/25,1166,3/12/25
L667,LE3790,28/6/25,Pn3x7,,767,2,1/8,#A2BAB-BASC,,,,,,,,,,,318,,541,13/2/26,226,1/2/26,541,13/2/26
L668,LE3790,28/6/25,Pn3x7,,992,1,1/8,#A2BAB-BASC,,,,,,,,,,,318,,992,11/12/25,992,11/12/25
L356,,,,,30,1,,,,,,,,,,,,,,,30,4/8/25,30,4/8/25
R34,LEfr,4/9/25,0,,,,1/8,#C2BE-RB,,,,,,,,,,,250
R45,LEm,4/9/25,0,,,,1/8,#ZCB-CCA,,,,,,,,,,,250
S231-S236,POm,14/2/25,Pn3x6,1580,,,1/9,#G2AAF-CCB,,,,,,,,,,,453
S231,POm,14/2/25,Pn3x6,1580,,,1/9,#G2AAF-CCB,,,,,,,,,,,453
S232,POm,14/2/25,Pn3x6,1580,,,1/9,#G2AAF-CCB,,,,,,,,,,,453
S233,POm,14/2/25,Pn3x6,1580,684,3,1/9,#G2AAF-CCB,,,,,,,,,,,453,43%,62,6/12/25,537,13/11/25,85,27/11/25,62,6/12/25
S234,POm,14/2/25,Pn3x6,1580,,,1/9,#G2AAF-CCB,,,,,,,,,,,453
S235,POm,14/2/25,Pn3x6,1580,,,1/9,#G2AAF-CCB,,,,,,,,,,,453
S236,POm,14/2/25,Pn3x6,1580,,,1/9,#G2AAF-CCB,,,,,,,,,,,453
S237,POm,14/2/25,Pn310x6,1415,,,1/9,#G2AAF-CCB,,,,,,,,,,,453
S238,POm,14/2/25,Pn310x6,1415,,,1/9,#G2AAF-CCB,,,,,,,,,,,453
S240,PAb,14/2/25,Pn3x6,1580,,,1/9,#S2AA-BFB,,,,,,,,,,,453
S241,PAb,14/2/25,Pn3x6,1580,,,1/9,#S2AA-BFB,,,,,,,,,,,453
S242,PAb,14/2/25,Pn3x6,1580,,,1/9,#S2AA-BFB,,,,,,,,,,,453
S243,PAb,14/2/25,Pn3x6,1580,,,1/9,#S2AA-BFB,,,,,,,,,,,453
S244,PAb,14/2/25,Pn3x6,1580,,,1/9,#S2AA-BFB,,,,,,,,,,,453
S245,PAb,14/2/25,Pn3x6,1580,47,1,1/9,#S2AA-BFB,,,,,,,,,,,453,3%,47,29/11/25,47,29/11/25
S246,PAb,14/2/25,Pn3x6,1580,,,1/9,#S2AA-BFB,,,,,,,,,,,453
S249,HEn,14/2/25,Pn310x6,1415,,,1/10,#14AO-A,,,,,,,,,,,453
S247,PAb,14/2/25,Pn310x6,1415,,,1/9,#S2AA-BFB,,,,,,,,,,,453
S248,PAb,14/2/25,Pn310x6,1415,,,1/9,#S2AA-BFB,,,,,,,,,,,453
S250,HEn,14/2/25,Pn310x6,1415,,,1/10,#14AO-A,,,,,,,,,,,453
S252,HEn,14/2/25,Pn310x6,1415,,,1/10,#14AO-A,,,,,,,,,,,453
S253,HEn,14/2/25,Pn310x6,1415,,,1/10,#14AO-A,,,,,,,,,,,453
S254,HEn,14/2/25,Pn3x6,1580,,,1/10,#14AO-A,,,,,,,,,,,453
S255,HEn,14/2/25,Pn3x6,1580,,,1/10,#14AO-A,,,,,,,,,,,453
S256,HEn,14/2/25,Pn3x6,1580,,,1/10,#14AO-A,,,,,,,,,,,453
S257,HEn,14/2/25,Pn3x6,1580,,,1/10,#14AO-A,,,,,,,,,,,453
S300,GLg,28/4/25,Pn3x6,1580,37,1,1/8,#YD-BYA,,,,,,,,,,,379,2%,37,17/4/26,37,17/4/26
S301,GLg,28/4/25,Pn3x6,1580,,,1/8,#YD-BYA,,,,,,,,,,,379
S302,GLg,28/4/25,Pn3x6,1580,,,1/8,#YD-BYA,,,,,,,,,,,379
S303,GLg,28/4/25,Pn3x6,1580,,,1/8,#YD-BYA,,,,,,,,,,,379
S304,GLg,28/4/25,Pn3x6,1580,,,1/8,#YD-BYA,,,,,,,,,,,379
S305,GLg,28/4/25,Pn3x6,1580,,,1/8,#YD-BYA,,,,,,,,,,,379
S306,GLg,28/4/25,Pn3x6,1580,,,1/8,#YD-BYA,,,,,,,,,,,379
S307,GLg,28/4/25,Pn3x6,1580,64,1,1/8,#YD-BYA,,,,,,,,,,,379,4%,64,20/4/26,64,20/4/26
S310,HUn,28/4/25,Pn3x6,1580,1183,5,1/9,#CHADAB,,,,,,,,,,,379,75%,47,27/1/26,599,20/10/25,367,9/11/25,94,29/11/25,76,27/12/25,47,27/1/26
S311,HUn,28/4/25,Pn3x6,1580,,,1/9,#CHADAB,,,,,,,,,,,379
S312,HUn,28/4/25,Pn3x6,1580,1003,6,1/9,#CHADAB,,,,,,,,,,,379,63%,66,20/1/26,307,12/10/25,114,24/10/25,288,17/11/25,75,29/11/25,153,4/1/26,66,20/1/26
S313,HUn,28/4/25,Pn3x6,1580,1929,7,1/9,#CHADAB,,,,,,,,,,,379,122%,110,7/2/26,988,29/9/25,406,1/11/25,173,3/12/25,118,16/12/25,88,2/1/26,46,21/1/26,110,7/2/26
S314,HUn,28/4/25,Pn3x6,1580,,,1/9,#CHADAB,,,,,,,,,,,379
S315,HUn,28/4/25,Pn3x6,1580,672,4,1/9,#CHADAB,,,,,,,,,,,379,43%,48,5/3/26,448,14/11/25,116,4/12/25,60,12/1/26,48,5/3/26
S317,HUn,28/4/25,Pn3x6,1580,1493,6,1/9,#CHADAB,,,,,,,,,,,379,94%,117,13/12/25,715,23/9/25,124,10/10/25,335,19/10/25,70,8/11/25,132,18/11/25,117,13/12/25
S320,PCme,28/4/25,Pn3x6,1580,897,6,1/8,#L4B-AAC,,,,,,,,,,,379,57%,42,2/1/26,34,4/10/25,267,17/10/25,318,29/10/25,165,11/11/25,71,30/11/25,42,2/1/26
S321,PCme,28/4/25,Pn3x6,1580,216,1,1/8,#L4B-AAC,,,,,,,,,,,379,14%,216,12/11/25,216,12/11/25
S322,PCme,28/4/25,Pn3x6,1580,,,1/8,#L4B-AAC,,,,,,,,,,,379
S323,PCme,28/4/25,Pn3x6,1580,,,1/8,#L4B-AAC,,,,,,,,,,,379
S324,PCme,28/4/25,Pn3x6,1580,,,1/8,#L4B-AAC,,,,,,,,,,,379
S325,PCme,28/4/25,Pn3x6,1580,236,6,1/8,#L4B-AAC,,,,,,,,,,,379,15%,-877,24/1/26,435,30/9/25,261,12/10/25,152,25/10/25,147,9/11/25,118,29/11/25,-877,24/1/26
S326,PCme,28/4/25,Pn3x6,1580,1512,5,1/8,#L4B-AAC,,,,,,,,,,,379,96%,141,25/11/25,533,3/10/25,372,14/10/25,305,26/10/25,161,8/11/25,141,25/11/25
S400,LEfr,24/6/25,Pcx7,,1272,1,1/9,#C2-BECDCSB,,,,,,,,,,,322,,1272,26/1/26,1272,26/1/26
S401,LEfr,24/6/25,Pcx7,,1566,1,1/9,#C2-BECDCSB,,,,,,,,,,,322,,1566,7/1/26,1566,7/1/26
S402,LEfr,24/6/25,Pcx7,,1083,1,1/9,#C2-BECDCSB,,,,,,,,,,,322,,1083,17/1/26,1083,17/1/26
S403,LEfr,24/6/25,Pcx7,,1420,1,1/9,#C2-BECDCSB,,,,,,,,,,,322,,1420,7/12/25,1420,7/12/25
S404,LEfr,24/6/25,Pcx7,,1835,2,1/9,#C2-BECDCSB,,,,,,,,,,,322,,1433,4/1/26,402,25/12/25,1433,4/1/26
S405,LEfr,24/6/25,Pcx7,,1234,2,1/9,#C2-BECDCSB,,,,,,,,,,,322,,175,12/2/26,1059,29/1/26,175,12/2/26
S406,LEfr,24/6/25,Pcx7,,1415,1,1/9,#C2-BECDCSB,,,,,,,,,,,322,,1415,2/1/26,1415,2/1/26
S407,LEfr,24/6/25,Pcx7,,1070,2,1/9,#C2-BECDCSB,,,,,,,,,,,322,,272,2/1/26,798,27/12/25,272,2/1/26
S408,LEfr,24/6/25,Ppx7,1850,413,1,1/9,#C2-BECDCSB,,,,,,,,,,,322,22%,413,8/11/25,413,8/11/25
S409,PApp,24/6/25,Ppx7,1850,1554,3,1/8,#W4SB,,,,,,,,,,,322,84%,165,11/12/25,1059,7/11/25,330,24/11/25,165,11/12/25
S410,PApp,24/6/25,Ppx7,1850,1810,4,1/8,#W4SB,,,,,,,,,,,322,98%,116,2/1/26,235,3/10/25,1353,19/10/25,106,13/12/25,116,2/1/26
S411,PApp,24/6/25,Ppx7,1850,1131,3,1/8,#W4SB,,,,,,,,,,,322,61%,308,7/1/26,767,10/11/25,56,18/12/25,308,7/1/26
S412,PApp,24/6/25,Ppx7,1850,1779,3,1/8,#W4SB,,,,,,,,,,,322,96%,175,1/12/25,1207,29/10/25,397,15/11/25,175,1/12/25
S413,PApp,24/6/25,Ppx7,1850,,,1/8,#W4SB,,,,,,,,,,,322
S414,PApp,24/6/25,Ppx7,1850,1728,3,1/8,#W4SB,,,,,,,,,,,322,93%,341,12/1/26,921,6/11/25,466,10/12/25,341,12/1/26
S415,PApp,24/6/25,Ppx7,1850,1598,3,1/8,#W4SB,,,,,,,,,,,322,86%,93,12/12/25,1127,8/11/25,378,23/11/25,93,12/12/25
S416,PApp,24/6/25,Ppx7,1850,2063,5,1/8,#W4SB,,,,,,,,,,,322,112%,84,4/1/26,239,7/10/25,1200,17/10/25,475,1/11/25,65,13/12/25,84,4/1/26
S417,HUn,26/6/25,Ppx7,1850,1169,3,1/8,#C4ADASD,,,,,,,,,,,320,63%,131,18/12/25,861,4/10/25,177,9/11/25,131,18/12/25
S418,HUn,26/6/25,Ppx7,1850,1388,7,1/8,#C4ADASD,,,,,,,,,,,320,75%,64,18/12/25,731,5/10/25,178,13/10/25,116,23/10/25,147,1/11/25,34,11/11/25,118,23/11/25,64,18/12/25
S419,HUn,26/6/25,Ppx7,1850,1502,5,1/8,#C4ADASD,,,,,,,,,,,320,81%,34,11/1/26,1147,12/10/25,242,1/11/25,56,27/11/25,23,19/12/25,34,11/1/26
S420,HUn,26/6/25,Ppx7,1850,1363,4,1/8,#C4ADASD,,,,,,,,,,,320,74%,23,11/1/26,967,9/10/25,261,1/11/25,112,30/11/25,23,11/1/26
S421,HUn,26/6/25,Ppx7,1850,1499,4,1/8,#C4ADASD,,,,,,,,,,,320,81%,25,5/12/25,1242,6/10/25,173,26/10/25,59,7/11/25,25,5/12/25
S422,HUn,26/6/25,Ppx7,1850,1524,5,1/8,#C4ADASD,,,,,,,,,,,320,82%,129,30/1/26,768,10/10/25,300,3/11/25,187,14/11/25,140,19/12/25,129,30/1/26
S423,HUn,26/6/25,Ppx7,1850,1673,6,1/8,#C4ADASD,,,,,,,,,,,320,90%,80,7/2/26,1056,5/10/25,273,26/10/25,51,13/11/25,53,23/11/25,160,8/12/25,80,7/2/26
S424,HUn,26/6/25,Ppx7,1850,1520,9,1/8,#C4ADASD,,,,,,,,,,,320,82%,48,11/4/26,569,10/10/25,143,20/11/25,181,10/12/25,241,6/1/26,116,31/1/26,57,24/2/26,125,16/3/26,40,22/02,48,11/4/26
S260,POn,26/6/25,Ppx7,1850,620,4,1/10,#Z3AAA-BAB,,,,,,,,,,,320,34%,26,12/12/25,536,13/10/25,32,4/11/25,26,15/11/25,26,12/12/25
S261,POn,26/6/25,Ppx7,1850,447,2,1/10,#Z3AAA-BAB,,,,,,,,,,,320,24%,46,15/11/25,401,17/10/25,46,15/11/25
S263,POn,26/6/25,Ppx7,1850,,,1/10,#Z3AAA-BAB,,,,,,,,,,,320
S264,POn,26/6/25,Ppx7,1850,790,4,1/10,#Z3AAA-BAB,,,,,,,,,,,320,43%,80,30/12/25,562,2/11/25,108,11/11/25,40,23/11/25,80,30/12/25
S266,POn,26/6/25,Ppx7,1850,447,2,1/10,#Z3AAA-BAB,,,,,,,,,,,320,24%,85,23/11/25,362,30/10/25,85,23/11/25
S268,POn,26/6/25,Ppx7,1850,938,6,1/10,#Z3AAA-BAB,,,,,,,,,,,320,51%,48,16/2/26,579,15/11/25,104,2/12/25,120,14/12/25,28,2/1/26,59,17/1/26,48,16/2/26
S269,POn,26/6/25,Ppx7,1850,,,1/10,#Z3AAA-BAB,,,,,,,,,,,320
S272,HEg,26/6/25,Ppx7,1850,,,1/10,#CBCBG-BDA,,,,,,,,,,,320
S275,HEg,26/6/25,Ppx7,1850,,,1/10,#CBCBG-BDA,,,,,,,,,,,320
S277,HEg,26/6/25,Ppx7,1850,,,1/10,#CBCBG-BDA,,,,,,,,,,,320
S279,HEg,26/6/25,Ppx7,1850,,,1/10,#CBCBG-BDA,,,,,,,,,,,320
S280,PSn,26/6/25,Ppx7,1850,,,1/10,#A4BCB->CBA,,,,,,,,,,,320
S281,PSn,26/6/25,Ppx7,1850,,,1/10,#A4BCB->CBA,,,,,,,,,,,320
S282,PSn,26/6/25,Ppx7,1850,,,1/10,#A4BCB->CBA,,,,,,,,,,,320
S284,PSn,26/6/25,Ppx7,1850,,,1/10,#A4BCB->CBA,,,,,,,,,,,320
S285,PSn,26/6/25,Ppx7,1850,,,1/10,#A4BCB->CBA,,,,,,,,,,,320
S287,PSn,26/6/25,Ppx7,1850,,,1/10,#A4BCB->CBA,,,,,,,,,,,320
R521,,,,,951,5,,,,,,,,,,,,,,,57,29/11/25,381,26/9/25,208,9/10/25,124,23/10/25,181,9/11/25,57,29/11/25
R520,,,,,949,5,,,,,,,,,,,,,,,107,19/11/25,191,26/9/25,328,4/10/25,201,19/10/25,122,2/11/25,107,19/11/25
R452,,,,,1444,6,,,,,,,,,,,,,,,78,7/4/26,595,29/9/25,465,12/10/25,118,7/11/25,144,27/11/25,44,8/2/26,78,7/4/26
R494,,,,,1753,6,,,,,,,,,,,,,,,134,10/12/25,667,29/9/25,180,10/10/25,171,19/10/25,328,27/10/25,273,20/11/25,134,10/12/25
L609,LEfr,8/5/2025,Pn3x6,1580,1731,3,1/8,#C2BEC-BCB,,,,,,,,,,,73048132,110%,43,14/3/26,78,30/9/25,1610,19/10/25,43,14/3/26
LL422,,,,,149,1,,,,,,,,,,,,,,,149,1/10/25,149,1/10/25
R495,,,,,433,5,,,,,,,,,,,,,,,78,27/11/25,149,6/10/25,80,19/10/25,85,1/11/25,41,15/11/25,78,27/11/25
R486,,,,,1847,5,,,,,,,,,,,,,,,54,19/12/25,1319,6/10/25,297,19/10/25,28,20/11/25,149,29/11/25,54,19/12/25
L632,,,,,695,3,,,,,,,,,,,,,,,48,21/11/25,484,8/10/25,163,23/10/25,48,21/11/25
L599,HEn,8/5/2025,Pn3x6,1580,1115,3,1/8,#W3EAAA,,,,,,,,,,,73048132,71%,30,11/11/25,854,9/10/25,231,24/10/25,30,11/11/25
R597,,,,,55,1,,,,,,,,,,,,,,,55,9/10/25,55,9/10/25
L629,,,,,890,4,,,,,,,,,,,,,,,35,24/11/25,493,13/10/25,294,26/10/25,68,9/11/25,35,24/11/25
L597,HEn,8/5/2025,Pn3x6,1580,25,1,1/8,#W3EAAA,,,,,,,,,,,73048132,2%,25,15/10/25,25,15/10/25
L612,LEfr,8/5/2025,Pn3x6,1580,997,1,1/8,#C2BEC-BCB,,,,,,,,,,,73048132,63%,997,15/10/25,997,15/10/25
R444,,,,,486,3,,,,,,,,,,,,,,,98,27/11/25,313,17/10/25,75,6/11/25,98,27/11/25
L611,LEfr,8/5/2025,Pn3x6,1580,1972,2,1/8,#C2BEC-BCB,,,,,,,,,,,73048132,125%,1728,10/12/25,244,19/10/25,1728,10/12/25
S494,,,,,431,1,,,,,,,,,,,,,,,431,19/10/25,431,19/10/25
R497,,,,,1121,5,,,,,,,,,,,,,,,73,11/1/26,332,19/10/25,498,10/11/25,56,3/12/25,162,12/12/25,73,11/1/26
R440,,,,,251,2,,,,,,,,,,,,,,,142,11/11/25,109,19/10/25,142,11/11/25
R485,,,,,1734,3,,,,,,,,,,,,,,,303,3/12/25,1381,20/10/25,50,2/11/25,303,3/12/25
R441,,,,,241,2,,,,,,,,,,,,,,,111,23/11/25,130,26/10/25,111,23/11/25
R446,,,,,74,1,,,,,,,,,,,,,,,74,28/10/25,74,28/10/25
R442,,,,,175,2,,,,,,,,,,,,,,,37,23/11/25,138,28/10/25,37,23/11/25
N1,HUn,28/10/25,Pn3x6,1580,,,1/8,#COADABC,,,,,,,,,,,194
N2,HUn,28/10/25,Pn3x6,1580,,,1/8,#COADABC,,,,,,,,,,,194
N3,HUn,28/10/25,Pn3x6,1580,150,1,1/8,#COADABC,,,,,,,,,,,194,9%,150,15/05/2026,150,15/05/2026
N4,HUn,28/10/25,Pn3x6,1580,143,1,1/8,#COADABC,,,,,,,,,,,194,9%,143,7/2/26,143,7/2/26
N5,HUn,28/10/25,Pn3x6,1580,1351,6,1/8,#COADABC,,,,,,,,0,,,194,86%,74,25/4/26,476,2/1/26,471,8/2/26,174,4/3/26,87,21/3/26,69,11/4/26,74,25/4/26
N6,HUn,28/10/25,Pn3x6,1580,,,1/8,#COADABC,,,,,,,,,,,194
N7,HUn,28/10/25,Pn3x6,1580,,,1/8,#COADABC,,,,,,,,,,,194
N8,HUn,28/10/25,Pn3x6,1580,2073,9,1/8,#COADABC,,,,,,,,,,,194,131%,65,18/5/26,1056,21/1/26,121,7/2/26,216,9/3/26,73,26/3/26,110,22/02,216,5/4/26,27,17/4/26,189,28/4/26,65,18/5/26
N9,HUn,29/10/25,Pn3x6,1580,2043,10,1/8,#C4ADB,,,,,,,,,,,193,129%,108,1/6/26,119,25/12/25,233,1/2/26,220,16/2/26,239,16/3/26,420,30/3/26,359,19/4/26,123,10.8,183,11/5/26,39,25/05/2026,108,1/6/26
N10,HUn,29/10/25,Pn3x6,1580,2096,7,1/8,#C4ADB,,,,,,,,,,,193,133%,50,9/4/26,1172,11/12/25,363,8/1/26,235,5/2/26,52,17/2/26,144,6/3/26,80,23/3/26,50,9/4/26
N11,HUn,29/10/25,Pn3x6,1580,,,1/8,#C4ADB,,,,,,,,,,,193
N12,HUn,29/10/25,Pn3x6,1580,1894,8,1/8,#C4ADB,,,,,,,,0,,,193,120%,16,16/5/26,1159,15/12/25,172,15/1/26,177,7/2/26,199,17/2/26,96,7/3/26,34,8/4/26,41,20/4/26,16,16/5/26
N13,HUn,29/10/25,Pn3x6,1580,2124,11,1/8,#C4ADB,,,,,,,,,,,193,134%,75,9/5/26,833,12/12/25,83,24/12/25,162,9/1/26,42,17/1/26,270,26/1/26,267,17/2/26,128,5/3/26,121,18/3/26,67,7/4/26,76,16/4/26,75,9/5/26
N14,HUn,29/10/25,Pn3x6,1580,2098,6,1/8,#C4ADB,,,,,,,,,,,193,133%,79,6/4/26,1188,19/12/25,268,17/1/26,119,5/2/26,178,17/2/26,266,13/3/26,79,6/4/26
N15,HUn,29/10/25,Pn3x6,1580,1735,4,1/8,#C4ADB,,,,,,,,0,,,193,110%,16,22/02,1239,16/12/25,243,9/1/26,237,5/2/26,16,22/02
N16,HUn,29/10/25,Pn3x6,1580,,,1/8,#C4ADB,,,,,,,,,,,193
N17,LEfr,29/10/25,Pcx6,1580,988,2,1/8,#C2BEC-BCC,,,,,,,,72,,,193,63%,822,11/4/26,166,1/3/26,822,11/4/26
N18,LEfr,29/10/25,Pcx6,1580,1094,1,1/8,#C2BEC-BCC,,,,,,,,,,,193,69%,1094,12/4/26,1094,12/4/26
N19,LEfr,29/10/25,Pcx6,1580,792,1,1/8,#C2BEC-BCC,,,,,,,,,,,193,50%,792,3/4/26,792,3/4/26
N20,LEfr,29/10/25,Pcx6,1580,1129,1,1/8,#C2BEC-BCC,,,,,,,,,,,193,71%,1129,5/4/26,1129,5/4/26
N21,LEfr,29/10/25,Pcx7,,1386,1,1/8,#C2BEC-BCC,,,,,,,,,,,193,,1386,16/3/26,1386,16/3/26
N22,LEfr,29/10/25,Pcx7,,843,1,1/8,#C2BEC-BCC,,,,,,,,,,,193,,843,6/3/26,843,6/3/26
N23,LEfr,29/10/25,Pcx7,,1964,1,1/8,#C2BEC-BCC,,,,,,,,,,,193,,1964,9/3/26,1964,9/3/26
N24,LEfr,29/10/25,Pcx7,,614,2,1/8,#C2BEC-BCC,,,,,,,,,,,193,,198,22/02,416,20/2/26,198,22/02
R496,,,,,456,4,,,,,,,,,,,,,,,58,12/12/25,235,29/10/25,80,14/11/25,83,27/11/25,58,12/12/25
R493,,,,,1382,3,,,,,,,,,,,,,,,73,18/12/25,1205,30/10/25,104,4/12/25,73,18/12/25
S526,,,,,62,1,,,,,,,,,,,,,,,62,1/11/25,62,1/11/25
R498,,,,,208,4,,,,,,,,,,,,,,,45,13/2/26,50,2/11/25,44,27/12/25,69,12/1/26,45,13/2/26
R461,,,,,1650,7,,,,,,,,,,,,,,,20,30/3/26,603,2/11/25,159,14/11/25,139,23/11/25,522,18/12/25,135,2/1/26,72,29/1/26,20,30/3/26
L605,LEfr,8/5/2025,Pn3x6,1580,1362,1,1/8,#C2BEC-BCB,,,,,,,,,,,73048132,86%,1362,2/11/25,1362,2/11/25
R458,,,,,1411,7,,,,,,,,,,0,,,,,52,21/4/26,711,3/11/25,135,13/11/25,318,23/11/25,101,29/12/25,66,29/1/26,28,4/3/26,52,21/4/26
L634,,,,,73,1,,,,,,,,,,,,,,,73,7/11/25,73,7/11/25
N25,PCme,6/11/25,Pn3x6,1580,,,1/8,#L4BBFB,,,,,,,,,,,186
N26,PCme,6/11/25,Pn3x6,1580,,,1/8,#L4BBFB,,,,,76,,,,,,186
N27,PCme,6/11/25,Pn3x6,1580,,,1/8,#L4BBFB,,,,,,,,,,,186
N28,PCme,6/11/25,Pn3x6,1580,962,1,1/8,#L4BBFB,,,,,185,,,,,,186,61%,962,7/1/26,962,7/1/26
N29,PCme,6/11/25,Pn3x6,1580,2345,6,1/8,#L4BBFB,,,,,,,,,,,186,148%,171,7.5,820,24/1/26,279,13/2/26,523,20/4/26,366,25/4,186,30/4,171,7.5
N30,PCme,6/11/25,Pn3x6,1580,,,1/8,#L4BBFB,,,,,,,,,,,186
N31,PCme,6/11/25,Pn3x6,1580,1551,4,1/8,#L4BBFB,,,,,,,,,,,186,98%,117,16/5/26,844,14/2/26,440,5/5,150,15/05/2026,117,16/5/26
N32,PCme,6/11/25,Pn3x6,1580,,,1/8,#L4BBFB,,,,,,,,,,,186
N33,PApp,6/11/25,Pn3x6,1580,638,1,1/8,#XAA,,,,,,,,,,,186,40%,638,18/4/26,638,18/4/26
N34,PApp,6/11/25,Pn3x6,1580,,,1/8,#XAA,,,,,,,,,,,186
N35,PApp,6/11/25,Pn3x6,1580,1172,2,1/8,#XAA,,,,,,,,,,,186,74%,449,25/4,723,28/3/26,449,25/4
N36,PApp,6/11/25,Pn3x6,1580,1503,3,1/8,#XAA,,,,,,,,0,,,186,95%,337,19/4/26,688,24/2/26,478,24/3/26,337,19/4/26
N37,PApp,6/11/25,Pn3x6,1580,993,2,1/8,#XAA,,,,,,,,,,,186,63%,245,17/5/26,748,14/3/26,245,17/5/26
N38,PApp,6/11/25,Pn3x6,1580,,,1/8,#XAA,,,,,,,,,,,186
N39,PApp,6/11/25,Pn3x6,1580,1405,3,1/8,#XAA,,,,,,,,,,,186,89%,271,21/4/26,362,23/3/26,772,22/02,271,21/4/26
N40,PApp,6/11/25,Pn3x6,1580,841,2,1/8,#XAA,,,,,,,,,,,186,53%,346,29/4/26,495,3/4/26,346,29/4/26
N41,LEm,7/11/25,Pcx6,1580,179,1,1/8,G1,,,,,,,,,,,185,11%,179,23/4/26,179,23/4/26
N42,LEm,7/11/25,Pcx6,1580,590,1,1/8,G1,,,,,,,,,,,185,37%,590,17/4/26,590,17/4/26
N43,LEm,7/11/25,Pcx6,1580,213,1,1/8,G1,,,,,,,,,,,185,13%,213,25/4/26,213,25/4/26
N44,LEm,7/11/25,Pcx6,1580,124,1,1/8,G1,,,,,,,,,,,185,8%,124,1/5/26,124,1/5/26
N45,LEm,7/11/25,Pcx7,,1242,1,1/8,G1,,,,,,,,,,,185,,1242,6/3/26,1242,6/3/26
N46,LEm,7/11/25,Pcx7,,799,1,1/8,G1,,,,,,,,,,,185,,799,28/3/26,799,28/3/26
N47,LEm,7/11/25,Pcx7,,964,1,1/8,G1,,,,,,,,,,,185,,964,22/3/26,964,22/3/26
N48,LEm,7/11/25,Pcx7,,1048,1,1/8,G1,,,,,,,,,,,185,,1048,10/3/26,1048,10/3/26
L660,,,,,397,2,,,,,,,,,,,,,,,72,5/3/26,325,9/11/25,72,5/3/26
R462,,,,,685,4,,,,,,,,,,,,,,,80,8/1/26,408,10/11/25,162,6/12/25,35,22/12/25,80,8/1/26
L601,,,,,899,3,,,,,,,,,,,,,,,193,16/12/25,606,10/11/25,100,2/12/25,193,16/12/25
R409,,,,,944,4,,,,,,,,,,,,,,,110,9/1/26,17,10/11/25,725,6/12/25,92,22/12/25,110,9/1/26
L602,,,,,1155,5,,,,,,,,,,,,,,,85,18/2/26,522,10/11/25,348,25/11/25,160,7/12/25,40,28/12/25,85,18/2/26
LL263,,,,,485,1,,,,,,,,,,,,,,,485,11/11/25,485,11/11/25
R459,,,,,1036,4,,,,,,,,,,,,,,,20,13/1/26,576,11/11/25,265,15/12/25,175,29/12/25,20,13/1/26
574,,,,,84,1,,,,,,,,,,,,,,,84,11/11/25,84,11/11/25
L603,,,,,1128,4,,,,,,,,,,,,,,,308,7/1/26,532,13/11/25,208,3/12/25,80,18/12/25,308,7/1/26
N49,PEmetax,17/11/25,Pn3x6,1580,1566,3,1/8,#?A,,,,,,,,,,,175,99%,128,26/3/26,1114,14/2/26,324,9/3/26,128,26/3/26
N50,PEmetax,17/11/25,Pn3x6,1580,698,2,1/8,#?A,,,,,,,,,,,175,44%,184,26/3/26,514,7/3/26,184,26/3/26
N51,PEmetax,17/11/25,Pn3x6,1580,,,1/8,#?A,,,,,,,,,,,175
N52,PEmetax,17/11/25,Pn3x6,1580,,,1/8,#?A,,,,,,,,,,,175
N53,PEmetax,17/11/25,Pn3x6,1580,1592,4,1/8,#?A,,,,,,,0,,,,175,101%,258,6/4/26,885,9/1/26,164,7/2/26,285,12/3/26,258,6/4/26
N54,PEmetax,17/11/25,Pn3x6,1580,1883,4,1/8,#?A,,,,,,,,,,,175,119%,292,1/3/26,1123,25/12/25,121,14/1/26,347,9/2/26,292,1/3/26
N55,PEmetax,17/11/25,Pn3x6,1580,,,1/8,#?A,,,,,,,,,,,175
N56,PEmetax,17/11/25,Pn3x6,1580,2357,3,1/8,#?A,,,,,,,,,,,175,149%,170,22/3/26,1583,7/2/26,604,5/3/26,170,22/3/26
N57,HU22,17/11/25,Pn3x6,1580,2202,8,1/8,#B2DD--BAD,,,,,,,,,,,175,139%,136,16/4/26,666,13/1/26,622,5/2/26,26,24/2/26,105,9/3/26,254,17/3/26,204,22/02,189,2/4/26,136,16/4/26
N58,HU22,17/11/25,Pn3x6,1580,2003,8,1/8,#B2DD--BAD,,,,,,,,,,,175,127%,146,30/5/2026,858,29/1/26,295,12/2/26,213,27/2/26,240,14/3/26,102,22/02,92,28/4/26,57,11/5/26,146,30/5/2026
N59,HU22,17/11/25,Pn3x6,1580,,,1/8,#B2DD--BAD,,,,,,,,,,,175
N60,HU22,17/11/25,Pn3x6,1580,2348,8,1/8,#B2DD--BAD,,,1,,,,,,,,175,149%,95,30/4/26,865,5/2/26,277,17/2/26,301,2/3/26,272,16/3/26,219,30/3/26,162,11/4/26,157,21/4/26,95,30/4/26
N61,HU22,17/11/25,Pn3x6,1580,2392,8,1/8,#B2DD--BAD,,,,,,,,,,,175,151%,23,8/5,1001,27/1/26,524,13/2/26,203,26/2/26,102,10/3/26,206,26/3/26,203,8/4/26,130,23/4/26,23,8/5
N62,HU22,17/11/25,Pn3x6,1580,,,1/8,#B2DD--BAD,,,,,,,,,,,175
N63,HU22,17/11/25,Pn3x6,1580,2029,7,1/8,#B2DD--BAD,,,,,,,,,,,175,128%,36,14/5/26,877,7/2/26,509,2/3/26,200,21/3/26,246,7/4/26,104,17/4/26,57,25/4/26,36,14/5/26
N64,HU22,17/11/25,Pn3x6,1580,2722,10,1/8,#B2DD--BAD,,,,,,83,,,,,175,172%,83,16/5/26,832,29/1/26,515,18/2/26,224,7/3/26,401,20/3/26,236,4/4/26,92,13/4/26,226,23/4/26,114,6/5,-1,7.5,83,16/5/26
N65,HCpp,17/11/25,Pn3x6,1580,,,1/8,#N4-AAA,,,,,,,,,,,175
N66,HCpp,17/11/25,Pn3x6,1580,876,8,1/8,#N4-AAA,,,,,,,,,,,175,55%,30,19/4/26,336,21/1/26,200,5/2/26,99,15/2/26,33,2/3/26,96,16/3/26,48,24/3/26,34,2/4/26,30,19/4/26
N67,HCpp,17/11/25,Pn3x6,1580,1139,7,1/8,#N4-AAA,,,,,,,,,,,175,72%,40,13/05/2026,551,24/1/26,149,5/2/26,62,19/2/26,105,26/3/26,78,22/02,154,19/4/26,40,13/05/2026
N68,HCpp,17/11/25,Pn3x6,1580,497,3,1/8,#N4-AAA,,,,,,,,,,,175,31%,66,23/4/26,336,26/3/26,95,9/4/26,66,23/4/26
N69,HCpp,17/11/25,Pn3x6,1580,377,5,1/8,#N4-AAA,,,,,,,,0,,,175,24%,21,16/5/26,111,1/3/26,141,12/3/26,64,28/3/26,40,30/4/26,21,16/5/26
N70,HCpp,17/11/25,Pn3x6,1580,824,6,1/8,#N4-AAA,,,,,,,,,,,175,52%,38,30/3/26,470,30/1/26,145,15/2/26,75,1/3/26,60,12/3/26,36,21/3/26,38,30/3/26
N71,HCpp,17/11/25,Pn3x6,1580,319,2,1/8,#N4-AAA,,,,,,,,,,,175,20%,55,28/3/26,264,17/3/26,55,28/3/26
N72,HCpp,17/11/25,Pn3x6,1580,529,6,1/8,#N4-AAA,,,,,,,,0,,,175,33%,77,25/4/26,108,17/2/26,100,2/3/26,114,22/3/26,69,5/4/26,61,15/4/26,77,25/4/26
N73,PEtun,17/11/25,Pn3x6,1580,1306,2,1/8,Jar #I2BB-BB,,,,,,,,,,,175,83%,482,26/3/26,824,21/1/26,482,26/3/26
L614,PEcorea,8/5/2025,Pn3x6,1580,1912,2,1/8,#F3AC-CAA,,,,,,,,,,,73048132,121%,772,8/12/25,1140,17/11/25,772,8/12/25
R460,,,,,1166,8,,,,,,,,,,,,,,,35,11/4/26,423,23/11/25,198,15/12/25,292,8/1/26,53,1/2/26,58,16/2/26,65,4/3/26,42,23/3/26,35,11/4/26
L604,,,,,1085,5,,,,,,,,,,0,,,,,45,12/2/26,401,23/11/25,491,10/12/25,98,27/12/25,50,14/1/26,45,12/2/26
L620,PEcorea,8/5/2025,Pn3x6,1580,2236,3,1/8,#F3AC-CAA,,,,,,,,0,,,73048132,142%,308,7/1/26,1338,24/11/25,590,12/12/25,308,7/1/26
L598,HEn,8/5/2025,Pn3x6,1580,84,1,1/8,#W3EAAA,,,,,,,,,,,73048132,5%,84,24/11/25,84,24/11/25
N74,HUn,24/11/25,Pn3x6,1580,2261,9,1/8,#C4AD-AAA,,,,,,,,,,,168,143%,147,30/5/2026,955,26/1/26,223,8/2/26,132,19/2/26,166,4/3/26,164,18/3/26,103,1/4/26,201,12/4/26,170,28/4/26,147,30/5/2026
N75,HUn,24/11/25,Pn3x6,1580,,,1/8,#C4AD-AAA,,,,,,,,,,,168
N76,HUn,24/11/25,Pn3x6,1580,,,1/8,#C4AD-AAA,,,,,,,,,,,168
N77,HUn,24/11/25,Pn3x6,1580,1897,8,1/8,#C4AD-AAA,,,,,,,,,,,168,120%,104,11/5/26,842,4/2/26,308,17/2/26,213,6/3/26,232,21/3/26,36,6/4/26,127,17/4/26,35,1/5/26,104,11/5/26
N78,HUn,24/11/25,Pn3x6,1580,2048,7,1/8,#C4AD-AAA,,,,,,,,,,,168,130%,282,4/4/26,751,22/1/26,264,3/2/26,282,15/2/26,203,27/2/26,191,12/3/26,75,26/3/26,282,4/4/26
N79,HUn,24/11/25,Pn3x6,1580,2410,9,1/8,#C4AD-AAA,,,,,,,,,,,168,153%,70,14/05/2026,1070,1/2/26,261,14/2/26,283,1/3/26,167,13/3/26,139,28/3/26,213,7/4/26,92,17/4/26,115,28/4/26,70,14/05/2026
N80,HUn,24/11/25,Pn3x6,1580,2523,11,1/8,#C4AD-AAA,,,,,,,,,1,,168,160%,23,31/06/2026,1207,29/1/26,329,14/2/26,162,26/2/26,171,16/3/26,135,30/3/26,210,11/4/26,89,25/4,21,26/4,71,28/4/26,105,14/5/26,23,31/06/2026
N81,HUn,24/11/25,Pn3x6,1580,,,1/8,#C4AD-AAA,,,,,,,,,,,168
N82,HUn,24/11/25,Pn3x6,1580,,,1/8,#C4AD-AAA,,,,,,,,,,,168
N83,PEcorea,24/11/25,Pn3x6,1580,1813,3,1/8,#F3AC-BA,,,,,,,,,,,168,115%,174,22/02,1356,7/2/26,283,22/3/26,174,22/02
N84,PEcorea,24/11/25,Pn3x6,1580,1742,3,1/8,#F3AC-BA,,,,,,,,,,,168,110%,260,26/3/26,1197,27/1/26,285,9/3/26,260,26/3/26
N85,PEcorea,24/11/25,Pn3x6,1580,1693,2,1/8,#F3AC-BA,,,,,,,,,,,168,107%,447,24/3/26,1246,27/1/26,447,24/3/26
N86,PEcorea,24/11/25,Pn3x6,1580,1062,2,1/8,#F3AC-BA,,,,,,,0,,,,168,67%,557,7/3/26,505,9/2/26,557,7/3/26
N87,PEcorea,24/11/25,Pn3x6,1580,,,1/8,#F3AC-BA,,,,,,,,,,,168
N88,PEcorea,24/11/25,Pn3x6,1580,,,1/8,#F3AC-BA,,,,,,,,,,,168
N89,PEcorea,24/11/25,Pn3x6,1580,1857,3,1/8,#F3AC-BA,,,,,,,0,,,,168,118%,128,3/4/26,1338,9/2/26,391,5/3/26,128,3/4/26
N90,PEcorea,24/11/25,Pn3x6,1580,737,1,1/8,#F3AC-BA,,,,,,,,,,,168,47%,737,21/3/26,737,21/3/26
N91,PCme,24/11/25,Pn3x6,1580,,,1/8,#?B-ABA,,,,,,,,,,,168
N92,PCme,24/11/25,Pn3x6,1580,,,1/8,#?B-ABA,,,,,,,,,,,168
N93,PCme,24/11/25,Pn3x6,1580,423,3,1/8,#?B-ABA,,,,,,,,,,,168,27%,45,03/06/2026,152,7.5,226,9/5/26,45,03/06/2026
N94,PCme,24/11/25,Pn3x6,1580,,,1/8,#?B-ABA,,,,,,,,,,,168
N95,PCme,24/11/25,Pn3x6,1580,1216,2,1/8,#?B-ABA,,,,,,,,,,,168,77%,167,15/05/2026,1049,16/2/26,167,15/05/2026
N96,PCme,24/11/25,Pn3x6,1580,1605,4,1/8,#?B-ABA,,,,,,,,,,,168,102%,180,16/5/26,894,1/2/26,456,6/5,75,15/05/2026,180,16/5/26
N97,PCme,24/11/25,Pn3x6,1580,1174,3,1/8,#?B-ABA,,,,,,,,74,,,168,74%,139,23/4/26,728,14/2/26,307,12/4/26,139,23/4/26
N98,PCme,24/11/25,Pn3x6,1580,1347,3,1/8,#?B-ABA,,,,,,,,,,,168,85%,277,18/4/26,683,17/1/26,387,10/2/26,277,18/4/26
L613,PEcorea,8/5/2025,Pn3x6,1580,1841,4,1/8,#F3AC-CAA,,,,,,,,,,,73048132,117%,93,11/1/26,650,26/11/25,610,2/12/25,488,15/12/25,93,11/1/26
L600,HEn,8/5/2025,Pn3x6,1580,891,3,1/8,#W3EAAA,,,,,,,,,,,73048132,56%,45,26/3/26,590,26/11/25,256,10/12/25,45,26/3/26
R411,,,,,307,1,,,,,,,,,,,,,,,307,27/11/25,307,27/11/25
R408,,,,,309,1,,,,,,,,,,,,,,,309,29/11/25,309,29/11/25
N99,PAb,1/12/25,Pn3x6,1580,1001,1,1/8,#S2-AACA,,,,,,,,,,,525,63%,1001,11/3/26,1001,11/3/26
N100,PAb,1/12/25,Pn3x6,1580,,,1/8,#S2-AACA,,,,,,,,,,,525
N101,PAb,1/12/25,Pn3x6,1580,1827,2,1/8,#S2-AACA,,,,,,,,,,,525,116%,630,13/4/26,1197,18/3/26,630,13/4/26
N102,PAb,1/12/25,Pn3x6,1580,601,1,1/8,#S2-AACA,,,,,,,,,,,525,38%,601,14/05/2026,601,14/05/2026
N103,PAb,1/12/25,Pn3x6,1580,545,1,1/8,#S2-AACA,,,,,,,,0,,,525,34%,545,12/4/26,545,12/4/26
N104,PAb,1/12/25,Pn3x6,1580,601,2,1/8,#S2-AACA,,,,,,,,,,,525,38%,334,7/6/26,267,04/06/2026,334,7/6/26
N105,PAb,1/12/25,Pn3x6,1580,1676,3,1/8,#S2-AACA,,,,,,,,,,,525,106%,205,5/5,1295,31/3/26,176,5/5,205,5/5
N106,PAb,1/12/25,Pn3x6,1580,1885,3,1/8,#S2-AACA,,,,,,,,,,,525,119%,304,26/4,1038,12/3/26,543,6/4/26,304,26/4
N107,Bpearl,1/12/25,Pn3x6,1580,1151,4,1/8,#EAB-BAB,,,,,,,0,,,,525,73%,402,22/02,145,24/2/26,328,9/3/26,276,21/3/26,402,22/02
N108,Bpearl,1/12/25,Pn3x6,1580,,,1/8,#EAB-BAB,,,,,,,,,,,525
N109,Bpearl,1/12/25,Pn3x6,1580,1283,3,1/8,#EAB-BAB,,,,,,,,,,,525,81%,308,30/3/26,606,3/3/26,369,16/3/26,308,30/3/26
N110,Bpearl,1/12/25,Pn3x6,1580,1978,4,1/8,#EAB-BAB,,,,,,,,,,,525,125%,475,17/4/26,556,9/3/26,319,18/3/26,628,22/02,475,17/4/26
N111,Bpearl,1/12/25,Pn3x6,1580,1369,3,1/8,#EAB-BAB,,,,,,,,,,,525,87%,273,30/3/26,611,4/3/26,485,17/3/26,273,30/3/26
N112,Bpearl,1/12/25,Pn3x6,1580,1490,5,1/8,#EAB-BAB,,,,,,,,,,,525,94%,263,5/4/26,267,20/2/26,386,7/3/26,214,24/3/26,360,22/02,263,5/4/26
N113,Bpearl,1/12/25,Pn3x6,1580,1490,3,1/8,#EAB-BAB,,,,,,,,,,,525,94%,356,9/3/26,945,15/2/26,189,26/2/26,356,9/3/26
N114,Bpearl,1/12/25,Pn3x6,1580,1833,4,1/8,#EAB-BAB,,,,,,,,,,,525,116%,250,29/4/26,835,10/2/26,509,26/2/26,239,16/3/26,250,29/4/26
N115,PEcorea,1/12/25,Pn3x6,1580,,,1/8,#F3AC-BAC,,,,,,,,,,,525
N116,PEcorea,1/12/25,Pn3x6,1580,1511,3,1/8,#F3AC-BAC,,,,,,,,0,,,525,96%,91,16/4/26,970,12/3/26,450,28/3/26,91,16/4/26
N117,PEcorea,1/12/25,Pn3x6,1580,,,1/8,#F3AC-BAC,,,,,,,,,,,525
N118,PEcorea,1/12/25,Pn3x6,1580,1078,2,1/8,#F3AC-BAC,,,,,,,,,,,525,68%,648,18/3/26,430,20/2/26,648,18/3/26
N119,PEcorea,1/12/25,Pn3x6,1580,1407,3,1/8,#F3AC-BAC,,,,,,,,,,,525,89%,147,2/4/26,856,24/2/26,404,9/3/26,147,2/4/26
N120,PEcorea,1/12/25,Pn3x6,1580,,,1/8,#F3AC-BAC,,,,,,,,,,,525
N121,PEcorea,1/12/25,Pn3x6,1580,1041,2,1/8,#F3AC-BAC,,,,,,,,,,,525,66%,35,14/05/2026,1006,23/3/26,35,14/05/2026
N122,PEcorea,1/12/25,Pn3x6,1580,1811,4,1/8,#F3AC-BAC,,,,,,,,,,,525,115%,207,1/4/26,1273,17/1/26,221,4/2/26,110,10/3/26,207,1/4/26
R412,,,,,437,1,,,,,,,,,,,,,,,437,1/12/25,437,1/12/25
R424,,,,,968,4,,,,,,,,,,,,,,,49,9/3/26,519,10/12/25,308,7/1/26,92,15/2/26,49,9/3/26
R410,,,,,812,2,,,,,,,,,,,,,,,108,8/1/26,704,11/12/25,108,8/1/26
L617,PEcorea,8/5/2025,Pn3x6,1580,1916,2,1/8,#F3AC-CAA,,,,,,,,,,,73048132,121%,302,7/1/26,1614,11/12/25,302,7/1/26
R668,,,,,72,1,,,,,,,,,,,,,,,72,11/12/25,72,11/12/25
L616,PEcorea,8/5/2025,Pn3x6,1580,1646,3,1/8,#F3AC-CAA,,,,,,,,,,,73048132,104%,113,2/1/26,1317,13/12/25,216,31/12/25,113,2/1/26
L610,LEfr,8/5/2025,Pn3x6,1580,834,1,1/8,#C2BEC-BCB,,,,,,,,,,,73048132,53%,834,13/12/25,834,13/12/25
R886,,,,,13,1,,,,,,,,,,,,,,,13,14/12/25,13,14/12/25
R456,,,,,1054,6,,,,,,,,,,,,,,,53,15/3/26,645,21/12/25,154,3/1/26,108,17/1/26,42,4/2/26,52,26/2/26,53,15/3/26
L608,LEfr,8/5/2025,Pn3x6,1580,1517,1,1/8,#C2BEC-BCB,,,,,,,,,,,73048132,96%,1517,22/12/25,1517,22/12/25
L639,,,,,930,1,,,,,,,,,,,,,,,930,25/12/25,930,25/12/25
L607,LEfr,8/5/2025,Pn3x6,1580,1920,2,1/8,#C2BEC-BCB,,,,,,,,,,,73048132,122%,1547,7/1/26,373,26/12/25,1547,7/1/26
L615,PEcorea,8/5/2025,Pn3x6,1580,231,1,1/8,#F3AC-CAA,,,,,,,,,,,73048132,15%,231,27/12/25,231,27/12/25
L637,,,,,1022,2,,,,,,,,,,,,,,,902,2/1/26,120,28/12/25,902,2/1/26
R600,,,,,49,1,,,,,,,,,,,,,,,49,29/12/25,49,29/12/25
M16,PEcorea,14/11/26,Pcx7,,1029,2,1/8,#F3AC-BAA,,filtre moisi,,,,,,,,,186,,279,24/1/26,750,4/1/26,279,24/1/26
L619,PEcorea,8/5/2025,Pn3x6,1580,705,1,1/8,#F3AC-CAA,,,,,,,,,,,73048132,45%,705,4/1/26,705,4/1/26
R414,,,,,1089,2,,,,,,,,,,,,,,,101,24/1/26,988,4/1/26,101,24/1/26
L630,,,,,74,1,,,,,,,,,,,,,,,74,4/1/26,74,4/1/26
M9,HU22,14/11/26,Pn3x6,1580,2041,7,1/9,#B2DD-BAA,,,,,,,,0,,,186,129%,24,14/5/26,757,6/1/26,512,4/2/26,384,26/2/26,182,20/3/26,84,5/4/26,98,16/4/26,24,14/5/26
R454,,,,,219,2,,,,,,,,,,,,,,,94,7/2/26,125,6/1/26,94,7/2/26
N123,BPearl,9/12/25,Pn3x6,1580,,,1/8,#EAB-DAA,,,,,,,,,,,517
N124,BPearl,9/12/25,Pn3x6,1580,,,1/8,#EAB-DAA,,,,,,,,,,,517
N125,BPearl,9/12/25,Pn3x6,1580,,,1/8,#EAB-DAA,,,,,,,,,,,517
N126,BPearl,9/12/25,Pn3x6,1580,1751,3,1/8,#EAB-DAA,,,,,,,,,,,517,111%,183,30/3/26,983,26/2/26,585,7/3/26,183,30/3/26
N127,BPearl,9/12/25,Pn3x6,1580,1855,2,1/8,#EAB-DAA,,,,,,,,,,,517,117%,603,9/3/26,1252,24/2/26,603,9/3/26
N128,BPearl,9/12/25,Pn3x6,1580,1703,3,1/8,#EAB-DAA,,,,,,,,,,,517,108%,292,26/3/26,1031,1/3/26,380,10/3/26,292,26/3/26
N129,BPearl,9/12/25,Pn3x6,1580,1603,3,1/8,#EAB-DAA,,,,,,,,,,,517,101%,139,7/4/26,1109,3/3/26,355,22/3/26,139,7/4/26
N130,BPearl,9/12/25,Pn3x6,1580,1793,3,1/8,#EAB-DAA,,,,,,,,,,,517,113%,226,5/4/26,1288,27/2/26,279,12/3/26,226,5/4/26
N131,HUn,9/12/25,Pn3x6,1580,1034,6,1/8,#C4AD-AA,,,,,,,,,,,517,65%,38,1/6/26,360,20/3/26,267,2/4/26,102,13/4/26,164,23/4/26,103,14/05/2026,38,1/6/26
N132,HUn,9/12/25,Pn3x6,1580,2167,6,1/8,#C4AD-AA,,,,,,,,,,,517,137%,49,17/5/26,1437,20/2/26,370,20/3/26,142,11/4/26,81,21/4/26,88,1/5/26,49,17/5/26
N133,HUn,9/12/25,Pn3x6,1580,2217,8,1/8,#C4AD-AA,,,,,,,,,,,517,140%,31,31/06/2026,1512,19/2/26,192,18/3/26,217,30/3/26,110,12/4/26,102,21/4/26,32,6.5,21,19/05/2026,31,31/06/2026
N134,HUn,9/12/25,Pn3x6,1580,,,1/8,#C4AD-AA,,,,,,,,,,,517
N135,HUn,9/12/25,Pn3x6,1580,2187,10,1/8,#C4AD-AA,,,,,,,,,,,517,138%,26,4/6/26,467,7/2/26,831,16/2/26,386,17/3/26,212,8/4/26,104,19/4/26,63,1/5/26,77,12/5/26,60,22/05/2026,-39,04/06/2025,26,4/6/26
N136,HUn,9/12/25,Pn3x6,1580,2242,5,1/8,#C4AD-AA,,,,,,,,,,,517,142%,96,16/5/26,1816,15/3/26,183,9/4/26,99,23/4/26,48,7.5,96,16/5/26
N137,HUn,9/12/25,Pn3x6,1580,,,1/8,#C4AD-AA,,,,,,,,,,,517
N138,HUn,9/12/25,Pn3x6,1580,,,1/8,#C4AD-AA,,,,,,,,,,,517
N139,POn,9/12/25,Pn3x6,1580,2325,7,1/8,#Z3AAA-BCA,,,,,,,,,,,517,147%,42,23/5/26,1378,2/2/26,299,14/2/26,44,1/3/26,283,12/3/26,161,30/3/26,118,23/4/26,42,23/5/26
N140,POn,9/12/25,Pn3x6,1580,2040,7,1/8,#Z3AAA-BCA,,,,,,,,,,,517,129%,84,14/5/26,650,5/2/26,597,15/2/26,191,1/3/26,167,15/3/26,126,30/3/26,225,20/4/26,84,14/5/26
N141,POn,9/12/25,Pn3x6,1580,1902,7,1/8,#Z3AAA-BCA,,,,,,,,,,,517,120%,143,23/5/26,666,9/2/26,174,7/3/26,311,26/3/26,242,22/02,130,13/4/26,236,2/5/26,143,23/5/26
N142,POn,9/12/25,Pn3x6,1580,2184,8,1/8,#Z3AAA-BCA,,,,,,,,,,,517,138%,47,16/5/26,1325,2/2/26,211,14/2/26,18,1/3/26,265,11/3/26,100,26/3/26,136,8/4/26,82,28/4/26,47,16/5/26
N143,POn,9/12/25,Pn3x6,1580,,,1/8,#Z3AAA-BCA,,,,,,,,,,,517
N144,POn,9/12/25,Pn3x6,1580,2088,6,1/8,#Z3AAA-BCA,,,,,67,,,,,,517,132%,103,10.8,1334,15/2/26,202,1/3/26,178,14/3/26,117,28/3/26,154,13/4/26,103,10.8
N145,POn,9/12/25,Pn3x6,1580,1294,7,1/8,#Z3AAA-BCA,,,,,,,,,,,517,82%,33,1/6/26,410,12/2/26,294,24/2/26,91,7/3/26,200,23/3/26,97,11/4/26,169,30/4,33,1/6/26
N146,POn,9/12/25,Pn3x6,1580,2082,7,1/8,#Z3AAA-BCA,,,,,,,,,,,517,132%,91,21/4/26,1285,29/1/26,315,10/2/26,146,24/2/26,96,11/3/26,121,30/3/26,28,22/02,91,21/4/26
N147,PCme,22/12/25,Pn3x6,1580,,,1/8,#L4B-ABB,,,,,,,,,,,504
N148,PCme,22/12/25,Pn3x6,1580,1436,4,1/8,#L4B-ABB,,,,,,,,,,,504,91%,63,30/05/2026,981,7/4/26,92,10.8,300,19/05/2026,63,30/05/2026
N149,PCme,22/12/25,Pn3x6,1580,1597,6,1/8,#L4B-ABB,,,,,,,,,,,504,101%,39,31/06/2026,902,5/4/26,219,16/4/26,142,30/4,79,1/5/26,216,17/5/26,39,31/06/2026
N150,PCme,22/12/25,Pn3x6,1580,1331,3,1/8,#L4B-ABB,,,,,142,,,,,,504,84%,113,7/6/26,782,5/4/26,436,19/4/26,113,7/6/26
N151,PCme,22/12/25,Pn3x6,1580,1259,4,1/8,#L4B-ABB,,,,,,,,,,,504,80%,43,31/06/2026,820,12/4/26,174,13/05/2026,222,22/05/2026,43,31/06/2026
N152,PCme,22/12/25,Pn3x6,1580,,,1/8,#L4B-ABB,,,,,,,,,,,504
N153,PCme,22/12/25,Pn3x6,1580,,,1/8,#L4B-ABB,,,,,,,,,,,504
N154,PCme,22/12/25,Pn3x6,1580,,,1/8,#L4B-ABB,,,,,,,,,,,504
N155,PEcorea,22/12/25,Pn3x6,1580,893,1,1/8,#F3AC-BAD,,,,,,,0,,,,504,57%,893,28/3/26,893,28/3/26
N156,PEcorea,22/12/25,Pn3x6,1580,,,1/8,#F3AC-BAD,,,,,,,,,,,504
N157,PEcorea,22/12/25,Pn3x6,1580,,,1/8,#F3AC-BAD,,,,,,,,,,,504
N158,PEcorea,22/12/25,Pn3x6,1580,858,1,1/8,#F3AC-BAD,,,,,,,,,,,504,54%,858,23/3/26,858,23/3/26
N159,PEcorea,22/12/25,Pn3x6,1580,571,1,1/8,#F3AC-BAD,,,,,,,,,,,504,36%,571,4/4/26,571,4/4/26
N160,PEcorea,22/12/25,Pn3x6,1580,888,1,1/8,#F3AC-BAD,,,,,,,0,,,,504,56%,888,1/4/26,888,1/4/26
N161,PEcorea,22/12/25,Pn3x6,1580,496,1,1/8,#F3AC-BAD,,,,,,,0,,,,504,31%,496,8/4/26,496,8/4/26
N162,PEcorea,22/12/25,Pn3x6,1580,,,1/8,#F3AC-BAD,,,,,,,,,,,504
N163,HEn,23/12/25,Pn3x6,1580,1314,6,1/8,#W3EACA,,,,,,,,,,,503,83%,55,16/5/26,721,17/2/26,228,6/3/26,137,26/3/26,89,16/4/26,84,13.5,55,16/5/26
N164,HEn,23/12/25,Pn3x6,1580,1334,6,1/8,#W3EACA,,,,,,,,,,,503,84%,185,22/05/2026,756,17/2/26,57,3/3/26,94,19/3/26,77,3/4/26,165,23/4/26,185,22/05/2026
N165,HEn,23/12/25,Pn3x6,1580,1769,7,1/8,#W3EACA,,,,,,,,,,,503,112%,71,22/05/2026,313,19/2/26,215,4/3/26,508,14/3/26,492,22/02,82,4/4/26,88,9/5/26,71,22/05/2026
N166,HEn,23/12/25,Pn3x6,1580,896,3,1/8,#W3EACA,,,,,,,,,,,503,57%,30,22/02,242,18/2/26,624,2/3/26,30,22/02
N167,HEn,23/12/25,Pn3x6,1580,1392,7,1/8,#W3EACA,,,,,,,,0,,,503,88%,68,28/4/26,110,9/2/26,217,20/2/26,283,7/3/26,546,22/02,136,3/4/26,32,25/4,68,28/4/26
N168,HEn,23/12/25,Pn3x6,1580,,,1/8,#W3EACA,,,,,,,,,,,503
N169,HEn,23/12/25,Pn3x6,1580,1293,6,1/8,#W3EACA,,,,,,,,,,,503,82%,152,29/4/26,147,20/2/26,213,9/3/26,556,22/02,167,1/4/26,58,12/4/26,152,29/4/26
N170,HEn,23/12/25,Pn3x6,1580,1440,4,1/8,#W3EACA,,,,,,,,,,,503,91%,112,29/4/26,924,17/2/26,227,11/3/26,177,4/4/26,112,29/4/26
S468,,,,,182,1,,,,,,,,,,,,,,,182,7/1/26,182,7/1/26
M13,PEcorea,14/11/26,Pcx7,,1310,2,1/8,#F3AC-BAA,,filtre moisi,,,,,,,,,186,,255,2/3/26,1055,7/1/26,255,2/3/26
L636,,,,,1121,1,,,,,,,,,,,,,,,1121,7/1/26,1121,7/1/26
S607,,,,,295,1,,,,,,,,,,,,,,,295,7/1/26,295,7/1/26
M20,POm,14/11/26,Pn3x6,1580,1545,7,1/9,#G2AAF-BBA,,,,,,,,0,,,186,98%,248,9/5/26,308,7/1/26,452,22/1/26,221,12/2/26,160,7/3/26,64,28/3/26,92,12/4/26,248,9/5/26
L606,LEfr,8/5/2025,Pn3x6,1580,1154,1,1/8,#C2BEC-BCB,,,,,,,,,,,73048132,73%,1154,7/1/26,1154,7/1/26
L641,,,,,1347,2,,,,,,,,,,,,,,,56,9/2/26,1291,8/1/26,56,9/2/26
M7,HU22,14/11/26,Pn3x6,1580,245,2,1/9,#B2DD-BAA,,,,,,,,,,,186,16%,159,26/1/26,86,8/1/26,159,26/1/26
M14,PEcorea,14/11/26,Pcx7,,344,1,1/8,#F3AC-BAA,,filtre moisi,,,,,,,,,186,,344,9/1/26,344,9/1/26
L642,,,,,571,2,,,,,,,,,,,,,,,503,26/1/26,68,12/1/26,503,26/1/26
M1,HU22,14/11/26,Pn3x6,1580,1941,9,1/9,#B2DD-BAA,,,,,,,,,,,186,123%,65,15/05/2026,740,23/1/26,152,10/2/26,161,20/2/26,265,6/3/26,153,20/3/26,217,4/4/26,63,14/4/26,125,25/4/26,65,15/05/2026
M4,HU22,14/11/26,Pn3x6,1580,609,4,1/9,#B2DD-BAA,,,,,,,,,,,186,39%,51,13/4/26,202,23/1/26,186,15/3/26,170,30/3/26,51,13/4/26
M12,PEcorea,14/11/26,Pcx7,,1169,2,1/8,#F3AC-BAA,,filtre moisi,,,,,,,,,186,,68,1/3/26,1101,24/1/26,68,1/3/26
M25,POm,14/11/26,Pn3x6,1580,1541,7,1/9,#G2AAF-BBA,,,,,,,,0,,,186,98%,201,13/05/2026,698,27/1/26,171,10/2/26,135,25/2/26,86,14/3/26,89,2/4/26,161,17/4/26,201,13/05/2026
M15,PEcorea,14/11/26,Pcx7,,781,2,1/8,#F3AC-BAA,,filtre moisi,,,,,,,,,186,,99,26/2/26,682,27/1/26,99,26/2/26
L640,,,,,675,1,,,,,,,,,,,,,,,675,29/1/26,675,29/1/26
M23,POm,14/11/26,Pn3x6,1580,1355,6,1/9,#G2AAF-BBA,,,,,,,,0,,,186,86%,208,17/5/26,756,1/2/26,165,13/2/26,122,3/3/26,3,21/3/26,101,8/4/26,208,17/5/26
M11,PEcorea,14/11/26,Pcx7,,249,1,1/8,#F3AC-BAA,,filtre moisi,,,,,,,,,186,,249,3/2/26,249,3/2/26
N171,PEcorea,14/1/26,Pn3x6,1580,,,1/8,#F3AC-BBA,,,,,,,,,,,116
N172,PEcorea,14/1/26,Pn3x6,1580,1243,2,1/8,#F3AC-BBA,,,,,,,,,,,116,79%,107,5/4/26,1136,16/3/26,107,5/4/26
N173,PEcorea,14/1/26,Pn3x6,1580,1800,2,1/8,#F3AC-BBA,,,,,,,0,,,,116,114%,247,3/4/26,1553,17/3/26,247,3/4/26
N174,PEcorea,14/1/26,Pn3x6,1580,1822,2,1/8,#F3AC-BBA,,,,,,,,,,,116,115%,156,26/3/26,1666,15/3/26,156,26/3/26
N175,PEcorea,14/1/26,Pn3x6,1580,1656,2,1/8,#F3AC-BBA,,,,,,,0,,,,116,105%,71,7/4/26,1585,12/3/26,71,7/4/26
N176,PEcorea,14/1/26,Pn3x6,1580,,,1/8,#F3AC-BBA,,,,,,,,,,,116
N177,PEcorea,14/1/26,Pn3x6,1580,1358,2,1/8,#F3AC-BBA,,,,,,,0,,,,116,86%,888,1/4/26,470,11/3/26,888,1/4/26
N178,PEcorea,14/1/26,Pn3x6,1580,,,1/8,#F3AC-BBA,,,,,,,,,,,116
N179,LEfr,14/1/26,Pn3x6,1580,116,1,1/8,#uni?EC-DCB,,,,,,,,,,,116,7%,116,1/6/26,116,1/6/26
N180,LEfr,14/1/26,Pn3x6,1580,,,1/8,#uni?EC-DCB,,,,,,,,,,,116
N181,LEfr,14/1/26,Pn3x6,1580,,,1/8,#uni?EC-DCB,,,,,,,,,,,116
N182,LEfr,14/1/26,Pn3x6,1580,,,1/8,#uni?EC-DCB,,,,,,,,,,,116
N183,LEfr,14/1/26,Pn3x6,1580,,,1/8,#uni?EC-DCB,,,,,,,,,,,116
N184,LEfr,14/1/26,Pn3x6,1580,,,1/8,#uni?EC-DCB,,,,,,,,,,,116
N185,LEfr,14/1/26,Pn3x6,1580,,,1/8,#uni?EC-DCB,,,,,,,,,,,116
N186,LEfr,14/1/26,Pn3x6,1580,,,1/8,#uni?EC-DCB,,,,,,,,,,,116
N187,BPearl,14/1/26,Pn3x6,1580,1432,2,1/8,#EABA-AAB,,,,,,,0,,,,116,91%,402,24/3/26,1030,9/3/26,402,24/3/26
N188,BPearl,14/1/26,Pn3x6,1580,1529,2,1/8,#EABA-AAB,,,,,,,0,,,,116,97%,504,30/3/26,1025,15/3/26,504,30/3/26
N189,BPearl,14/1/26,Pn3x6,1580,,,1/8,#EABA-AAB,,,,,,,,,,,116
N190,BPearl,14/1/26,Pn3x6,1580,543,2,1/8,#EABA-AAB,,,,,,,,,,,116,34%,478,24/3/26,65,10/3/26,478,24/3/26
N191,BPearl,14/1/26,Pn3x6,1580,1685,2,1/8,#EABA-AAA,,,,,,,,,,,116,107%,582,24/3/26,1103,7/3/26,582,24/3/26
N192,BPearl,14/1/26,Pn3x6,1580,,,1/8,#EABA-AAA,,,,,,,,,,,116
N193,BPearl,14/1/26,Pn3x6,1580,,,1/8,#EABA-AAA,,,,,,,,,,,116
N194,BPearl,14/1/26,Pn3x6,1580,1238,2,1/8,#EABA-AAA,,,,,,,,,,,116,78%,178,11/5/26,1060,5/4/26,178,11/5/26
N195,BPearl,14/1/26,Pn3x6,1580,1463,3,1/8,#EABA-AAA,,,,,,,,,,,116,93%,393,14/05/2026,759,23/3/26,311,8/4/26,393,14/05/2026
N196,BPearl,14/1/26,Pn3x6,1580,722,1,1/8,#EABA-AAA,,,,,,,,,,,116,46%,722,8/4/26,722,8/4/26
N197,BPearl,14/1/26,Pn3x6,1580,1171,2,1/8,#EABA-AAA,,,,,,,,,,,116,74%,572,28/3/26,599,12/3/26,572,28/3/26
N198,BPearl,14/1/26,Pn3x6,1580,769,1,1/8,#EABA-AAA,,,,,,,,,,,116,49%,769,2/4/26,769,2/4/26
N199,BPearl,14/1/26,Pn3x6,1580,,,1/8,#EABA-AAA,,,,,,,,,,,116
N200,POm,27/1/26,Pn3x6,1580,,,1/8,#G2AAF-BBA,,,,,,,,,,,103
N201,POm,27/1/26,Pn3x6,1580,,,1/8,#G2AAF-BBA,,,,,,,,,,,103
N202,POm,27/1/26,Pn3x6,1580,,,1/8,#G2AAF-BBA,,,,,,,,,,,103
N203,POm,27/1/26,Pn3x6,1580,1468,2,1/8,#G2AAF-BBA,,,,,,,,,,,103,93%,279,15/05/2026,1189,21/4/26,279,15/05/2026
N204,POm,27/1/26,Pn3x6,1580,1828,3,1/8,#G2AAF-BBA,,,,,,,,,,,103,116%,199,15/4/26,1202,9/3/26,427,30/3/26,199,15/4/26
N205,POm,27/1/26,Pn3x6,1580,1872,4,1/8,#G2AAF-BBA,,,,,259,,,,,,103,118%,511,8/5,882,16/3/26,278,7/4/26,201,26/4,511,8/5
N206,POm,27/1/26,Pn3x6,1580,1947,5,1/8,#G2AAF-BBA,,,,,,,,,,,103,123%,301,1/6/26,1027,7/3/26,375,26/3/26,128,12/4/26,116,29/4/26,301,1/6/26
N207,POm,27/1/26,Pn3x6,1580,1677,5,1/8,#G2AAF-BBA,,,,,,,,,,,103,106%,127,6/5,469,9/3/26,643,23/3/26,325,12/4/26,113,5/5,127,6/5
N208,LEfr,27/1/26,Pn3x6,1580,,,1/8,#uniC2BEC-DCA,,,,,,,,,,,103
N209,LEfr,27/1/26,Pn3x6,1580,,,1/8,#uniC2BEC-DCA,,,,,,,,,,,103
N210,LEfr,27/1/26,Pn3x6,1580,,,1/8,#uniC2BEC-DCA,,,,,,,,,,,103
N211,LEfr,27/1/26,Pn3x6,1580,651,1,1/8,#uniC2BEC-DCA,,,,,,,,,,,103,41%,651,11/5/26,651,11/5/26
N212,LEfr,27/1/26,Pn3x6,1580,794,3,1/8,#uniC2BEC-DCA,,,,,,,,,,,103,50%,318,9/5/26,407,8/5,69,8/5,318,9/5/26
N213,LEfr,27/1/26,Pn3x6,1580,,,1/8,#uniC2BEC-DCA,,,,,,,,,,,103
N214,LEfr,27/1/26,Pn3x6,1580,,,1/8,#uniC2BEC-DCA,,,,,,,,,,,103
N215,LEfr,27/1/26,Pn3x6,1580,,,1/8,#uniC2BEC-DCA,,,,,,,,,,,103
N216,LEfr,27/1/26,Pn3x6,1580,,,1/8,#uniC2BEC-DCC,,,,,,,,,,,103
N217,LEfr,27/1/26,Pn3x6,1580,,,1/8,#uniC2BEC-DCC,,,,,,,,,,,103
N218,LEfr,27/1/26,Pn3x6,1580,,,1/8,#uniC2BEC-DCC,,,,,,,,,,,103
N219,LEfr,27/1/26,Pn3x6,1580,524,2,1/8,#uniC2BEC-DCC,,,,,,,,,,,103,33%,144,04/06/2026,380,04/06/2025,144,04/06/2026
N220,LEfr,27/1/26,Pn3x6,1580,312,1,1/8,#uniC2BEC-DCC,,,,,,,,,,,103,20%,312,17/5/26,312,17/5/26
N221,LEfr,27/1/26,Pn3x6,1580,514,1,1/8,#uniC2BEC-DCC,,,,,,,,,,,103,33%,514,13/05/2026,514,13/05/2026
N222,LEfr,27/1/26,Pn3x6,1580,,,1/8,#uniC2BEC-DCC,,,,,,,,,,,103
N223,LEfr,27/1/26,Pn3x6,1580,,,1/8,#uniC2BEC-DCC,,,,,,,,,,,103
N224,PEcorea,3/2/26,Pn3x6,1580,597,1,1/8,#F3AC-BCA,,,,,,,,,,,99,38%,597,9/4/26,597,9/4/26
N225,PEcorea,3/2/26,Pn3x6,1580,,,1/8,#F3AC-BCA,,,,,,,,,,,99
N226,PEcorea,3/2/26,Pn3x6,1580,,,1/8,#F3AC-BCA,,,,,,,,,,,99
N227,PEcorea,3/2/26,Pn3x6,1580,329,1,1/8,#F3AC-BCA,,,,,,,0,,,,99,21%,329,10/4/26,329,10/4/26
N228,PEcorea,3/2/26,Pn3x6,1580,89,1,1/8,#F3AC-BCA,,,,,,,,,,,99,6%,89,19/4/26,89,19/4/26
N229,PEcorea,3/2/26,Pn3x6,1580,208,1,1/8,#F3AC-BCA,,,,,,,,,,,99,13%,208,13/4/26,208,13/4/26
N230,PEcorea,3/2/26,Pn3x6,1580,,,1/8,#F3AC-BCA,,,,,,,,,,,99
N231,PEcorea,3/2/26,Pn3x6,1580,,,1/8,#F3AC-BCA,,,,,,,,,,,99
N232,PApp,3/2/26,Pn3x6,1580,,,1/8,#2SAAB,,,,,,,,,,,99
N233,PApp,3/2/26,Pn3x6,1580,,,1/8,#2SAAB,,,,,,,,,,,99
N234,PApp,3/2/26,Pn3x6,1580,,,1/8,#2SAAB,,,,,,,,,,,99
N235,PApp,3/2/26,Pn3x6,1580,,,1/8,#2SAAB,,,,,,,,,,,99
N236,PApp,3/2/26,Pn3x6,1580,,,1/8,#2SAAB,,,,,,,,,,,99
N237,PApp,3/2/26,Pn3x6,1580,,,1/8,#2SAAB,,,,,,,,,,,99
N238,PApp,3/2/26,Pn3x6,1580,,,1/8,#2SAAB,,,,,,,,,,,99
N239,PApp,3/2/26,Pn3x6,1580,,,1/8,#2SAAB,,,,,,,,,,,99
M21,POm,14/11/26,Pn3x6,1580,1054,4,1/9,#G2AAF-BBA,,,,,,,,,,,186,67%,147,3/4/26,649,7/2/26,204,27/2/26,54,23/3/26,147,3/4/26
M22,POm,14/11/26,Pn3x6,1580,1060,4,1/9,#G2AAF-BBA,,,,,,,,,,,186,67%,78,26/4,605,12/2/26,167,6/3/26,210,3/4/26,78,26/4
L643,,,,,313,1,,,,,,,,,,,,,,,313,15/2/26,313,15/2/26
M26,POm,14/11/26,Pn3x6,1580,1267,3,1/9,#G2AAF-BBA,,,,,,,,,,,186,80%,245,12/4/26,803,16/2/26,219,11/3/26,245,12/4/26
N240,HU22,16/2/26,Pn3x6,1580,,,1/8,#B2DD-BBA,,,,,,,,,,,86
N241,HU22,16/2/26,Pn3x6,1580,,,1/8,#B2DD-BBA,,,,,,,,,,,86
N242,HU22,16/2/26,Pn3x6,1580,1901,4,1/8,#B2DD-BBA,,,,,,,,,,,86,120%,102,26/05/2026,1254,7/4/26,284,29/4/26,261,13.5,102,26/05/2026
N243,HU22,16/2/26,Pn3x6,1580,893,5,1/8,#B2DD-BBA,,,,,,,,,,,86,57%,124,1/6/26,311,5/5,91,6.5,316,19/05/2026,51,30/05/2026,124,1/6/26
N244,HU22,16/2/26,Pn3x6,1580,137,1,1/8,#B2DD-BBA,,,,,,,,,,,86,9%,137,28/4/26,137,28/4/26
N245,HU22,16/2/26,Pn3x6,1580,,,1/8,#B2DD-BBA,,,,,,,,,,,86
N246,HU22,16/2/26,Pn3x6,1580,,,1/8,#B2DD-BBA,,,,,,,,,,,86
N247,HU22,16/2/26,Pn3x6,1580,304,1,1/8,#B2DD-BBA,,,,,,,,,,,86,19%,304,29/05/2026,304,29/05/2026
N256,LE3790,16/2/26,Pcx6,1580,,,1/8,#A2BAB-CAA,,,,,,,,,,,86
N257,LE3790,16/2/26,Pcx6,1580,,,1/8,#A2BAB-CAA,,,,,,,,,,,86
N258,LE3790,16/2/26,Pcx6,1580,,,1/8,#A2BAB-CAA,,,,,1,,,,,,86
N259,LE3790,16/2/26,Pcx6,1580,287,1,1/8,#A2BAB-CAA,,,,,,,,,,,86,18%,287,1/6/26,287,1/6/26
N260,LE3790,16/2/26,Pcx6,1580,,,1/8,#A2BAB-CAA,,,,,,,,,,,86
N261,LE3790,16/2/26,Pcx6,1580,,,1/8,#A2BAB-CAA,,,,,,,,,,,86
N262,LE3790,16/2/26,Pcx6,1580,,,1/8,#A2BAB-CAA,,,,,,,,,,,86
N263,LE3790,16/2/26,Pcx6,1580,,,1/8,#A2BAB-CAA,,,,,,,,,,,86
N248,HEg,16/2/26,Pcx6,1580,,,1/8,#KBB-BB,,,,,,,,0,,,86
N249,HEg,16/2/26,Pcx6,1580,,,1/8,#KBB-BB,,,,,,,,,,,86
N250,HEg,16/2/26,Pcx6,1580,,,1/8,#KBB-BB,,,,,,,,0,,,86
N251,HEg,16/2/26,Pcx6,1580,,,1/8,#KBB-BB,,,,,,,,,,,86
N252,HEg,16/2/26,Pcx6,1580,,,1/8,#KBB-BB,,,,,,,,,,,86
N253,HEg,16/2/26,Pcx6,1580,,,1/8,#KBB-BB,,,,,,,,0,,,86
N254,HEg,16/2/26,Pcx6,1580,,,1/8,#KBB-BB,,,,,,,,0,,,86
N255,HEg,16/2/26,Pcx6,1580,,,1/8,#KBB-BB,,,,,,,,,,,86
M24,POm,14/11/26,Pn3x6,1580,1167,3,1/9,#G2AAF-BBA,,,,,,,,,,,186,74%,207,23/4/26,647,20/2/26,313,30/3/26,207,23/4/26
M44,HUn,26/12/25,Pn3x6,1580,2294,8,1/8,#C4AD-AC,,,,,,,,,,,500,145%,117,1/6/26,694,1/3/26,277,12/3/26,598,7/4/26,88,20/4/26,205,29/4/26,277,14/5/26,38,31/06/2026,117,1/6/26
M40,PEmetax,26/12/25,Pn3x6,1580,1382,2,1/8,#?A,,,,,,,,,,,500,87%,180,28/3/26,1202,1/3/26,180,28/3/26
M45,HUn,26/12/25,Pn3x6,1580,1679,5,1/8,#C4AD-AC,,,,,,,,,,,500,106%,160,19/05/2026,825,9/3/26,394,12/4/26,111,25/4/26,189,6/5,160,19/05/2026
M10,PEcorea,14/11/26,Pn3x6,1580,383,2,1/9,#F3AC-BAA,,filtre moisi,,,,,,,,,186,24%,88,7/4/26,295,10/3/26,88,7/4/26
N265,POpag,17/2/26,Pn3x6,1580,493,1,1/8,#P3-AAA,,,,,,,,,,,85,31%,493,18/5/26,493,18/5/26
N266,POpag,17/2/26,Pn3x6,1580,,,1/8,#P3-AAA,,,,,,,,,,,85
N267,POpag,17/2/26,Pn3x6,1580,,,1/8,#P3-AAA,,,,,,,,,,,85
N268,POpag,17/2/26,Pn3x6,1580,,,1/8,#P3-AAA,,,,,,,,,,,85
N269,POpag,17/2/26,Pn3x6,1580,671,1,1/8,#P3-AAA,,,,,,,,,,,85,42%,671,6/4/26,671,6/4/26
N270,POpag,17/2/26,Pn3x6,1580,625,1,1/8,#P3-AAA,,,,,,,,,,,85,40%,625,1/4/26,625,1/4/26
N271,POpag,17/2/26,Pn3x6,1580,422,1,1/8,#P3-AAA,,,,,,,,,,,85,27%,422,14/4/26,422,14/4/26
N272,POpag,17/2/26,Pn3x6,1580,,,1/8,#P3-AAA,,,,,,,,,,,85
N273,GLg,20/2/26,Pn3x6,1580,,,1/8,#I3AABA,,,,,,,,,,,82
N274,GLg,20/2/26,Pn3x6,1580,,,1/8,#I3AABA,,,,,,,,,,,82
N275,GLg,20/2/26,Pn3x6,1580,,,1/8,#I3AABA,,,,,,,,,,,82
N276,GLg,20/2/26,Pn3x6,1580,,,1/8,#I3AABA,,,,,,,,,,,82
N277,GLg,20/2/26,Pn3x6,1580,,,1/8,#I3AABA,,,,,,,,,,,82
N278,GLg,20/2/26,Pn3x6,1580,,,1/8,#I3AABA,,,,,,,,,,,82
N279,GLg,20/2/26,Pn3x6,1580,,,1/8,#I3AABA,,,,,,,,,,,82
N280,GLg,20/2/26,Pn3x6,1580,,,1/8,#I3AABA,,,,,,,,,,,82
N281,LEfr,20/2/26,Pcx7,,665,1,1/8,#C2BEC-AAA,,,,,,,,,,,82,,665,1/6/26,665,1/6/26
N282,LEfr,20/2/26,Pcx7,,391,1,1/8,#C2BEC-AAA,,,,,,,,,,,82,,391,04/06/2026,391,04/06/2026
N283,LEfr,20/2/26,Pcx7,,741,1,1/8,#C2BEC-AAA,,,,,100,,,,,,82,,741,25/05/2026,741,25/05/2026
N284,LEfr,20/2/26,Pcx7,,,,1/8,#C2BEC-AAA,,,,,,,,,,,82
N285,LEfr,20/2/26,Pcx7,,,,1/8,#C2BEC-AAA,,,,,,,,,,,82
N286,LEfr,20/2/26,Pcx7,,,,1/8,#C2BEC-AAA,,,,,,,,,,,82
N287,LEfr,20/2/26,Pcx7,,,,1/8,#C2BEC-AAA,,,,,,,,,,,82
N288,LEfr,20/2/26,Pcx7,,,,1/8,#C2BEC-AAA,,,,,,,,,,,82
N289,HUn,5/3/26,Pn3x6,1580,,,1/8,#C4AB-ABA,,,,,,,,,,,67
N290,HUn,5/3/26,Pn3x6,1580,1872,4,1/8,#C4AB-ABA,,,,,,,,,,,67,118%,148,2/6/26,781,18/4/26,447,28/4/26,496,17/5/26,148,2/6/26
N291,HUn,5/3/26,Pn3x6,1580,1973,5,1/8,#C4AB-ABA,,,,,,,,,,,67,125%,221,2/6/26,901,23/4/26,182,10.8,641,18/5/26,28,20/05/2026,221,2/6/26
N292,HUn,5/3/26,Pn3x6,1580,1839,5,1/8,#C4AB-ABA,,,,,,,,,,,67,116%,57,30/05/2026,990,20/4/26,372,28/4/26,168,15/05/2026,252,16/5/26,57,30/05/2026
N293,HUn,5/3/26,Pn3x6,1580,1511,3,1/8,#C4AB-ABA,,,,,,,,205,,,67,96%,160,1/6/26,1267,3/5/26,84,19/05/2026,160,1/6/26
N294,HUn,5/3/26,Pn3x6,1580,1937,6,1/8,#C4AB-ABA,,,,,,,,,,,67,123%,306,29/05/2026,780,16/4/26,447,25/4,12,26/4,158,7.5,234,14/5/26,306,29/05/2026
N295,HUn,5/3/26,Pn3x6,1580,1730,4,1/8,#C4AB-ABA,,,,,,,,,,,67,109%,348,26/05/2026,858,25/4/26,347,5/5/26,177,13/05/2026,348,26/05/2026
N296,HUn,5/3/26,Pn3x6,1580,1306,4,1/8,#C4AB-ABA,,,,,,,,,,,67,83%,212,16/5/26,628,23/4/26,165,6.5,301,7.5,212,16/5/26
N297,PSn,5/3/26,Pn3x6,1580,,,1/8,#A4BCB-BAA,,,,,,,,,,,67
N298,PSn,5/3/26,Pn3x6,1580,,,1/8,#A4BCB-BAA,,,,,,,,,,,67
N299,PSn,5/3/26,Pn3x6,1580,,,1/8,#A4BCB-BAA,,,,,,,,,,,67
N300,PSn,5/3/26,Pn3x6,1580,1187,4,1/8,#A4BCB-BAA,,,,,240,,,,,,67,75%,20,27/05/2026,779,19/4/26,30,5/5,358,6/5,20,27/05/2026
N301,PSn,5/3/26,Pn3x6,1580,,,1/8,#A4BCB-BAA,,,,,1,,,,,,67
N302,PSn,5/3/26,Pn3x6,1580,,,1/8,#A4BCB-BAA,,,,,,,,,,,67
N303,PSn,5/3/26,Pn3x6,1580,,,1/8,#A4BCB-BAA,,,,,,,,,,,67
N304,PSn,5/3/26,Pn3x6,1580,157,2,1/8,#A4BCB-BAA,,,,,,,,,,,67,10%,105,9.5,52,9/5/26,105,9.5
N305,PCme,5/3/26,Pn3x6,1580,703,2,1/8,#L4B-ACA,,,,,,,,,,,67,44%,257,27/05/2026,446,16/5/26,257,27/05/2026
N306,PCme,5/3/26,Pn3x6,1580,,,1/8,#L4B-ACA,,,,,,,,,,,67
N307,PCme,5/3/26,Pn3x6,1580,,,1/8,#L4B-ACA,,,,,,,,,,,67
N308,PCme,5/3/26,Pn3x6,1580,1281,4,1/8,#L4B-ACA,,,,,94,,,,,,67,81%,227,2/6/26,429,10.8,410,11/5/26,215,22/05/2026,227,2/6/26
N309,PCme,5/3/26,Pn3x6,1580,1241,3,1/8,#L4B-ACA,,,,,,,,,,163,67,79%,282,23/5/26,600,3/5/26,359,13.5,282,23/5/26
N310,PCme,5/3/26,Pn3x6,1580,,,1/8,#L4B-ACA,,,,,,,,,,,67
N311,PCme,5/3/26,Pn3x6,1580,1301,4,1/8,#L4B-ACA,,,,,,,,,,,67,82%,225,4/6/26,477,7.5,470,16/5/26,129,25/05/2026,225,4/6/26
N312,PCme,5/3/26,Pn3x6,1580,431,2,1/8,#L4B-ACA,,,,,,,,,,,67,27%,196,27/05/2026,235,9.5,196,27/05/2026
N313,HUn,12/3/26,Pn3x6,1580,,,1/8,#C4AD-ABB,,,,,,,,,,,60
N314,HUn,12/3/26,Pn3x6,1580,,,1/8,#C4AD-ABB,,,,,,,,,,,60
N315,HUn,12/3/26,Pn3x6,1580,1228,3,1/8,#C4AD-ABB,,,,,191,,,,,,60,78%,152,2/6/26,830,28/4/26,246,8/5,152,2/6/26
N316,HUn,12/3/26,Pn3x6,1580,,,1/8,#C4AD-ABB,,,,,,,,,,,60
N317,HUn,12/3/26,Pn3x6,1580,,,1/8,#C4AD-ABB,,,,,,,,,,,60
N318,HUn,12/3/26,Pn3x6,1580,964,3,1/8,#C4AD-ABB,,,,,,,,,,,60,61%,43,31/06/2026,496,5/5,425,11/5/26,43,31/06/2026
N319,HUn,12/3/26,Pn3x6,1580,1259,3,1/8,#C4AD-ABB,,,,,,,,,,,60,80%,374,1/6/26,706,9/5/26,179,22/5/26,374,1/6/26
N320,HUn,12/3/26,Pn3x6,1580,1025,3,1/8,#C4AD-ABB,,,,,,,,,,,60,65%,127,18/5/26,515,29/4/26,383,8/5,127,18/5/26
N321,PSn,12/3/26,Pn3x6,1580,,,1/8,#A4BCB-BAB,,,,,,,,,,,60
N322,PSn,12/3/26,Pn3x6,1580,,,1/8,#A4BCB-BAB,,,,,,,,,,,60
N323,PSn,12/3/26,Pn3x6,1580,653,2,1/8,#A4BCB-BAB,,,,,,,,73,,,60,41%,283,1/6/26,370,19/05/2026,283,1/6/26
N324,PSn,12/3/26,Pn3x6,1580,597,1,1/8,#A4BCB-BAB,,,,,,,,,,,60,38%,597,8/5,597,8/5
N325,PSn,12/3/26,Pn3x6,1580,344,2,1/8,#A4BCB-BAB,,,,,,,,,,,60,22%,60,7/6/26,284,21/05/2026,60,7/6/26
N326,PSn,12/3/26,Pn3x6,1580,,,1/8,#A4BCB-BAB,,,,,,,,,,,60
N327,PSn,12/3/26,Pn3x6,1580,,,1/8,#A4BCB-BAB,,,,,,,,,,,60
N328,PSn,12/3/26,Pn3x6,1580,,,1/8,#A4BCB-BAB,,,,,,,,,,,60
N329,LE3790,12/3/26,Pcx7,,,,1/8,#A2BAB-CBA,,,,,,,,,,,60
N330,LE3790,12/3/26,Pcx7,,,,1/8,#A2BAB-CBA,,,,,,,,,,,60
N331,LE3790,12/3/26,Pcx7,,,,1/8,#A2BAB-CBA,,,,,,,,,,,60
N332,LE3790,12/3/26,Pcx7,,351,2,1/8,#A2BAB-CBA,,,,,,,,,,,60,,186,04/06/2026,165,2/6/26,186,04/06/2026
N333,LE3790,12/3/26,Pcx7,,,,1/8,#A2BAB-CBA,,,,,,,,,,,60
N334,LE3790,12/3/26,Pcx7,,,,1/8,#A2BAB-CBA,,,,,,,,,,,60
N335,LE3790,12/3/26,Pcx7,,,,1/8,#A2BAB-CBA,,,,,,,,,,,60
N336,LE3790,12/3/26,Pcx7,,,,1/8,#A2BAB-CBA,,,,,,,,,,,60
M38,PEmetax,26/12/25,Pn3x6,1580,1603,2,1/8,#?A,,,,,,,,,,,500,101%,418,1/4/26,1185,12/3/26,418,1/4/26
M37,PEmetax,26/12/25,Pn3x6,1580,323,1,1/8,#?A,,,,,,,0,,,,500,20%,323,15/3/26,323,15/3/26
M35,PEmetax,26/12/25,Pn3x6,1580,1405,2,1/8,#?A,,,,,,,,,,,500,89%,173,5/4/26,1232,15/3/26,173,5/4/26
M48,HUn,26/12/25,Pn3x6,1580,1599,5,1/8,#C4AD-AC,,,,,,,,0,,,500,101%,205,16/5/26,805,21/3/26,169,11/4/26,240,20/4/26,180,1/5/26,205,16/5/26
R432,,,,,58,1,,,,,,,,,,,,,,,58,22/3/26,58,22/3/26
Na2,,,,,1410,2,,,,,,,,,,,,,,,470,18/4/26,940,23/3/26,470,18/4/26
Na1,,,,,1556,1,,,,,,,,,,,,,,,1556,26/3/26,1556,26/3/26
N337,GLzam,23/3/26,Pn3x6,1580,,,1/8,#V4DA-AAB,,,,,,,,,,,49
N338,GLzam,23/3/26,Pn3x6,1580,,,1/8,#V4DA-AAB,,,,,,,,,,,49
N339,GLzam,23/3/26,Pn3x6,1580,,,1/8,#V4DA-AAB,,,,,,,,,,,49
N340,GLzam,23/3/26,Pn3x6,1580,,,1/8,#V4DA-AAB,,,,,,,,,,,49
N341,GLzam,23/3/26,Pn3x6,1580,,,1/8,#V4DA-AAB,,,,,,,,,,,49
N342,GLzam,23/3/26,Pn3x6,1580,,,1/8,#V4DA-AAB,,,,,,,,,,,49
N343,GLzam,23/3/26,Pn3x6,1580,,,1/8,#V4DA-AAB,,,,,,,,,,,49
N344,GLzam,23/3/26,Pn3x6,1580,,,1/8,#V4DA-AAB,,,,,,,,,,,49
N345,HUn,23/3/26,Pn3x6,1580,,,1/8,#C4AD-ABC,,,,,,,,,,,49
N346,HUn,23/3/26,Pn3x6,1580,614,1,1/8,#C4AD-ABC,,,,,,,,,,,49,39%,614,12/5/26,614,12/5/26
N347,HUn,23/3/26,Pn3x6,1580,943,2,1/8,#C4AD-ABC,,,,,,,,,,,49,60%,330,5/6/26,613,19/05/2026,330,5/6/26
N348,HUn,23/3/26,Pn3x6,1580,1390,4,1/8,#C4AD-ABC,,,,,,,,,,,49,88%,57,31/06/2026,884,9/5/26,345,15/05/2026,104,29/05/2026,57,31/06/2026
N349,HUn,23/3/26,Pn3x6,1580,785,2,1/8,#C4AD-ABC,,,,,,,,,,,49,50%,205,4/6/26,580,19/05/2026,205,4/6/26
N350,HUn,23/3/26,Pn3x6,1580,1184,4,1/8,#C4AD-ABC,,,,,,,,,,,49,75%,251,1/6/26,429,10.8,130,11/5/26,374,23/5/26,251,1/6/26
N351,HUn,23/3/26,Pn3x6,1580,192,1,1/8,#C4AD-ABC,,,,,2,,,227,,,49,12%,192,29/05/2026,192,29/05/2026
N352,HUn,23/3/26,Pn3x6,1580,,,1/8,#C4AD-ABC,,,,,,,,,,,49
N353,PCme,23/3/26,Pn3x6,1580,,,1/8,#L4B-ACB,,,,,,,,,,,49
N354,PCme,23/3/26,Pn3x6,1580,,,1/8,#L4B-ACB,,,,,,,,,,,49
N355,PCme,23/3/26,Pn3x6,1580,,,1/8,#L4B-ACB,,,,,,,,,,,49
N356,PCme,23/3/26,Pn3x6,1580,,,1/8,#L4B-ACB,,,,,,,,,,,49
N357,PCme,23/3/26,Pn3x6,1580,,,1/8,#L4B-ACB,,,,,,,,,,,49
N358,PCme,23/3/26,Pn3x6,1580,,,1/8,#L4B-ACB,,,,,,,,,,,49
N359,PCme,23/3/26,Pn3x6,1580,,,1/8,#L4B-ACB,,,,,,,,,,,49
N360,HEn,27/3/26,Pn3x6,1580,636,2,1/8,#W3EADA,,,,,146,,,,,,45,40%,491,9/5/26,145,7.5,491,9/5/26
N361,HEn,27/3/26,Pn3x6,1580,450,2,1/8,#W3EADA,,,,,,,,,,,45,28%,176,2/6/26,274,26/05/2026,176,2/6/26
N362,HEn,27/3/26,Pn3x6,1580,293,2,1/8,#W3EADA,,,,,85,,,,,,45,19%,47,27/05/2026,246,23/5/26,47,27/05/2026
N363,HEn,27/3/26,Pn3x6,1580,917,5,1/8,#W3EADA,,,,,,,,,,,45,58%,122,2/6/26,549,1/5/26,125,6/5,55,15/05/2026,66,18/5/26,122,2/6/26
N364,HEn,27/3/26,Pn3x6,1580,568,2,1/8,#W3EADA,,,,,,,,,,,45,36%,28,31/06/2026,540,16/5/26,28,31/06/2026
N365,HEn,27/3/26,Pn3x6,1580,373,2,1/8,#W3EADA,,,,,,,,,,,45,24%,179,2/6/26,194,29/05/2026,179,2/6/26
N366,HEn,27/3/26,Pn3x6,1580,,,1/8,#W3EADA,,,,,,,,,,,45
N367,HEn,27/3/26,Pn3x6,1580,323,2,1/8,#W3EADA,,,,,,,,,,,45,20%,72,2/6/26,251,15/05/2026,72,2/6/26
N368,GLzam,27/3/26,Pn3x6,1580,,,1/8,#V4DA-AAA,,,,,,,,,,,45
N369,GLzam,27/3/26,Pn3x6,1580,,,1/8,#V4DA-AAA,,,,,,,,,,,45
N370,GLzam,27/3/26,Pn3x6,1580,,,1/8,#V4DA-AAA,,,,,,,,,,,45
N371,LE3790,3/4/26,Pn3x6,1580,,,1/7,#A2BAB-CBB,,,,,,,,,,,39
M41,PEmetax,26/12/25,Pn3x6,1580,337,1,1/8,#?A,,,,,,,,,,,500,21%,337,28/3/26,337,28/3/26
M61,PEsal,6/2/26,Pn3x6,1580,1336,1,1/8,#N3F-AAA,,,,,,,,,,,96,85%,1336,28/3/26,1336,28/3/26
M39,PEmetax,26/12/25,Pn3x6,1580,847,1,1/8,#?A,,,,,,,,,,,500,54%,847,30/3/26,847,30/3/26
M34,PApp,26/12/25,Pn3x6,1580,1394,2,1/8,#2SAAA,,,,,,,,,,,500,88%,165,18/5/26,1229,30/3/26,165,18/5/26
Na3,,,,,1186,1,,,,,,,,,,,,,,,1186,31/3/26,1186,31/3/26
M30,PApp,26/12/25,Pn3x6,1580,247,1,1/8,#2SAAA,,,,,,,,,,,500,16%,247,31/3/26,247,31/3/26
M145,LEfr,2/4/26,Pcx7,,86,1,1/8,#A2BAB-CBC,,,,,,,,,,,40,,86,2/4/26,86,2/4/26
M59,PEsal,6/2/26,Pn3x6,1580,1136,2,1/8,#N3F-AAA,,,,,,,,,,,96,72%,463,12/4/26,673,2/4/26,463,12/4/26
N371-N378,LE3790,3/4/26,Pn3x6,1580,,,1/7,#A2BAB-CBB,,,,,,,,,,,39
N372,LE3790,3/4/26,Pn3x6,1580,,,1/7,#A2BAB-CBB,,,,,,,,,,,39
N373,LE3790,3/4/26,Pn3x6,1580,,,1/7,#A2BAB-CBB,,,,,,,,,,,39
N374,LE3790,3/4/26,Pn3x6,1580,,,1/7,#A2BAB-CBB,,,,,,,,,,,39
N375,LE3790,3/4/26,Pn3x6,1580,,,1/7,#A2BAB-CBB,,,,,,,,,,,39
N376,LE3790,3/4/26,Pn3x6,1580,,,1/7,#A2BAB-CBB,,,,,,,,,,,39
N377,LE3790,3/4/26,Pn3x6,1580,,,1/7,#A2BAB-CBB,,,,,,,,,,,39
N378,LE3790,3/4/26,Pn3x6,1580,,,1/7,#A2BAB-CBB,,,,,,,,,,,39
N379,POm,3/4/26,Pn3x6,1580,,,1/8,#G2AAF-ABA,,,,,,,,,,,39
N380,POm,3/4/26,Pn3x6,1580,661,1,1/8,#G2AAF-ABA,,,,,,,,142,,,39,42%,661,20/05/2026,661,20/05/2026
N381,POm,3/4/26,Pn3x6,1580,,,1/8,#G2AAF-ABA,,,,,,,,,,,39
N382,POm,3/4/26,Pn3x6,1580,867,1,1/8,#G2AAF-ABA,,,,,,,,,,,39,55%,867,04/06/2026,867,04/06/2026
N383,POm,3/4/26,Pn3x6,1580,,,1/8,#G2AAF-ABA,,,,,,,,,,,39
N384,POm,3/4/26,Pn3x6,1580,306,1,1/8,#G2AAF-ABA,,,,,,,,127,,,39,19%,306,21/5/26,306,21/5/26
N385,POm,3/4/26,Pn3x6,1580,,,1/8,#G2AAF-ABA,,,,,,,,,,,39
N386,POm,3/4/26,Pn3x6,1580,,,1/8,#G2AAF-ABA,,,,,,,,,,,39
N387,PCme,3/4/26,Pn3x6,1580,,,1/8,#L4B-ACD,,,,,,,,,,,39
N388,PCme,3/4/26,Pn3x6,1580,,,1/8,#L4B-ACD,,,,,,,,,,,39
N389,PCme,3/4/26,Pn3x6,1580,,,1/8,#L4B-ACD,,,,,,,,,,,39
N390,PCme,3/4/26,Pn3x6,1580,,,1/8,#L4B-ACD,,,,,,,,,,,39
N391,PCme,3/4/26,Pn3x6,1580,,,1/8,#L4B-ACD,,,,,,,,,,,39
N392,PCme,3/4/26,Pn3x6,1580,,,1/8,#L4B-ACD,,,,,,,,,,,39
N393,PCme,3/4/26,Pn3x6,1580,,,1/8,#L4B-ACD,,,,,,,,,,,39
N394,PCme,3/4/26,Pn3x6,1580,,,1/8,#L4B-ACD,,,,,,,,,,,39
M63,PEsal,6/2/26,Pn3x6,1580,573,1,1/8,#N3F-AAA,,,,,,,,,,,96,36%,573,9/4/26,573,9/4/26
M42,PEmetax,26/12/25,Pn3x6,1580,501,1,1/8,#?A,,,,,,,,,,,500,32%,501,11/4/26,501,11/4/26
NA3,,,,,350,1,,,,,,,,,,,,,,,350,13/4/26,350,13/4/26
Z9-Z17,GLg,13.4,Pn3x6,1580,,,1/9,#13AA4-AAA,,,,,,,,,,,NaN
Z18-24,HEn,13.4,Pn3x6,1580,,,1/7,#14C-AAB,,,,,,,,,,,NaN
Z1-Z8,LEfr,13.4,Pn3x7,,,,1/8,#C2BCC-DDB,,,,,,,,,,,NaN
M103,HEg,19/3/26,Pn3x6,1580,137,2,1/8,#KBB-BC,,,,,,,,,,,53,9%,-295,25/05/2026,432,13/05/2026,-295,25/05/2026
M104,HEg,19/3/26,Pn3x6,1580,799,3,1/8,#KBB-BC,,,,,,,,,,,53,51%,125,13/05/2026,474,28/4/26,200,9/5/26,125,13/05/2026
M105,HEg,19/3/26,Pn3x6,1580,266,1,1/8,#KBB-BC,,,,,,,,,,,53,17%,266,19/05/2026,266,19/05/2026
M106,HEg,19/3/26,Pn3x6,1580,,,1/8,#KBB-BC,,,,,,,,,,,53
M107,HEg,19/3/26,Pn3x6,1580,435,1,1/8,#KBB-BC,,,,,,,,,,,53,28%,435,19/05/2026,435,19/05/2026
M108,HEg,19/3/26,Pn3x6,1580,224,1,1/8,#KBB-BC,,,,,,,,,,,53,14%,224,22/05/2026,224,22/05/2026
M109,HEg,19/3/26,Pn3x6,1580,380,1,1/8,#KBB-BC,,,,,,,,,,,53,24%,380,16/5/26,380,16/5/26
M110,HEg,19/3/26,Pn3x6,1580,474,2,1/8,#KBB-BC,,,,,,,,,,,53,30%,32,27/05/2026,442,9/5/26,32,27/05/2026
M111,PAb,19/3/26,Pn3x6,1580,,,1/8,#LAF-AAB,,,,,,,,,,,53
M112,PAb,19/3/26,Pn3x6,1580,,,1/8,#LAF-AAB,,,,,,,,,,,53
M113,PAb,19/3/26,Pn3x6,1580,,,1/8,#LAF-AAB,,,,,-4,,,,,,53
M114,PAb,19/3/26,Pn3x6,1580,,,1/8,#LAF-AAB,,,,,,,,0,,,53
M115,PAb,19/3/26,Pn3x6,1580,,,1/8,#LAF-AAB,,,,,,,,,,,53
M116,PAb,19/3/26,Pn3x6,1580,,,1/8,#LAF-AAB,,,,,,,,,,,53
M117,PAb,19/3/26,Pn3x6,1580,,,1/8,#LAF-AAB,,,,,,,,,,,53
M118,PAb,19/3/26,Pn3x6,1580,,,1/8,#LAF-AAB,,,,,,,,,,,53
M119,LEfr,19/3/26,Pcx7,,,,1/8,#C2BEC-AAC,,,,,,,,,,,53
M120,LEfr,19/3/26,Pcx7,,,,1/8,#C2BEC-AAC,,,,,,,,,,,53
M121,LEfr,19/3/26,Pcx7,,,,1/8,#C2BEC-AAC,,,,,,,,,,,53
M122,LEfr,19/3/26,Pcx7,,,,1/8,#C2BEC-AAC,,,,,,,,,,,53
M123,LEfr,19/3/26,Pcx7,,,,1/8,#C2BEC-AAC,,,,,,,,,,,53
M124,LEfr,19/3/26,Pcx7,,,,1/8,#C2BEC-AAC,,,,,,,,,,,53
M125,LEfr,19/3/26,Pcx7,,,,1/8,#C2BEC-AAC,,,,,,,,,,,53
M126,LEfr,19/3/26,Pcx7,,,,1/8,#C2BEC-AAC,,,,,,,,,,,53
M67,LEfr,12/2/26,Pcx7,,,,1/9,#C2BEC-AAB,,,,,,,,,,,90
M68,LEfr,12/2/26,Pcx7,,,,1/9,#C2BEC-AAB,,,,,,,,,,,90
M69,LEfr,12/2/26,Pcx7,,339,1,1/9,#C2BEC-AAB,,,,,,,,,,,90,,339,19/05/2026,339,19/05/2026
M70,LEfr,12/2/26,Pcx7,,,,1/9,#C2BEC-AAB,,,,,,,,,,,90
M71,LEfr,12/2/26,Pcx7,,815,1,1/9,#C2BEC-AAB,,,,,,,,,,,90,,815,13/05/2026,815,13/05/2026
M72,LEfr,12/2/26,Pcx7,,518,1,1/9,#C2BEC-AAB,,,,,,,,,,,90,,518,19/05/2026,518,19/05/2026
M73,LEfr,12/2/26,Pcx7,,,,1/9,#C2BEC-AAB,,,,,,,,,,,90
M74,LEfr,12/2/26,Pcx7,,836,1,1/9,#C2BEC-AAB,,,,,,,,,,,90,,836,17/5/26,836,17/5/26
M75,LEfr,12/2/26,Pcx7,,,,1/9,#C2BEC-AAB,,,,,,,,,,,90
M60,PEsal,6/2/26,Pn3x6,1580,418,1,1/8,#N3F-AAA,,,,,,,,,,,96,26%,418,21/4/26,418,21/4/26
M62,PEsal,6/2/26,Pn3x6,1580,,,1/8,#N3F-AAA,,,,,,,,,,,96
M64,PEsal,6/2/26,Pn3x6,1580,646,1,1/8,#N3F-AAA,,,,,,,,,,,96,41%,646,15/4/26,646,15/4/26
M65,PEsal,6/2/26,Pn3x6,1580,,,1/8,#N3F-AAA,,,,,,,,,,,96
M66,PEsal,6/2/26,Pn3x6,1580,,,1/8,#N3F-AAA,,,,,,,,,,,96
M51,PApp,6/2/26,Pn3x6,1580,880,1,1/8,#2SAAS,,,,,,,,,,,96,56%,880,13/5/26,880,13/5/26
M52,PApp,6/2/26,Pn3x6,1580,11,1,1/8,#2SAAS,,,,,,,,,,,96,1%,11,13.5,11,13.5
M53,PApp,6/2/26,Pn3x6,1580,1518,3,1/8,#2SAAS,,,,,,,,,,,96,96%,391,4/6/26,937,6.5,190,7.5,391,4/6/26
M54,PApp,6/2/26,Pn3x6,1580,1103,1,1/8,#2SAAS,,,,,,,,,,,96,70%,1103,4/5/26,1103,4/5/26
M55,PApp,6/2/26,Pn3x6,1580,1295,2,1/8,#2SAAS,,,,,,,,,,,96,82%,225,9/5/26,1070,8/5,225,9/5/26
M56,PApp,6/2/26,Pn3x6,1580,1557,3,1/8,#2SAAS,,,,,,,,,,,96,99%,312,29/05/2026,756,6/5,489,7.5,312,29/05/2026
M57,PApp,6/2/26,Pn3x6,1580,682,1,1/8,#2SAAS,,,,,,,,,,,96,43%,682,22/05/2026,682,22/05/2026
M58,PApp,6/2/26,Pn3x6,1580,971,2,1/8,#2SAAS,,,,,,,,,,,96,61%,493,16/5/26,478,15/05/2026,493,16/5/26
M76,POm,3/3/26,Pn3x6,1580,1247,2,1/9,#G2AAF-BBD,,red spot spawn,,,77,,,,,,69,79%,523,23/5/26,724,3/5/26,523,23/5/26
M77,POm,3/3/26,Pn3x6,1580,1508,2,1/9,#G2AAF-BBD,,red spot spawn,,,,,,,,,69,95%,484,29/05/2026,1024,10.8,484,29/05/2026
M78,POm,3/3/26,Pn3x6,1580,,,1/9,#G2AAF-BBD,,red spot spawn,,,,,,,,,69
M79,POm,3/3/26,Pn3x6,1580,,,1/9,#G2AAF-BBD,,red spot spawn,,,,,,,,,69
M80,POm,3/3/26,Pn3x6,1580,,,1/9,#G2AAF-BBD,,red spot spawn,,,,,,,,,69
M81,POm,3/3/26,Pn3x6,1580,1120,3,1/9,#G2AAF-BBD,,red spot spawn,,,,,,,,,69,71%,321,10.8,734,19/4/26,65,9/5/26,321,10.8
M82,POm,3/3/26,Pn3x6,1580,1221,2,1/9,#G2AAF-BBD,,red spot spawn,,,,,,,,,69,77%,367,31/06/2026,854,9/5/26,367,31/06/2026
M83,POm,3/3/26,Pn3x6,1580,1107,2,1/9,#G2AAF-BBD,,red spot spawn,,,,,,,,,69,70%,685,5/6/26,422,11/5/26,685,5/6/26
M84,POm,3/3/26,Pn3x6,1580,,,1/9,#G2AAF-BBD,,red spot spawn,,,,,,,,,69
M85,PAb,3/3/26,Pn3x6,1580,,,1/9,#S2AA-ACB,,,,,,,,,,,69
M86,PAb,3/3/26,Pn3x6,1580,,,1/9,#S2AA-ACB,,,,,,,,,,,69
M87,PAb,3/3/26,Pn3x6,1580,14,1,1/9,#S2AA-ACB,,,,,,,,,,,69,1%,14,10.8,14,10.8
M88,PAb,3/3/26,Pn3x6,1580,,,1/9,#S2AA-ACB,,,,,,,,,,-83,69
M89,PAb,3/3/26,Pn3x6,1580,,,1/9,#S2AA-ACB,,,,,,,,,,,69
M90,PAb,3/3/26,Pn3x6,1580,,,1/9,#S2AA-ACB,,,,,,,,,,,69
M91,PAb,3/3/26,Pn3x6,1580,,,1/9,#S2AA-ACB,,,,,,,,,,,69
M92,PAb,3/3/26,Pn3x6,1580,,,1/9,#S2AA-ACB,,,,,,,,,,,69
M93,PAb,3/3/26,Pn3x6,1580,203,1,1/9,#S2AA-ACB,,,,,,,,,,,69,13%,203,14/05/2026,203,14/05/2026
M94,GLzam,3/3/26,Pn3x6,1580,,,1/9,#V4BBA,,,,,,,,,,,69
M95,GLzam,3/3/26,Pn3x6,1580,,,1/9,#V4BBA,,,,,,,,,,,69
M96,GLzam,3/3/26,Pn3x6,1580,,,1/9,#V4BBA,,,,,,,,,,,69
M97,GLzam,3/3/26,Pn3x6,1580,,,1/9,#V4BBA,,,,,,,,,,,69
M98,GLzam,3/3/26,Pn3x6,1580,,,1/9,#V4BBA,,,,,,,,,,,69
M99,GLzam,3/3/26,Pn3x6,1580,,,1/9,#V4BBA,,,,,,,,,,,69
M100,GLzam,3/3/26,Pn3x6,1580,,,1/9,#V4BBA,,,,,,,,,,,69
M101,GLzam,3/3/26,Pn3x6,1580,,,1/9,#V4BBA,,,,,,,,,,,69
M102,GLzam,3/3/26,Pn3x6,1580,,,1/9,#V4BBA,,,,,,,,,,,69
M18,POm,14/11/26,Pcx7,,,,1/9,#G2AAF-BBA,,,,,,,,,,,186
M19,POm,14/11/26,Pn3x6,1580,,,1/9,#G2AAF-BBA,,,,,,,,,,,186
M2,HU22,14/11/26,Pn3x6,1580,,,1/9,#B2DD-BAA,,,,,,,,,,,186
M3,HU22,14/11/26,Pn3x6,1580,,,1/9,#B2DD-BAA,,,,,,,,,,,186
M5,HU22,14/11/26,Pn3x6,1580,,,1/9,#B2DD-BAA,,,,,,,,,,,186
M6,HU22,14/11/26,Pn3x6,1580,,,1/9,#B2DD-BAA,,,,,,,,,,,186
M8,HU22,14/11/26,Pn3x6,1580,,,1/9,#B2DD-BAA,,,,,,,,,,,186
M17,PEcorea,14/11/26,Pcx7,,,,1/8,#F3AC-BAA,,filtre moisi,,,,,,,,,186
MM125,PApp,2/4/26,Pn3x6,1580,,,1/8,#2SABB,,,,,,,,,,,40
MM126,PApp,2/4/26,Pn3x6,1580,,,1/8,#2SABB,,,,,,,,,,,40
MM127,PApp,2/4/26,Pn3x6,1580,,,1/8,#2SABB,,,,,,,,,,,40
MM128,PApp,2/4/26,Pn3x6,1580,,,1/8,#2SABB,,,,,,,,,,,40
MM129,PApp,2/4/26,Pn3x6,1580,,,1/8,#2SABB,,,,,,,,,,,40
MM130,PApp,2/4/26,Pn3x6,1580,,,1/8,#2SABB,,,,,,,,,,,40
MM131,PApp,2/4/26,Pn3x6,1580,,,1/8,#2SABB,,,,,,,,,,,40
MM132,PApp,2/4/26,Pn3x6,1580,,,1/8,#2SABB,,,,,,,,,,,40
MM133,PApp,2/4/26,Pn3x6,1580,,,1/8,#2SABB,,,,,,,,,,,40
MM134,PApp,2/4/26,Pn3x6,1580,,,1/8,#2SABB,,,,,,,,,,,40
MM135,PApp,2/4/26,Pn3x6,1580,,,1/8,#2SABB,,,,,,,,,,,40
M136,PSn,2/4/26,Pn3x6,1580,,,1/8,#A4BCB,,,,,,,,,,,40
M137,PSn,2/4/26,Pn3x6,1580,976,2,1/8,#A4BCB,,,,,,,,,,,40,62%,333,2/6/26,643,17/5/26,333,2/6/26
M138,PSn,2/4/26,Pn3x6,1580,,,1/8,#A4BCB,,,,,,,,,,,40
M139,PSn,2/4/26,Pn3x6,1580,,,1/8,#A4BCB,,,,,,,,,,,40
M140,PSn,2/4/26,Pn3x6,1580,,,1/8,#A4BCB,,,,,,,,,,,40
M141,PSn,2/4/26,Pn3x6,1580,685,1,1/8,#A4BCB,,,,,,,,,,,40,43%,685,14/05/2026,685,14/05/2026
M142,PSn,2/4/26,Pn3x6,1580,366,1,1/8,#A4BCB,,,,,,,,,,,40,23%,366,12/5/26,366,12/5/26
M143,PSn,2/4/26,Pn3x6,1580,569,1,1/8,#A4BCB,,,,,0,,,,,,40,36%,569,27/05/2026,569,27/05/2026
M144,LEfr,2/4/26,Pcx7,,,,1/8,#A2BAB-CBC,,,,,,,,,,,40
M146,LEfr,2/4/26,Pcx7,,,,1/8,#A2BAB-CBC,,,,,,,,,,,40
M147,LEfr,2/4/26,Pcx7,,,,1/8,#A2BAB-CBC,,,,,,,,,,,40
M148,LEfr,2/4/26,Pcx7,,,,1/8,#A2BAB-CBC,,,,,,,,,,,40
M149,LEfr,2/4/26,Pcx7,,,,1/8,#A2BAB-CBC,,,,,,,,,,,40
M150,LEfr,2/4/26,Pcx7,,,,1/8,#A2BAB-CBC,,,,,,,,,,,40
M151,LEfr,2/4/26,Pcx7,,,,1/8,#A2BAB-CBC,,,,,,,,,,,40
M152,HEn,10/4/26,Pn3x6,1580,185,1,1/9,#I4C-AAA NG,,,,,-4,,,,,,32,12%,185,4/6/26,185,4/6/26
M153,HEn,10/4/26,Pn3x6,1580,,,1/9,#I4C-AAA NG,,,,,,,,,,,32
M154,HEn,10/4/26,Pn3x6,1580,,,1/9,#I4C-AAA NG,,,,,0,,,,,,32
M155,HEn,10/4/26,Pn3x6,1580,,,1/9,#I4C-AAA NG,,,,,,,,,,,32
M156,HEn,10/4/26,Pn3x6,1580,144,2,1/9,#I4C-AAA NG,,,,,,,,,,,32,9%,81,2/6/26,63,31/06/2026,81,2/6/26
M157,HEn,10/4/26,Pn3x6,1580,152,1,1/9,#I4C-AAA NG,,,,,0,,,,,,32,10%,152,03/06/2026,152,03/06/2026
M158,HEn,10/4/26,Pn3x6,1580,107,1,1/9,#I4C-AAA NG,,,,,0,,,,,,32,7%,107,04/06/2026,107,04/06/2026
M159,HEn,10/4/26,Pn3x6,1580,416,1,1/9,#I4C-AAA NG,,,,,1,,,,,,32,26%,416,2/6/26,416,2/6/26
M160,HEn,10/4/26,Pn3x6,1580,371,2,1/9,#I4C-AAA NG,,,,,0,,,,,,32,23%,178,04/06/2026,193,2/6/26,178,04/06/2026
M161,GLg,10/4/26,Pn3x6,1580,,,1/9,#I3AAA NG,,,,,,,,,,,32
M162,GLg,10/4/26,Pn3x6,1580,,,1/9,#I3AAA NG,,,,,,,,,,,32
M163,GLg,10/4/26,Pn3x6,1580,,,1/9,#I3AAA NG,,,,,,,,,,,32
M164,GLg,10/4/26,Pn3x6,1580,,,1/9,#I3AAA NG,,,,,,,,,,,32
M165,GLg,10/4/26,Pn3x6,1580,,,1/9,#I3AAA NG,,,,,,,,,,,32
M166,GLg,10/4/26,Pn3x6,1580,,,1/9,#I3AAA NG,,,,,0,,,,,,32
M167,GLg,10/4/26,Pn3x6,1580,,,1/9,#I3AAA NG,,,,,,,,,,,32
M168,GLg,10/4/26,Pn3x6,1580,,,1/9,#I3AAA NG,,,,,,,,,,,32
M169,GLg,10/4/26,Pn3x6,1580,,,1/9,#I3AAA NG,,,,,,,,,,,32
M170,HUn,10/4/26,Pn3x6,1580,,,1/9,#A4BBA-BAB,,,,,-409,,,,,,32
M171,HUn,10/4/26,Pn3x6,1580,,,1/9,#A4BBA-BAB,,,,,,,,347,,246,32
M172,HUn,10/4/26,Pn3x6,1580,,,1/9,#A4BBA-BAB,,,,,,,,,,,32
M173,HUn,10/4/26,Pn3x6,1580,1265,2,1/9,#A4BBA-BAB,,,,,,,,,,,32,80%,678,27/05/2026,587,17/5/26,678,27/05/2026
M174,HUn,10/4/26,Pn3x6,1580,,,1/9,#A4BBA-BAB,,,,2,,,,,,,32
M175,HUn,10/4/26,Pn3x6,1580,,,1/9,#A4BBA-BAB,,,,,,,,,,,32
M176,HUn,10/4/26,Pn3x6,1580,482,1,1/9,#A4BBA-BAB,,,,,,,,,,,32,31%,482,04/06/2025,482,04/06/2025
M177,HUn,10/4/26,Pn3x6,1580,,,1/9,#A4BBA-BAB,,,,,,,,,,,32
M178,HUn,10/4/26,Pn3x6,1580,671,1,1/9,#A4BBA-BAB,,,,,,,,,,,32,42%,671,4/6/26,671,4/6/26
M43,HUn,26/12/25,Pn3x6,1580,-3,2,1/8,#C4AD-AC,,,,,,,,,,,500,0%,36,04/06/2026,-39,04/06/2025,36,04/06/2026
M46,HUn,26/12/25,Pn3x6,1580,,,1/8,#C4AD-AC,,,,,,,,,,,500
M47,HUn,26/12/25,Pn3x6,1580,,,1/8,#C4AD-AC,,,,,,,,,,,500
M49,HUn,26/12/25,Pn3x6,1580,,,1/8,#C4AD-AC,,,,,,,,,,,500
M50,HUn,26/12/25,Pn3x6,1580,638,2,1/8,#C4AD-AC,,,,,105,,,,,165,500,40%,278,11/5/26,360,30/4/26,278,11/5/26
M36,PEmetax,26/12/25,Pn3x6,1580,,,1/8,#?A,,,,,,,,,,,500
M27,PApp,26/12/25,Pn3x6,1580,1699,3,1/8,#2SAAA,,,,,,,,,,,500,108%,173,10.8,1345,14/4/26,181,9/5/26,173,10.8
M28,PApp,26/12/25,Pn3x6,1580,550,1,1/8,#2SAAA,,,,,,,,,,,500,35%,550,20/05/2026,550,20/05/2026
M29,PApp,26/12/25,Pn3x6,1580,903,2,1/8,#2SAAA,,,,,,,,,,,500,57%,373,16/5/26,530,28/4/26,373,16/5/26
M31,PApp,26/12/25,Pn3x6,1580,,,1/8,#2SAAA,,,,,,,,,,,500
M32,PApp,26/12/25,Pn3x6,1580,1081,1,1/8,#2SAAA,,,,,,,,,,,500,68%,1081,18/4/26,1081,18/4/26
M33,PApp,26/12/25,Pn3x6,1580,,,1/8,#2SAAA,,,,,,,,,,,500
N395,HUn,7/4/26,Pn3x6,1580,542,1,1/8,#A4BBA-BAA,,,,,454,,,,,,35,34%,542,1/6/26,542,1/6/26
N396,HUn,7/4/26,Pn3x6,1580,,,1/8,#A4BBA-BAA,,,,,,,,,,,35
N397,HUn,7/4/26,Pn3x6,1580,697,1,1/8,#A4BBA-BAA,,,,,0,,,,,,35,44%,697,29/05/2026,697,29/05/2026
N398,HUn,7/4/26,Pn3x6,1580,,,1/8,#A4BBA-BAA,,,,,,,,,,,35
N399,HUn,7/4/26,Pn3x6,1580,708,2,1/8,#A4BBA-BAA,,,,,,,,,,,35,45%,397,29/05/2026,311,19/05/2026,397,29/05/2026
N400,HUn,7/4/26,Pn3x6,1580,,,1/8,#A4BBA-BAA,,,,,,,,,,,35
N401,HUn,7/4/26,Pn3x6,1580,,,1/8,#A4BBA-BAA,,,,,,,,,,,35
N402,HUn,7/4/26,Pn3x6,1580,781,2,1/8,#A4BBA-BAA,,,,,,,,,,,35,49%,279,23/5/26,502,19/05/2026,279,23/5/26
N403,PApp,7/4/26,Pn3x6,1580,,,1/8,#2SABC,,,,,,,,,,,35
N404,PApp,7/4/26,Pn3x6,1580,,,1/8,#2SABC,,,,,,,,,,,35
N405,PApp,7/4/26,Pn3x6,1580,,,1/8,#2SABC,,,,,,,,,,,35
N406,PApp,7/4/26,Pn3x6,1580,,,1/8,#2SABC,,,,,,,,,,,35
N407,PApp,7/4/26,Pn3x6,1580,,,1/8,#2SABC,,,,,,,,,,,35
N408,PApp,7/4/26,Pn3x6,1580,,,1/8,#2SABC,,,,,,,,,,,35
N409,PApp,7/4/26,Pn3x6,1580,,,1/8,#2SABC,,,,,,,,,,,35
N410,PApp,7/4/26,Pn3x6,1580,,,1/8,#2SABC,,,,,,,,,,,35
N411,PSn,7/4/26,Pn3x6,1580,,,1/8,#A4BCB-BAD,,,,,,,,,,,35
N412,PSn,7/4/26,Pn3x6,1580,,,1/8,#A4BCB-BAD,,,,,,,,,,,35
N413,PSn,7/4/26,Pn3x6,1580,,,1/8,#A4BCB-BAD,,,,,,,,,,,35
N414,PSn,7/4/26,Pn3x6,1580,,,1/8,#A4BCB-BAD,,,,,,,,,,,35
N415,PSn,7/4/26,Pn3x6,1580,,,1/8,#A4BCB-BAD,,,,,,,,,,,35
N416,PSn,7/4/26,Pn3x6,1580,,,1/8,#A4BCB-BAD,,,,,,,,,,,35
N417,PSn,7/4/26,Pn3x6,1580,,,1/8,#A4BCB-BAD,,,,,,,,,,,35
N418,PSn,7/4/26,Pn3x6,1580,,,1/8,#A4BCB-BAD,,,,,,,,,,,35
L618,PEcorea,8/5/2025,Pn3x6,1580,,,1/8,#F3AC-CAA,,,,,,,,,,,73048132
N419,GLzam,19/4/26,Pn3x6,1580,,,1/8,#V4DA-AAC,,,,,,,,,,,23
N420,GLzam,19/4/26,Pn3x6,1580,,,1/8,#V4DA-AAC,,,,,,,,,,,23
N421,GLzam,19/4/26,Pn3x6,1580,,,1/8,#V4DA-AAC,,,,,,,,,,,23
N422,GLzam,19/4/26,Pn3x6,1580,,,1/8,#V4DA-AAC,,,,,,,,,,,23
N423,GLzam,19/4/26,Pn3x6,1580,,,1/8,#V4DA-AAC,,,,,,,,,,,23
N424,GLzam,19/4/26,Pn3x6,1580,,,1/8,#V4DA-AAC,,,,,,,,,,,23
N425,GLzam,19/4/26,Pn3x6,1580,,,1/8,#V4DA-AAC,,,,,,,,,,,23
N426,GLzam,19/4/26,Pn3x6,1580,,,1/8,#V4DA-AAC,,,,,,,,,,,23
N427,PAb,19/4/26,Pn3x6,1580,,,1/8,#LAF-ABA,,,,,,,,,,,23
N428,PAb,19/4/26,Pn3x6,1580,,,1/8,#LAF-ABA,,,,,,,,,,,23
N429,PAb,19/4/26,Pn3x6,1580,,,1/8,#LAF-ABA,,,,,,,,,,,23
N430,PAb,19/4/26,Pn3x6,1580,,,1/8,#LAF-ABA,,,,,,,,,,,23
N431,PAb,19/4/26,Pn3x6,1580,,,1/8,#LAF-ABA,,,,,,,,,,,23
N432,PAb,19/4/26,Pn3x6,1580,,,1/8,#LAF-ABA,,,,,,,,,,,23
N433,PAb,19/4/26,Pn3x6,1580,,,1/8,#LAF-ABA,,,,,,,,,,,23
N434,LEm,19/4/26,Pcx7,,,,1/8,#?22,,,,,,,,,,,23
N435,LEm,19/4/26,Pcx7,,,,1/8,#?22,,,,,,,,,,,23
N436,LEm,19/4/26,Pcx7,,,,1/8,#?22,,,,,,,,,,,23
N437,LEm,19/4/26,Pcx7,,,,1/8,#?22,,,,,,,,,,,23
N438,LEm,19/4/26,Pcx7,,,,1/8,#?22,,,,,,,,,,,23
N439,LEm,19/4/26,Pcx7,,,,1/8,#?22,,,,,,,,,,,23
N440,LEm,19/4/26,Pcx7,,,,1/8,#?22,,,,,,,,,,,23
N441,LEm,19/4/26,Pcx7,,,,1/8,#?22,,,,,,,,,,,23
Z25-Z32,POpag,8.4.26,Pn3x6,1580,,,1/8,#P3-AAB,,,,,,,,,,,NaN
Z41-Z48,PAb,10/4/26,Pn3x6,1580,,,1/8,#LAF-ABB,,,,,,,,,,,32
N442,POpag,23/4/26,Pn3x6,1580,,,1/8,#P3-AAB,,,,,,,,,,,19
N443,POpag,23/4/26,Pn3x6,1580,,,1/8,#P3-AAB,,,,,,,,,,,19
N444,POpag,23/4/26,Pn3x6,1580,,,1/8,#P3-AAB,,,,,,,,,,,19
N445,POpag,23/4/26,Pn3x6,1580,,,1/8,#P3-AAB,,,,,,,,,,,19
N446,POpag,23/4/26,Pn3x6,1580,,,1/8,#P3-AAB,,,,,,,,,,,19
N447,POpag,23/4/26,Pn3x6,1580,,,1/8,#P3-AAB,,,,,,,,,,,19
N448,POpag,23/4/26,Pn3x6,1580,,,1/8,#P3-AAB,,,,,,,,,,,19
N449,POpag,23/4/26,Pn3x6,1580,,,1/8,#P3-AAB,,,,,,,,,,,19
N457,HEg,23/4/26,Pn3x6,1580,,,1/8,#KBBCB,,,,,,,,,,,19
N458,LEfr,23/4/26,Pn3x6,1580,,,1/8,#C2BEC-DDA,,,,,,,,,,,19
N459,LEfr,23/4/26,Pn3x6,1580,,,1/8,#C2BEC-DDA,,,,,,,,,,,19
N450,HEg,23/4/26,Pn3x6,1580,,,1/8,#KBBCB,,,,,,,,,,,19
N451,HEg,23/4/26,Pn3x6,1580,,,1/8,#KBBCB,,,,,,,,,,,19
N452,HEg,23/4/26,Pn3x6,1580,,,1/8,#KBBCB,,,,,,,,,,,19
N453,HEg,23/4/26,Pn3x6,1580,,,1/8,#KBBCB,,,,,-409,,,,,,19
N454,HEg,23/4/26,Pn3x6,1580,,,1/8,#KBBCB,,,,,,,,,,,19
N455,HEg,23/4/26,Pn3x6,1580,,,1/8,#KBBCB,,,,,,,,,,,19
N456,HEg,23/4/26,Pn3x6,1580,,,1/8,#KBBCB,,,,,,,,,,,19
N460,LEfr,23/4/26,Pn3x6,1580,,,1/8,#C2BEC-DDA,,,,,,,,,,,19
N461,LEfr,23/4/26,Pn3x6,1580,,,1/8,#C2BEC-DDA,,,,,,,,,,,19
N462,LEfr,23/4/26,Pn3x6,1580,,,1/8,#C2BEC-DDA,,,,,,,,,,,19
N463,LEfr,23/4/26,Pn3x6,1580,,,1/8,#C2BEC-DDA,,,,,,,,,,,19
N464,LEfr,23/4/26,Pn3x6,1580,,,1/8,#C2BEC-DDA,,,,,,,,,,,19
N465,LEfr,23/4/26,Pn3x6,1580,,,1/8,#C2BEC-DDA,,,,,,,,,,,19
Z57-Z64,PCme,17/4/2026,Pn3x6,1580,,,1/8,#R4BB-BBB,,,,,,,,,,,73048475
Z49-Z56,HU22,16/4/2026,Pn3x6,1580,,,1/8,#B2DD-AA,,,,,,,,,,,73048474
Z65-Z72,HEn,16/4/2026,Pn3x6,1580,,,1/8,#14C-ABA,,,,,,,,,,,73048474
N466,HU22,29/4/26,Pn3x6,1580,,,1/8,#B2DD-AB,,,,,,,,,,,13
N467,HU22,29/4/26,Pn3x6,1580,,,1/8,#B2DD-AB,,,,,,,,,,,13
N468,HU22,29/4/26,Pn3x6,1580,,,1/8,#B2DD-AB,,,,,,,,,,,13
N469,HU22,29/4/26,Pn3x6,1580,55,1,1/8,#B2DD-AB,,,,,1,,,,,,13,3%,55,27/05/2026,55,27/05/2026
N470,HU22,29/4/26,Pn3x6,1580,,,1/8,#B2DD-AB,,,,,,,,,,,13
N471,HU22,29/4/26,Pn3x6,1580,,,1/8,#B2DD-AB,,,,,,,,,,,13
N472,HU22,29/4/26,Pn3x6,1580,,,1/8,#B2DD-AB,,,,,,,,,,,13
N473,HU22,29/4/26,Pn3x6,1580,,,1/8,#B2DD-AB,,,,,,,,,,,13
N474,HEg,29/4/26,Pn3x6,1580,,,1/8,#KBBCA,,,,,,,,,,,13
N475,HEg,29/4/26,Pn3x6,1580,,,1/8,#KBBCA,,,,,,,,,,,13
N476,HEg,29/4/26,Pn3x6,1580,,,1/8,#KBBCA,,,,,,,,,,,13
N477,HEg,29/4/26,Pn3x6,1580,,,1/8,#KBBCA,,,,,,,,,,,13
N478,HEg,29/4/26,Pn3x6,1580,,,1/8,#KBBCA,,,,,,,,,,,13
N479,HEg,29/4/26,Pn3x6,1580,,,1/8,#KBBCA,,,,,,,,,,,13
N480,HEg,29/4/26,Pn3x6,1580,,,1/8,#KBBCA,,,,,,,,,,,13
N481,HEg,29/4/26,Pn3x6,1580,,,1/8,#KBBCA,,,,,,,,,,,13
N482,PSn,29/4/26,Pn3x6,1580,,,1/8,#ABCB-BBB,,,,,,,,0,,,13
N483,PSn,29/4/26,Pn3x6,1580,,,1/8,#ABCB-BBB,,,,,,,,,,,13
N484,PSn,29/4/26,Pn3x6,1580,,,1/8,#ABCB-BBB,,,,,,,,,,,13
N485,PSn,29/4/26,Pn3x6,1580,,,1/8,#ABCB-BBB,,,,,,,,,,,13
N486,PSn,29/4/26,Pn3x6,1580,,,1/8,#ABCB-BBB,,,,,,,,,,,13
N487,PSn,29/4/26,Pn3x6,1580,,,1/8,#ABCB-BBB,,,,,,,,,,,13
N488,PSn,29/4/26,Pn3x6,1580,,,1/8,#ABCB-BBB,,,,,,,,,,,13
N489,PSn,29/4/26,Pn3x6,1580,,,1/8,#ABCB-BBB,,,,,,,,,,,13
N490,HCpp,1/5/26,Pn3x6,1580,,,1/8,#N4-ACAsof,,,,,,,,,,,10
N491,HCpp,1/5/26,Pn3x6,1580,,,1/8,#N4-ACAsof,,,,,,,,,,,10
N492,HCpp,1/5/26,Pn3x6,1580,,,1/8,#N4-ACAsof,,,,,,,,,,,10
N493,HCpp,1/5/26,Pn3x6,1580,,,1/8,#N4-ACAsof,,,,,,,,,,,10
N494,HCpp,1/5/26,Pn3x6,1580,,,1/8,#N4-ACAsof,,,,,,,,,,,10
N495,HCpp,1/5/26,Pn3x6,1580,,,1/8,#N4-ACAsof,,,,,,,,,,,10
N496,HCpp,1/5/26,Pn3x6,1580,,,1/8,#N4-ACAsof,,,,,,,,,,,10
N497,HCpp,1/5/26,Pn3x6,1580,,,1/8,#N4-ACAsof,,,,,,,,,,,10
N498,PSn,4/5/26,Pn3x6,1580,,,1/8,#A4BCB-BBA,,,,,,,,,,,7
N499,PSn,4/5/26,Pn3x6,1580,,,1/8,#A4BCB-BBA,,,,,,,,,,,7
N500,PSn,4/5/26,Pn3x6,1580,,,1/8,#A4BCB-BBA,,,,,,,,,,,7
N501,PSn,4/5/26,Pn3x6,1580,,,1/8,#A4BCB-BBA,,,,,,,,,,,7
N502,PSn,4/5/26,Pn3x6,1580,,,1/8,#A4BCB-BBA,,,,,,,,,,,7
N503,PSn,4/5/26,Pn3x6,1580,,,1/8,#A4BCB-BBA,,,,,,,,,,,7
N504,PSn,4/5/26,Pn3x6,1580,,,1/8,#A4BCB-BBA,,,,,,,,,,,7
N505,PSn,4/5/26,Pn3x6,1580,,,1/8,#A4BCB-BBA,,,,,,,,,,,7
N506,LEfr,4/5/26,Pcx7,,,,1/8,#C2BEC-DDC,,,,,,,,,,,7
N507,LEfr,4/5/26,Pcx7,,,,1/8,#C2BEC-DDC,,,,,,,,,,,7
N508,LEfr,4/5/26,Pcx7,,,,1/8,#C2BEC-DDC,,,,,,,,,,,7
N509,LEfr,4/5/26,Pcx7,,,,1/8,#C2BEC-DDC,,,,,,,,,,,7
N510,LEfr,4/5/26,Pcx7,,,,1/8,#C2BEC-DDC,,,,,,,,,,,7
N511,LEfr,4/5/26,Pcx7,,,,1/8,#C2BEC-DDC,,,,,,,,,,,7
N512,LEfr,4/5/26,Pcx7,,,,1/8,#C2BEC-DDC,,,,,,,,,,,7
N513,LEfr,4/5/26,Pcx7,,,,1/8,#C2BEC-DDC,,,,,,,,,,,7
Z81-Z88,HEn,16/4/2026,Pn3x6,1580,,,1/8,XXXX,,,,,,,,,,,73048474
Z89-Z96,PCme,29/4/2026,Pn3x6,1580,,,1/8,XXXX,,,,,,,,,,,73048487
Z73-Z80,HU22,1/5/2026,Pn3x6,1580,,,1/8,XXXX,,,,,,,,,,,73048490
M319,,,,,204,1,,,,,,,,,,,,,,,204,15/05/2026,204,15/05/2026
M312,,,,,424,1,,,,,,,,,,,,,,,424,18/5/26,424,18/5/26
M399,,,,,282,1,,,,,,,,,,,,,,,282,20/05/2026,282,20/05/2026
Z19,,,,,,,,,,,,,1
Z21,,,,,554,2,,,,,,,,,,,,,,,174,31/06/2026,380,22/05/2026,174,31/06/2026
Z54,,,,,690,2,,,,,,,0,,,,,,,,197,1/6/26,493,29/05/2026,197,1/6/26
Z52,,,,,,,,,,,,,0
Z20,,,,,,,,,,,,,0
NN145,,,,,58,1,,,,,,,,,,,,,,,58,31/06/2026,58,31/06/2026
Z23,,,,,,,,,,,,,-410
Z18,,,,,,,,,,,,,-410
N514,LE3790,8/5/26,Pn3x6 ferm and ster,,,,1/8,#A2BAB-CCB,,,,,,,,,,,3
N515,LE3790,8/5/26,Pn3x6 ferm and ster,,,,1/8,#A2BAB-CCB,,,,,,,,,,,3
N516,LE3790,8/5/26,Pn3x6 ferm and ster,,,,1/8,#A2BAB-CCB,,,,,,,,,,,3
N517,LE3790,8/5/26,Pn3x6 ferm and ster,,,,1/8,#A2BAB-CCB,,,,,,,,,,,3
N518,LE3790,8/5/26,Pn3x6 ferm and ster,,,,1/8,#A2BAB-CCB,,,,,,,,,,,3
N519,LE3790,8/5/26,Pn3x6 ferm and ster,,,,1/8,#A2BAB-CCB,,,,,,,,,,,3
N520,LE3790,8/5/26,Pn3x6 ferm and ster,,,,1/8,#A2BAB-CCB,,,,,,,,,,,3
N521,LE3790,8/5/26,Pn3x6 ferm and ster,,,,1/8,#A2BAB-CCB,,,,,,,,,,,3
N522,HU22,8/5/26,Pn3x6 ferm and ster,,,,1/8,#B2DD-AD,,,,,,,,,,,3
N523,HU22,8/5/26,Pn3x6 ferm and ster,,,,1/8,#B2DD-AD,,,,,,,,,,,3
N524,HU22,8/5/26,Pn3x6 ferm and ster,,,,1/8,#B2DD-AD,,,,,,,,,,,3
N525,HU22,8/5/26,Pn3x6 ferm and ster,,,,1/8,#B2DD-AD,,,,,,,,,,,3
N526,HU22,8/5/26,Pn3x6 ferm and ster,,,,1/8,#B2DD-AD,,,,,,,,,,,3
N527,HU22,8/5/26,Pn3x6 ferm and ster,,,,1/8,#B2DD-AD,,,,,,,,,,,3
N528,HU22,8/5/26,Pn3x6 ferm and ster,,,,1/8,#B2DD-AD,,,,,,,,,,,3
N529,HU22,8/5/26,Pn3x6 ferm and ster,,,,1/8,#B2DD-AD,,,,,,,,,,,3
N530,HU22,8/5/26,Pn3x6 ferm and ster,,,,1/8,#B2DD-AD,,,,,,,,,,,3
N531,HU22,8/5/26,Pn3x6 ferm and ster,,,,1/8,Old#B2DD-BBC,,,,,,,,,,,3
N532,HU22,8/5/26,Pn3x6 ferm and ster,,,,1/8,Old#B2DD-BBC,,,,,,,,,,,3
N533,HU22,8/5/26,Pn3x6 ferm and ster,,,,1/8,Old#B2DD-BBC,,,,,,,,,,,3
N534,HU22,8/5/26,Pn3x6 ferm and ster,,,,1/8,Old#B2DD-BBC,,,,,,,,,,,3
N535,HU22,8/5/26,Pn3x6 ferm and ster,,,,1/8,Old#B2DD-BBC,,,,,,,,,,,3
N536,HU22,8/5/26,Pn3x6 ferm and ster,,,,1/8,Old#B2DD-BBC,,,,,,,,,,,3
N537,HU22,8/5/26,Pn3x6 ferm and ster,,,,1/8,Old#B2DD-BBC,,,,,,,,,,,3
N538,HU22,8/5/26,Pn3x6 ferm and ster,,,,1/8,Old#B2DD-BBC,,,,,,,,,,,3
N539,HU22,8/5/26,Pn3x6 ferm and ster,,,,1/8,Old#B2DD-BBC,,,,,,,,,,,3
N540,HUn,14/5/26,Pn3x6,1580,,,1/8,#A4BBA- BAB,,,,,,,,,,,3
N541,HUn,14/5/26,Pn3x6,1580,,,1/8,#A4BBA- BAB,,,,,,,,,,,3
N542,HUn,14/5/26,Pn3x6,1580,,,1/8,#A4BBA- BAB,,,,,,,,,,,3
N543,HUn,14/5/26,Pn3x6,1580,,,1/8,#A4BBA- BAB,,,,,,,,,,,3
N544,HUn,14/5/26,Pn3x6,1580,,,1/8,#A4BBA- BAB,,,,,,,,,,,3
N545,HUn,14/5/26,Pn3x6,1580,,,1/8,#A4BBA- BAB,,,,,,,,,,,3
N546,HUn,14/5/26,Pn3x6,1580,,,1/8,#A4BBA- BAB,,,,,,,,,,,3
N547,HUn,14/5/26,Pn3x6,1580,,,1/8,#A4BBA- BAB,,,,,,,,,,,3
N548,PCme,14/5/26,Pn3x6,1580,,,1/8,#R4BB- AA,,,,,,,,,,,3
N549,PCme,14/5/26,Pn3x6,1580,,,1/8,#R4BB- AA,,,,,,,,,,,3
N550,PCme,14/5/26,Pn3x6,1580,,,1/8,#R4BB- AA,,,,,,,,,,,3
N551,PCme,14/5/26,Pn3x6,1580,,,1/8,#R4BB- AA,,,,,,,,,,,3
N552,PCme,14/5/26,Pn3x6,1580,,,1/8,#R4BB- AA,,,,,,,,,,,3
N553,PCme,14/5/26,Pn3x6,1580,,,1/8,#R4BB- AA,,,,,,,,,,,3
N554,PCme,14/5/26,Pn3x6,1580,,,1/8,#R4BB- AA,,,,,,,,,,,3
N555,PCme,14/5/26,Pn3x6,1580,,,1/8,#R4BB- AA,,,,,,,,,,,3
N572,POm,22/5/26,Pn3x6,1580,,,1/8,#G2RBF- ABCsof,,,,,,,,,,,11
N573,POm,22/5/26,Pn3x6,1580,,,1/8,#G2RBF- ABCsof,,,,,,,,,,,11
N574,POm,22/5/26,Pn3x6,1580,,,1/8,#G2RBF- ABCsof,,,,,,,,,,,11
N575,POm,22/5/26,Pn3x6,1580,,,1/8,#G2RBF- ABCsof,,,,,,,,,,,11
N576,POm,22/5/26,Pn3x6,1580,,,1/8,#G2RBF- ABCsof,,,,,,,,,,,11
N577,POm,22/5/26,Pn3x6,1580,,,1/8,#G2RBF- ABCsof,,,,,,,,,,,11
N578,POm,22/5/26,Pn3x6,1580,,,1/8,#G2RBF- ABCsof,,,,,,,,,,,11
N579,POm,22/5/26,Pn3x6,1580,,,1/8,#G2RBF- ABCsof,,,,,,,,,,,11
N580,LEfr,22/5/26,Pcx7,,,,1/8,#C2BEC-DEB,,,,,,,,,,,11
N581,LEfr,22/5/26,Pcx7,,,,1/8,#C2BEC-DEB,,,,,,,,,,,11
N582,LEfr,22/5/26,Pcx7,,,,1/8,#C2BEC-DEB,,,,,,,,,,,11
N583,LEfr,22/5/26,Pcx7,,,,1/8,#C2BEC-DEB,,,,,,,,,,,11
N584,LEfr,22/5/26,Pcx7,,,,1/8,#C2BEC-DEB,,,,,,,,,,,11
N585,LEfr,22/5/26,Pcx7,,,,1/8,#C2BEC-DEB,,,,,,,,,,,11
N586,LEfr,22/5/26,Pcx7,,,,1/8,#C2BEC-DEB,,,,,,,,,,,11
N587,LEfr,22/5/26,Pcx7,,,,1/8,#C2BEC-DEB,,,,,,,,,,,11
N588,LEfr,22/5/26,Pcx7,,,,1/8,#C2BEC-DEB,,,,,,,,,,,11
N589,LEfr,22/5/26,Pcx7,,,,1/8,#C2BEC-DEB,,,,,,,,,,,11
N590,PEsal,24/5/26,Pn3x7,,,,1/8,#N3F-AAC,,,,,,,,,,,13
N591,PEsal,24/5/26,Pn3x7,,,,1/8,#N3F-AAC,,,,,,,,,,,13
N592,PEsal,24/5/26,Pn3x7,,,,1/8,#N3F-AAC,,,,,,,,,,,13
N593,PEsal,24/5/26,Pn3x7,,,,1/8,#N3F-AAC,,,,,,,,,,,13
N594,PEsal,24/5/26,Pn3x7,,,,1/8,#N3F-AAC,,,,,,,,,,,13
N595,PEsal,24/5/26,Pn3x7,,,,1/8,#N3F-AAC,,,,,,,,,,,13
N596,PEsal,24/5/26,Pn3x7,,,,1/8,#N3F-AAC,,,,,,,,,,,13
N597,PEsal,24/5/26,Pn3x7,,,,1/8,#N3F-AAC,,,,,,,,,,,13
N606,LEfr,24/5/26,Pcx7,,,,1/8,#C2BEC-DEA,,,,,,,,,,,13
N607,LEfr,24/5/26,Pcx7,,,,1/8,#C2BEC-DEA,,,,,,,,,,,13
N608,LEfr,24/5/26,Pcx7,,,,1/8,#C2BEC-DEA,,,,,,,,,,,13
N609,LEfr,24/5/26,Pcx7,,,,1/8,#C2BEC-DEA,,,,,,,,,,,13
N610,LEfr,24/5/26,Pcx7,,,,1/8,#C2BEC-DEA,,,,,,,,,,,13
N611,LEfr,24/5/26,Pcx7,,,,1/8,#C2BEC-DEA,,,,,,,,,,,13
N612,LEfr,24/5/26,Pcx7,,,,1/8,#C2BEC-DEA,,,,,,,,,,,13
N613,LEfr,24/5/26,Pcx7,,,,1/8,#C2BEC-DEA,,,,,,,,,,,13
Z55,,,,,142,1,,,,,,,,,,,,,,,142,5/6/26,142,5/6/26
Z60,,,,,600,1,,,,,,,,,,,,,,,600,5/6/26,600,5/6/26
